==================== 2026-05-31T14:17:17.938617Z | 93e86dbf-6e3d-4622-934b-00c54e03e4a7 ====================
14:17:17.938949 [info ]: Starting dbt LSP server
14:17:17.939037 [info ]: Connecting to LSP client on port 8000
14:17:17.939327 [info ]: Successfully connected to LSP client
14:17:17.939351 [info ]: Creating LSP service...
14:17:18.257221 [info ]: Creating LSP server...
14:17:18.257248 [info ]: Starting LSP server...
14:17:18.277929 [info ]: Loading profiles.yml
14:17:18.309070 [info ]: Started loading project
14:17:18.309707 [info ]: Loading profiles.yml
14:17:18.924660 [debug]:    Started loading packages
14:17:18.926711 [debug]:     Loaded [  0.00s] packages
14:17:18.928293 [info ]: Started parsing
14:17:18.999911 [info ]: Finished loading project [  0.69s]
14:17:19.004265 [debug]: Finished parsing models/schema.yml [  0.00s]
14:17:19.005308 [debug]: Finished parsing models/sources.yml [  0.00s]
14:17:19.011849 [debug]: Finished parsing models/intermediate/int_admissions.sql [  0.00s]
14:17:19.013367 [debug]: Finished parsing models/intermediate/int_providers.sql [  0.00s]
14:17:19.016400 [debug]: Finished parsing models/staging/stg_admissions.sql [  0.00s]
14:17:19.020166 [debug]: Finished parsing models/staging/stg_diagnosis.sql [  0.00s]
14:17:19.022964 [debug]: Finished parsing models/staging/stg_emergency_contacts.sql [  0.00s]
14:17:19.024358 [debug]: Finished parsing models/staging/stg_lab_events.sql [  0.00s]
14:17:19.026026 [debug]: Finished parsing models/staging/stg_lab_specimen_types.sql [  0.00s]
14:17:19.040607 [debug]: Finished parsing models/staging/stg_providers.sql [  0.02s]
14:17:19.045496 [info ]: Finished parsing [  0.12s]
14:17:19.046223 [info ]: Cached model count updated: 8 models (estimate)
14:17:19.046277 [info ]: Cached model count updated: 8 models (accurate)
14:17:19.046523 [info ]: Started scheduling
14:17:19.046841 [info ]: Finished scheduling [  0.00s]
14:17:19.046889 [debug]: Compilation - 0 nodes selected: {}
14:17:19.046955 [warn ]: dbt1600: The selection criterion '' does not match any enabled nodes
14:17:19.046995 [warn ]: dbt1601: Nothing to do. Try checking your model configs and model specification args
14:17:19.047022 [info ]: Started scheduling
14:17:19.047426 [info ]: Finished scheduling [  0.00s]
14:17:19.048074 [debug]: Initializing schema store with entry: Frontier(CanonicalFqn { catalog: "RAW", schema: "PUBLIC", table: "EMERGENCY_CONTACTS" }) and interval: None
14:17:19.048182 [debug]: Initializing schema store with entry: Frontier(CanonicalFqn { catalog: "RAW", schema: "PUBLIC", table: "DIAGNOSIS" }) and interval: None
14:17:19.048223 [debug]: Initializing schema store with entry: Frontier(CanonicalFqn { catalog: "RAW", schema: "PUBLIC", table: "LAB_EVENTS" }) and interval: None
14:17:19.048240 [debug]: Initializing schema store with entry: Frontier(CanonicalFqn { catalog: "RAW", schema: "PUBLIC", table: "PROVIDERS" }) and interval: None
14:17:19.048259 [debug]: Initializing schema store with entry: Frontier(CanonicalFqn { catalog: "RAW", schema: "PUBLIC", table: "ADMISSIONS" }) and interval: None
14:17:19.048320 [debug]: Initializing schema store with entry: Frontier(CanonicalFqn { catalog: "RAW", schema: "PUBLIC", table: "LAB_SPECIMEN_TYPES" }) and interval: None
14:17:19.492965 [info ]: Started building task graph
14:17:19.493040 [info ]: Finished building task graph [  0.00s]
14:17:19.500409 [info ]: Started scheduling
14:17:19.500480 [info ]: Finished scheduling [  0.00s]
14:17:19.501176 [info ]: Cached model count updated: 8 models (accurate)
14:17:20.636496 [info ]: Started loading project
14:17:20.637127 [info ]: Loading profiles.yml
14:17:20.676157 [info ]: Cached model count updated: 8 models (estimate)
14:17:20.676185 [info ]: Cached model count updated: 8 models (accurate)
14:17:20.676244 [info ]: Started scheduling
14:17:20.676320 [info ]: Finished scheduling [  0.00s]
14:17:20.676340 [debug]: Compilation - 0 nodes selected: {}
14:17:20.676357 [warn ]: dbt1600: The selection criterion '' does not match any enabled nodes
14:17:20.676372 [warn ]: dbt1601: Nothing to do. Try checking your model configs and model specification args
14:17:21.096528 [info ]: Started building task graph
14:17:21.096567 [info ]: Finished building task graph [  0.00s]
14:17:21.104376 [info ]: Started scheduling
14:17:21.104453 [info ]: Finished scheduling [  0.00s]
14:17:21.104862 [info ]: Finished loading project [  0.47s]
14:17:21.106960 [info ]: Cached model count updated: 8 models (accurate)
14:17:22.242374 [info ]: Started loading project
14:17:22.242904 [info ]: Loading profiles.yml
14:17:22.286212 [info ]: Cached model count updated: 8 models (estimate)
14:17:22.286277 [info ]: Cached model count updated: 8 models (accurate)
14:17:22.286379 [info ]: Started scheduling
14:17:22.286943 [info ]: Finished scheduling [  0.00s]
14:17:22.287017 [debug]: Compilation - 8 nodes selected: {"model.raqib_sf.int_admissions", "model.raqib_sf.int_providers", "model.raqib_sf.stg_admissions", "model.raqib_sf.stg_diagnosis", "model.raqib_sf.stg_emergency_contacts", "model.raqib_sf.stg_lab_events", "model.raqib_sf.stg_lab_specimen_types", "model.raqib_sf.stg_providers"}
14:17:22.679465 [info ]: Started building task graph
14:17:22.679658 [info ]: Finished building task graph [  0.00s]
14:17:22.679937 [info ]: Started rendering (8 nodes)
14:17:22.680011 [info ]: Started model dbt_dev_staging.stg_lab_specimen_types
14:17:22.680060 [debug]: Started rendering model dbt_dev_staging.stg_lab_specimen_types
14:17:22.680145 [info ]: Started model dbt_dev_staging.stg_lab_events
14:17:22.680177 [info ]: Finished loading project [  0.44s]
14:17:22.680173 [debug]: Started rendering model dbt_dev_staging.stg_lab_events
14:17:22.680216 [info ]: Started model dbt_dev_staging.stg_emergency_contacts
14:17:22.680242 [debug]: Started rendering model dbt_dev_staging.stg_emergency_contacts
14:17:22.680281 [info ]: Started model dbt_dev_staging.stg_diagnosis
14:17:22.680312 [debug]: Started rendering model dbt_dev_staging.stg_diagnosis
14:17:22.680351 [info ]: Started model dbt_dev_intermediate.int_providers
14:17:22.680375 [debug]: Started rendering model dbt_dev_intermediate.int_providers
14:17:22.680405 [info ]: Started model dbt_dev_staging.stg_providers
14:17:22.680429 [debug]: Started rendering model dbt_dev_staging.stg_providers
14:17:22.680466 [info ]: Started model dbt_dev_intermediate.int_admissions
14:17:22.680491 [debug]: Started rendering model dbt_dev_intermediate.int_admissions
14:17:22.680531 [info ]: Started model dbt_dev_staging.stg_admissions
14:17:22.680551 [debug]: Started rendering model dbt_dev_staging.stg_admissions
14:17:22.683247 [debug]: Compiled SQL for node model.raqib_sf.stg_diagnosis at target/.lsp/compiled/models/staging/stg_diagnosis.sql
14:17:22.683355 [debug]: Compiled SQL for node model.raqib_sf.int_providers at target/.lsp/compiled/models/intermediate/int_providers.sql
14:17:22.683513 [debug]: Compiled SQL for node model.raqib_sf.int_admissions at target/.lsp/compiled/models/intermediate/int_admissions.sql
14:17:22.683719 [debug]: Compiled SQL for node model.raqib_sf.stg_emergency_contacts at target/.lsp/compiled/models/staging/stg_emergency_contacts.sql
14:17:22.683722 [debug]: Finished rendering [  0.00s] model dbt_dev_staging.stg_diagnosis [success]
14:17:22.683830 [info ]: Started analyzing (8 nodes)
14:17:22.683839 [debug]: Compiled SQL for node model.raqib_sf.stg_lab_specimen_types at target/.lsp/compiled/models/staging/stg_lab_specimen_types.sql
14:17:22.683852 [debug]: Started analyzing model dbt_dev_staging.stg_diagnosis
14:17:22.683897 [debug]: Finished rendering [  0.00s] model dbt_dev_intermediate.int_providers [success]
14:17:22.683938 [debug]: Started analyzing model dbt_dev_intermediate.int_providers
14:17:22.683976 [debug]: Finished rendering [  0.00s] model dbt_dev_intermediate.int_admissions [success]
14:17:22.684034 [debug]: Started analyzing model dbt_dev_intermediate.int_admissions
14:17:22.684074 [debug]: Finished rendering [  0.00s] model dbt_dev_staging.stg_emergency_contacts [success]
14:17:22.684103 [debug]: Started analyzing model dbt_dev_staging.stg_emergency_contacts
14:17:22.684212 [debug]: Finished rendering [  0.00s] model dbt_dev_staging.stg_lab_specimen_types [success]
14:17:22.684254 [debug]: Started analyzing model dbt_dev_staging.stg_lab_specimen_types
14:17:22.684418 [debug]: Compiled SQL for node model.raqib_sf.stg_lab_events at target/.lsp/compiled/models/staging/stg_lab_events.sql
14:17:22.684675 [debug]: Started analyzing model dbt_dev_staging.stg_lab_events
14:17:22.684943 [debug]: Finished rendering [  0.00s] model dbt_dev_staging.stg_lab_events [success]
14:17:22.685165 [debug]: Compiled SQL for node model.raqib_sf.stg_providers at target/.lsp/compiled/models/staging/stg_providers.sql
14:17:22.685505 [debug]: Compiled SQL for node model.raqib_sf.stg_admissions at target/.lsp/compiled/models/staging/stg_admissions.sql
14:17:22.685734 [debug]: Finished rendering [  0.01s] model dbt_dev_staging.stg_providers [success]
14:17:22.685984 [debug]: Started analyzing model dbt_dev_staging.stg_providers
14:17:22.686268 [debug]: Finished rendering [  0.01s] model dbt_dev_staging.stg_admissions [success]
14:17:22.686293 [info ]: Finished rendering [  0.01s] (8 nodes, 0 skipped, 0 errors)
14:17:22.686328 [debug]: Started analyzing model dbt_dev_staging.stg_admissions
14:17:22.706166 [info ]:  Succeeded [  0.03s] model dbt_dev_staging.stg_lab_specimen_types (view)
14:17:22.706230 [debug]: Finished analyzing [  0.02s] model dbt_dev_staging.stg_lab_specimen_types [success]
14:17:22.711529 [info ]:  Succeeded [  0.03s] model dbt_dev_intermediate.int_providers (view)
14:17:22.711580 [debug]: Finished analyzing [  0.03s] model dbt_dev_intermediate.int_providers [success]
14:17:22.713318 [info ]:  Succeeded [  0.03s] model dbt_dev_staging.stg_emergency_contacts (view)
14:17:22.713374 [debug]: Finished analyzing [  0.03s] model dbt_dev_staging.stg_emergency_contacts [success]
14:17:22.714818 [info ]:  Succeeded [  0.03s] model dbt_dev_intermediate.int_admissions (view)
14:17:22.714854 [debug]: Finished analyzing [  0.03s] model dbt_dev_intermediate.int_admissions [success]
14:17:22.718681 [info ]:  Succeeded [  0.04s] model dbt_dev_staging.stg_lab_events (view)
14:17:22.718781 [debug]: Finished analyzing [  0.03s] model dbt_dev_staging.stg_lab_events [success]
14:17:22.726063 [info ]:  Succeeded [  0.04s] model dbt_dev_staging.stg_admissions (view)
14:17:22.726118 [debug]: Finished analyzing [  0.04s] model dbt_dev_staging.stg_admissions [success]
14:17:22.738300 [info ]:  Succeeded [  0.06s] model dbt_dev_staging.stg_providers (view)
14:17:22.738345 [debug]: Finished analyzing [  0.05s] model dbt_dev_staging.stg_providers [success]
14:17:22.767596 [info ]:  Succeeded [  0.09s] model dbt_dev_staging.stg_diagnosis (view)
14:17:22.767636 [debug]: Finished analyzing [  0.08s] model dbt_dev_staging.stg_diagnosis [success]
14:17:22.767648 [info ]: Finished analyzing [  0.08s] (8 nodes, 0 skipped, 0 errors)
14:17:22.775919 [info ]: Started scheduling
14:17:22.775993 [info ]: Finished scheduling [  0.00s]
14:17:22.778982 [info ]: Cached model count updated: 8 models (accurate)
14:17:25.658026 [info ]: Loading profiles.yml
14:17:25.675743 [info ]: Started loading project
14:17:25.676158 [info ]: Loading profiles.yml
14:17:25.680179 [info ]: Started loading project
14:17:25.680631 [info ]: Loading profiles.yml
14:17:25.680683 [info ]: Finished loading project [  0.00s]
14:17:26.148720 [debug]:    Started loading packages
14:17:26.150530 [debug]:     Loaded [  0.00s] packages
14:17:26.151788 [info ]: Started parsing
14:17:26.202882 [info ]: Finished loading project [  0.52s]
14:17:26.205833 [debug]: Finished parsing models/schema.yml [  0.00s]
14:17:26.206821 [debug]: Finished parsing models/sources.yml [  0.00s]
14:17:26.209701 [debug]: Finished parsing models/intermediate/int_admissions.sql [  0.00s]
14:17:26.210595 [debug]: Finished parsing models/intermediate/int_providers.sql [  0.00s]
14:17:26.211431 [debug]: Finished parsing models/staging/stg_admissions.sql [  0.00s]
14:17:26.212468 [debug]: Finished parsing models/staging/stg_diagnosis.sql [  0.00s]
14:17:26.213674 [debug]: Finished parsing models/staging/stg_emergency_contacts.sql [  0.00s]
14:17:26.214749 [debug]: Finished parsing models/staging/stg_lab_events.sql [  0.00s]
14:17:26.215634 [debug]: Finished parsing models/staging/stg_lab_specimen_types.sql [  0.00s]
14:17:26.224061 [debug]: Finished parsing models/staging/stg_providers.sql [  0.01s]
14:17:26.226035 [info ]: Finished parsing [  0.07s]
14:17:26.226333 [info ]: Cached model count updated: 8 models (estimate)
14:17:26.226351 [info ]: Cached model count updated: 8 models (accurate)
14:17:26.226394 [info ]: Started scheduling
14:17:26.226460 [info ]: Finished scheduling [  0.00s]
14:17:26.226475 [debug]: Compilation - 0 nodes selected: {}
14:17:26.226490 [warn ]: dbt1600: The selection criterion '' does not match any enabled nodes
14:17:26.226502 [warn ]: dbt1601: Nothing to do. Try checking your model configs and model specification args
14:17:26.226542 [info ]: Started scheduling
14:17:26.226715 [info ]: Finished scheduling [  0.00s]
14:17:26.226794 [debug]: Initializing schema store with entry: Frontier(CanonicalFqn { catalog: "RAW", schema: "PUBLIC", table: "LAB_EVENTS" }) and interval: None
14:17:26.226832 [debug]: Initializing schema store with entry: Frontier(CanonicalFqn { catalog: "RAW", schema: "PUBLIC", table: "LAB_SPECIMEN_TYPES" }) and interval: None
14:17:26.226846 [debug]: Initializing schema store with entry: Frontier(CanonicalFqn { catalog: "RAW", schema: "PUBLIC", table: "DIAGNOSIS" }) and interval: None
14:17:26.226859 [debug]: Initializing schema store with entry: Frontier(CanonicalFqn { catalog: "RAW", schema: "PUBLIC", table: "ADMISSIONS" }) and interval: None
14:17:26.226870 [debug]: Initializing schema store with entry: Frontier(CanonicalFqn { catalog: "RAW", schema: "PUBLIC", table: "PROVIDERS" }) and interval: None
14:17:26.226880 [debug]: Initializing schema store with entry: Frontier(CanonicalFqn { catalog: "RAW", schema: "PUBLIC", table: "EMERGENCY_CONTACTS" }) and interval: None
14:17:26.643591 [info ]: Started building task graph
14:17:26.643631 [info ]: Finished building task graph [  0.00s]
14:17:26.651215 [info ]: Started scheduling
14:17:26.651298 [info ]: Finished scheduling [  0.00s]
14:17:26.652225 [info ]: Cached model count updated: 8 models (accurate)
14:17:27.880137 [info ]: Started loading project
14:17:27.880864 [info ]: Loading profiles.yml
14:17:27.962808 [info ]: Cached model count updated: 8 models (estimate)
14:17:27.962866 [info ]: Cached model count updated: 8 models (accurate)
14:17:27.962949 [info ]: Started scheduling
14:17:27.963247 [info ]: Finished scheduling [  0.00s]
14:17:27.963277 [debug]: Compilation - 8 nodes selected: {"model.raqib_sf.int_admissions", "model.raqib_sf.int_providers", "model.raqib_sf.stg_admissions", "model.raqib_sf.stg_diagnosis", "model.raqib_sf.stg_emergency_contacts", "model.raqib_sf.stg_lab_events", "model.raqib_sf.stg_lab_specimen_types", "model.raqib_sf.stg_providers"}
14:17:28.730147 [info ]: Started building task graph
14:17:28.730363 [info ]: Finished building task graph [  0.00s]
14:17:28.730956 [info ]: Started rendering (8 nodes)
14:17:28.730998 [info ]: Started model dbt_dev_staging.stg_lab_specimen_types
14:17:28.731029 [debug]: Started rendering model dbt_dev_staging.stg_lab_specimen_types
14:17:28.731083 [info ]: Started model dbt_dev_staging.stg_lab_events
14:17:28.731108 [debug]: Started rendering model dbt_dev_staging.stg_lab_events
14:17:28.731144 [info ]: Started model dbt_dev_staging.stg_emergency_contacts
14:17:28.731166 [debug]: Started rendering model dbt_dev_staging.stg_emergency_contacts
14:17:28.731201 [info ]: Started model dbt_dev_staging.stg_diagnosis
14:17:28.731186 [info ]: Finished loading project [  0.85s]
14:17:28.731229 [debug]: Started rendering model dbt_dev_staging.stg_diagnosis
14:17:28.731258 [info ]: Started model dbt_dev_staging.stg_providers
14:17:28.731278 [debug]: Started rendering model dbt_dev_staging.stg_providers
14:17:28.731397 [info ]: Started model dbt_dev_staging.stg_admissions
14:17:28.731461 [debug]: Started rendering model dbt_dev_staging.stg_admissions
14:17:28.734719 [debug]: Compiled SQL for node model.raqib_sf.stg_admissions at target/.lsp/compiled/models/staging/stg_admissions.sql
14:17:28.734782 [debug]: Compiled SQL for node model.raqib_sf.stg_diagnosis at target/.lsp/compiled/models/staging/stg_diagnosis.sql
14:17:28.734875 [debug]: Compiled SQL for node model.raqib_sf.stg_emergency_contacts at target/.lsp/compiled/models/staging/stg_emergency_contacts.sql
14:17:28.734977 [debug]: Compiled SQL for node model.raqib_sf.stg_providers at target/.lsp/compiled/models/staging/stg_providers.sql
14:17:28.735115 [debug]: Finished rendering [  0.00s] model dbt_dev_staging.stg_admissions [success]
14:17:28.735157 [debug]: Compiled SQL for node model.raqib_sf.stg_lab_specimen_types at target/.lsp/compiled/models/staging/stg_lab_specimen_types.sql
14:17:28.735204 [info ]: Started model dbt_dev_intermediate.int_admissions
14:17:28.735260 [debug]: Started rendering model dbt_dev_intermediate.int_admissions
14:17:28.735323 [info ]: Started analyzing (8 nodes)
14:17:28.735337 [debug]: Started analyzing model dbt_dev_staging.stg_admissions
14:17:28.735421 [debug]: Finished rendering [  0.00s] model dbt_dev_staging.stg_emergency_contacts [success]
14:17:28.735460 [debug]: Started analyzing model dbt_dev_staging.stg_emergency_contacts
14:17:28.735503 [debug]: Finished rendering [  0.00s] model dbt_dev_staging.stg_providers [success]
14:17:28.735550 [debug]: Started analyzing model dbt_dev_staging.stg_providers
14:17:28.735583 [info ]: Started model dbt_dev_intermediate.int_providers
14:17:28.735605 [debug]: Started rendering model dbt_dev_intermediate.int_providers
14:17:28.735637 [debug]: Finished rendering [  0.00s] model dbt_dev_staging.stg_diagnosis [success]
14:17:28.735668 [debug]: Started analyzing model dbt_dev_staging.stg_diagnosis
14:17:28.735694 [debug]: Finished rendering [  0.00s] model dbt_dev_staging.stg_lab_specimen_types [success]
14:17:28.735718 [debug]: Started analyzing model dbt_dev_staging.stg_lab_specimen_types
14:17:28.736013 [info ]:  Succeeded [  0.00s] model dbt_dev_staging.stg_emergency_contacts (ephemeral)
14:17:28.736072 [debug]: Compiled SQL for node model.raqib_sf.stg_lab_events at target/.lsp/compiled/models/staging/stg_lab_events.sql
14:17:28.736152 [debug]: Finished analyzing [  0.00s] model dbt_dev_staging.stg_emergency_contacts [success]
14:17:28.736732 [info ]:  Succeeded [  0.01s] model dbt_dev_staging.stg_lab_specimen_types (ephemeral)
14:17:28.736780 [debug]: Finished analyzing [  0.00s] model dbt_dev_staging.stg_lab_specimen_types [success]
14:17:28.736816 [debug]: Finished rendering [  0.01s] model dbt_dev_staging.stg_lab_events [success]
14:17:28.736849 [debug]: Started analyzing model dbt_dev_staging.stg_lab_events
14:17:28.737202 [info ]:  Succeeded [  0.00s] model dbt_dev_staging.stg_admissions (ephemeral)
14:17:28.737243 [debug]: Finished analyzing [  0.00s] model dbt_dev_staging.stg_admissions [success]
14:17:28.738511 [debug]: Compiled SQL for node model.raqib_sf.int_admissions at target/.lsp/compiled/models/intermediate/int_admissions.sql
14:17:28.738749 [debug]: Compiled SQL for node model.raqib_sf.int_providers at target/.lsp/compiled/models/intermediate/int_providers.sql
14:17:28.738856 [debug]: Finished rendering [  0.00s] model dbt_dev_intermediate.int_admissions [success]
14:17:28.738900 [debug]: Started analyzing model dbt_dev_intermediate.int_admissions
14:17:28.738954 [debug]: Finished rendering [  0.00s] model dbt_dev_intermediate.int_providers [success]
14:17:28.738971 [info ]: Finished rendering [  0.01s] (8 nodes, 0 skipped, 0 errors)
14:17:28.738996 [debug]: Started analyzing model dbt_dev_intermediate.int_providers
14:17:28.739478 [info ]:  Succeeded [  0.01s] model dbt_dev_staging.stg_lab_events (ephemeral)
14:17:28.739520 [debug]: Finished analyzing [  0.00s] model dbt_dev_staging.stg_lab_events [success]
14:17:28.742817 [info ]:  Succeeded [  0.01s] model dbt_dev_staging.stg_providers (ephemeral)
14:17:28.742876 [debug]: Finished analyzing [  0.01s] model dbt_dev_staging.stg_providers [success]
14:17:28.747275 [info ]:  Succeeded [  0.01s] model dbt_dev_intermediate.int_admissions (view)
14:17:28.747341 [debug]: Finished analyzing [  0.01s] model dbt_dev_intermediate.int_admissions [success]
14:17:28.752020 [info ]:  Succeeded [  0.02s] model dbt_dev_intermediate.int_providers (view)
14:17:28.752074 [debug]: Finished analyzing [  0.01s] model dbt_dev_intermediate.int_providers [success]
14:17:28.763273 [info ]:  Succeeded [  0.03s] model dbt_dev_staging.stg_diagnosis (ephemeral)
14:17:28.763352 [debug]: Finished analyzing [  0.03s] model dbt_dev_staging.stg_diagnosis [success]
14:17:28.763374 [info ]: Finished analyzing [  0.03s] (8 nodes, 0 skipped, 0 errors)
14:17:28.777977 [info ]: Started scheduling
14:17:28.778074 [info ]: Finished scheduling [  0.00s]
14:17:28.783078 [info ]: Cached model count updated: 8 models (accurate)
16:02:34.042222 [info ]: Started loading project
16:02:34.044715 [info ]: Loading profiles.yml
16:02:34.053145 [info ]: Started loading project
16:02:34.053607 [info ]: Loading profiles.yml
16:02:34.053684 [info ]: Finished loading project [  0.01s]
16:02:34.596272 [debug]:    Started loading packages
16:02:34.597851 [debug]:     Loaded [  0.00s] packages
16:02:34.599601 [info ]: Started parsing
16:02:34.674271 [info ]: Finished loading project [  0.62s]
16:02:34.678649 [debug]: Finished parsing models/schema.yml [  0.00s]
16:02:34.679577 [debug]: Finished parsing models/sources.yml [  0.00s]
16:02:34.683197 [debug]: Finished parsing models/intermediate/int_admissions.sql [  0.00s]
16:02:34.684130 [debug]: Finished parsing models/intermediate/int_providers.sql [  0.00s]
16:02:34.685328 [debug]: Finished parsing models/staging/stg_admissions.sql [  0.00s]
16:02:34.686524 [debug]: Finished parsing models/staging/stg_diagnosis.sql [  0.00s]
16:02:34.687444 [debug]: Finished parsing models/staging/stg_emergency_contacts.sql [  0.00s]
16:02:34.688283 [debug]: Finished parsing models/staging/stg_lab_events.sql [  0.00s]
16:02:34.689061 [debug]: Finished parsing models/staging/stg_lab_specimen_types.sql [  0.00s]
16:02:34.691017 [debug]: Finished parsing models/staging/stg_patients.sql [  0.00s]
16:02:34.700483 [debug]: Finished parsing models/staging/stg_providers.sql [  0.01s]
16:02:34.703008 [info ]: Finished parsing [  0.10s]
16:02:34.703487 [info ]: Cached model count updated: 9 models (estimate)
16:02:34.703509 [info ]: Cached model count updated: 9 models (accurate)
16:02:34.703586 [info ]: Started scheduling
16:02:34.703664 [info ]: Finished scheduling [  0.00s]
16:02:34.703695 [debug]: Compilation - 0 nodes selected: {}
16:02:34.703713 [warn ]: dbt1600: The selection criterion '' does not match any enabled nodes
16:02:34.703724 [warn ]: dbt1601: Nothing to do. Try checking your model configs and model specification args
16:02:34.703735 [info ]: Started scheduling
16:02:34.703917 [info ]: Finished scheduling [  0.00s]
16:02:34.704199 [debug]: Initializing schema store with entry: Frontier(CanonicalFqn { catalog: "RAW", schema: "PUBLIC", table: "LAB_SPECIMEN_TYPES" }) and interval: None
16:02:34.704246 [debug]: Initializing schema store with entry: Frontier(CanonicalFqn { catalog: "RAW", schema: "PUBLIC", table: "ADMISSIONS" }) and interval: None
16:02:34.704262 [debug]: Initializing schema store with entry: Frontier(CanonicalFqn { catalog: "RAW", schema: "PUBLIC", table: "LAB_EVENTS" }) and interval: None
16:02:34.704275 [debug]: Initializing schema store with entry: Frontier(CanonicalFqn { catalog: "RAW", schema: "PUBLIC", table: "DIAGNOSIS" }) and interval: None
16:02:34.704287 [debug]: Initializing schema store with entry: Frontier(CanonicalFqn { catalog: "RAW", schema: "PUBLIC", table: "PROVIDERS" }) and interval: None
16:02:34.704300 [debug]: Initializing schema store with entry: Frontier(CanonicalFqn { catalog: "RAW", schema: "PUBLIC", table: "EMERGENCY_CONTACTS" }) and interval: None
16:02:35.102130 [info ]: Started building task graph
16:02:35.102184 [info ]: Finished building task graph [  0.00s]
16:02:35.109632 [info ]: Started scheduling
16:02:35.109703 [info ]: Finished scheduling [  0.00s]
16:02:35.118413 [info ]: Cached model count updated: 9 models (accurate)
16:02:36.247271 [info ]: Started loading project
16:02:36.247705 [info ]: Loading profiles.yml
16:02:36.295756 [info ]: Cached model count updated: 9 models (estimate)
16:02:36.295781 [info ]: Cached model count updated: 9 models (accurate)
16:02:36.295829 [info ]: Started scheduling
16:02:36.296023 [info ]: Finished scheduling [  0.00s]
16:02:36.296045 [debug]: Compilation - 8 nodes selected: {"model.raqib_sf.int_admissions", "model.raqib_sf.int_providers", "model.raqib_sf.stg_admissions", "model.raqib_sf.stg_diagnosis", "model.raqib_sf.stg_emergency_contacts", "model.raqib_sf.stg_lab_events", "model.raqib_sf.stg_lab_specimen_types", "model.raqib_sf.stg_providers"}
16:02:36.749761 [info ]: Started building task graph
16:02:36.749945 [info ]: Finished building task graph [  0.00s]
16:02:36.750256 [info ]: Started rendering (8 nodes)
16:02:36.750295 [info ]: Started model dbt_dev_staging.stg_lab_specimen_types
16:02:36.750344 [debug]: Started rendering model dbt_dev_staging.stg_lab_specimen_types
16:02:36.750379 [info ]: Started model dbt_dev_staging.stg_lab_events
16:02:36.750396 [debug]: Started rendering model dbt_dev_staging.stg_lab_events
16:02:36.750416 [info ]: Finished loading project [  0.50s]
16:02:36.750418 [info ]: Started model dbt_dev_staging.stg_emergency_contacts
16:02:36.750437 [debug]: Started rendering model dbt_dev_staging.stg_emergency_contacts
16:02:36.750501 [info ]: Started model dbt_dev_staging.stg_diagnosis
16:02:36.750558 [debug]: Started rendering model dbt_dev_staging.stg_diagnosis
16:02:36.750652 [info ]: Started model dbt_dev_staging.stg_providers
16:02:36.750694 [debug]: Started rendering model dbt_dev_staging.stg_providers
16:02:36.750748 [info ]: Started model dbt_dev_staging.stg_admissions
16:02:36.750774 [debug]: Started rendering model dbt_dev_staging.stg_admissions
16:02:36.755615 [debug]: Compiled SQL for node model.raqib_sf.stg_emergency_contacts at target/.lsp/compiled/models/staging/stg_emergency_contacts.sql
16:02:36.755595 [debug]: Compiled SQL for node model.raqib_sf.stg_providers at target/.lsp/compiled/models/staging/stg_providers.sql
16:02:36.755606 [debug]: Compiled SQL for node model.raqib_sf.stg_lab_events at target/.lsp/compiled/models/staging/stg_lab_events.sql
16:02:36.755664 [debug]: Compiled SQL for node model.raqib_sf.stg_diagnosis at target/.lsp/compiled/models/staging/stg_diagnosis.sql
16:02:36.755593 [debug]: Compiled SQL for node model.raqib_sf.stg_lab_specimen_types at target/.lsp/compiled/models/staging/stg_lab_specimen_types.sql
16:02:36.755878 [debug]: Compiled SQL for node model.raqib_sf.stg_admissions at target/.lsp/compiled/models/staging/stg_admissions.sql
16:02:36.756343 [debug]: Finished rendering [  0.01s] model dbt_dev_staging.stg_lab_specimen_types [success]
16:02:36.756406 [info ]: Started analyzing (8 nodes)
16:02:36.756423 [debug]: Started analyzing model dbt_dev_staging.stg_lab_specimen_types
16:02:36.756467 [debug]: Finished rendering [  0.01s] model dbt_dev_staging.stg_diagnosis [success]
16:02:36.756503 [debug]: Started analyzing model dbt_dev_staging.stg_diagnosis
16:02:36.756542 [debug]: Finished rendering [  0.01s] model dbt_dev_staging.stg_providers [success]
16:02:36.756577 [debug]: Started analyzing model dbt_dev_staging.stg_providers
16:02:36.756610 [info ]: Started model dbt_dev_intermediate.int_providers
16:02:36.756655 [debug]: Started rendering model dbt_dev_intermediate.int_providers
16:02:36.756691 [debug]: Finished rendering [  0.01s] model dbt_dev_staging.stg_emergency_contacts [success]
16:02:36.756761 [debug]: Started analyzing model dbt_dev_staging.stg_emergency_contacts
16:02:36.756829 [debug]: Finished rendering [  0.01s] model dbt_dev_staging.stg_lab_events [success]
16:02:36.756865 [debug]: Started analyzing model dbt_dev_staging.stg_lab_events
16:02:36.756897 [debug]: Finished rendering [  0.01s] model dbt_dev_staging.stg_admissions [success]
16:02:36.756926 [debug]: Started analyzing model dbt_dev_staging.stg_admissions
16:02:36.756957 [info ]: Started model dbt_dev_intermediate.int_admissions
16:02:36.756981 [debug]: Started rendering model dbt_dev_intermediate.int_admissions
16:02:36.759138 [debug]: Compiled SQL for node model.raqib_sf.int_providers at target/.lsp/compiled/models/intermediate/int_providers.sql
16:02:36.759901 [debug]: Compiled SQL for node model.raqib_sf.int_admissions at target/.lsp/compiled/models/intermediate/int_admissions.sql
16:02:36.760416 [debug]: Finished rendering [  0.00s] model dbt_dev_intermediate.int_providers [success]
16:02:36.760517 [debug]: Started analyzing model dbt_dev_intermediate.int_providers
16:02:36.760602 [info ]:  Succeeded [  0.01s] model dbt_dev_staging.stg_lab_specimen_types (ephemeral)
16:02:36.760646 [debug]: Finished analyzing [  0.00s] model dbt_dev_staging.stg_lab_specimen_types [success]
16:02:36.760708 [info ]:  Succeeded [  0.01s] model dbt_dev_staging.stg_emergency_contacts (ephemeral)
16:02:36.760768 [debug]: Finished analyzing [  0.00s] model dbt_dev_staging.stg_emergency_contacts [success]
16:02:36.760838 [debug]: Finished rendering [  0.00s] model dbt_dev_intermediate.int_admissions [success]
16:02:36.760861 [info ]: Finished rendering [  0.01s] (8 nodes, 0 skipped, 0 errors)
16:02:36.760889 [debug]: Started analyzing model dbt_dev_intermediate.int_admissions
16:02:36.761921 [info ]:  Succeeded [  0.01s] model dbt_dev_staging.stg_admissions (ephemeral)
16:02:36.761967 [debug]: Finished analyzing [  0.01s] model dbt_dev_staging.stg_admissions [success]
16:02:36.762245 [info ]:  Succeeded [  0.00s] model dbt_dev_intermediate.int_admissions (view)
16:02:36.762275 [debug]: Finished analyzing [  0.00s] model dbt_dev_intermediate.int_admissions [success]
16:02:36.762605 [info ]:  Succeeded [  0.01s] model dbt_dev_staging.stg_lab_events (ephemeral)
16:02:36.762631 [debug]: Finished analyzing [  0.01s] model dbt_dev_staging.stg_lab_events [success]
16:02:36.764793 [info ]:  Succeeded [  0.01s] model dbt_dev_staging.stg_providers (ephemeral)
16:02:36.764832 [debug]: Finished analyzing [  0.01s] model dbt_dev_staging.stg_providers [success]
16:02:36.764853 [info ]:  Succeeded [  0.01s] model dbt_dev_intermediate.int_providers (view)
16:02:36.764877 [debug]: Finished analyzing [  0.00s] model dbt_dev_intermediate.int_providers [success]
16:02:36.778477 [info ]:  Succeeded [  0.03s] model dbt_dev_staging.stg_diagnosis (ephemeral)
16:02:36.778525 [debug]: Finished analyzing [  0.02s] model dbt_dev_staging.stg_diagnosis [success]
16:02:36.778539 [info ]: Finished analyzing [  0.02s] (8 nodes, 0 skipped, 0 errors)
16:02:36.786403 [info ]: Started scheduling
16:02:36.786478 [info ]: Finished scheduling [  0.00s]
16:02:36.790561 [info ]: Cached model count updated: 9 models (accurate)
16:03:11.196045 [info ]: Started loading project
16:03:11.196859 [info ]: Loading profiles.yml
16:03:11.203386 [info ]: Started parsing
16:03:11.243430 [info ]: Finished loading project [  0.05s]
16:03:11.247996 [debug]: Finished parsing models/staging/stg_patients.sql [  0.00s]
16:03:11.250141 [info ]: Finished parsing [  0.05s]
16:03:11.252425 [info ]: Cached model count updated: 9 models (estimate)
16:03:11.252442 [info ]: Cached model count updated: 9 models (accurate)
16:03:11.252495 [info ]: Started scheduling
16:03:11.252640 [info ]: Finished scheduling [  0.00s]
16:03:11.252658 [debug]: Compilation - 1 nodes selected: {"model.raqib_sf.stg_patients"}
16:03:11.654670 [info ]: Started building task graph
16:03:11.654732 [info ]: Finished building task graph [  0.00s]
16:03:11.654870 [info ]: Started rendering (1 nodes)
16:03:11.654892 [info ]: Started model dbt_dev_staging.stg_patients
16:03:11.654908 [debug]: Started rendering model dbt_dev_staging.stg_patients
16:03:11.656804 [debug]: Compiled SQL for node model.raqib_sf.stg_patients at target/.lsp/compiled/models/staging/stg_patients.sql
16:03:11.657464 [debug]: Finished rendering [  0.00s] model dbt_dev_staging.stg_patients [success]
16:03:11.657517 [info ]: Finished rendering [  0.00s] (1 nodes, 0 skipped, 0 errors)
16:03:11.657559 [info ]: Started analyzing (1 nodes)
16:03:11.657576 [debug]: Started analyzing model dbt_dev_staging.stg_patients
16:03:11.689970 [info ]:  Succeeded [  0.03s] model dbt_dev_staging.stg_patients (ephemeral)
16:03:11.690027 [debug]: Finished analyzing [  0.03s] model dbt_dev_staging.stg_patients [success]
16:03:11.690046 [info ]: Finished analyzing [  0.03s] (1 nodes, 0 skipped, 0 errors)
16:03:11.697351 [info ]: Started scheduling
16:03:11.697492 [info ]: Finished scheduling [  0.00s]
16:03:11.699619 [info ]: Cached model count updated: 9 models (accurate)
16:03:12.844097 [info ]: Started loading project
16:03:12.844734 [info ]: Loading profiles.yml
16:03:12.883157 [info ]: Cached model count updated: 9 models (estimate)
16:03:12.883182 [info ]: Cached model count updated: 9 models (accurate)
16:03:12.883236 [info ]: Started scheduling
16:03:12.883393 [info ]: Finished scheduling [  0.00s]
16:03:12.883417 [debug]: Compilation - 1 nodes selected: {"model.raqib_sf.stg_patients"}
16:03:13.297196 [info ]: Started building task graph
16:03:13.297260 [info ]: Finished building task graph [  0.00s]
16:03:13.297401 [info ]: Started rendering (1 nodes)
16:03:13.297435 [info ]: Started model dbt_dev_staging.stg_patients
16:03:13.297452 [debug]: Started rendering model dbt_dev_staging.stg_patients
16:03:13.297501 [info ]: Finished loading project [  0.45s]
16:03:13.297811 [debug]: Compiled SQL for node model.raqib_sf.stg_patients at target/.lsp/compiled/models/staging/stg_patients.sql
16:03:13.297974 [debug]: Finished rendering [  0.00s] model dbt_dev_staging.stg_patients [success]
16:03:13.297994 [info ]: Finished rendering [  0.00s] (1 nodes, 0 skipped, 0 errors)
16:03:13.298016 [info ]: Started analyzing (1 nodes)
16:03:13.298025 [debug]: Started analyzing model dbt_dev_staging.stg_patients
16:03:13.305616 [info ]:  Succeeded [  0.01s] model dbt_dev_staging.stg_patients (ephemeral)
16:03:13.305899 [debug]: Finished analyzing [  0.01s] model dbt_dev_staging.stg_patients [success]
16:03:13.305923 [info ]: Finished analyzing [  0.01s] (1 nodes, 0 skipped, 0 errors)
16:03:13.315965 [info ]: Started scheduling
16:03:13.316039 [info ]: Finished scheduling [  0.00s]
16:03:13.319177 [info ]: Cached model count updated: 9 models (accurate)
16:03:14.456296 [info ]: Started loading project
16:03:14.457221 [info ]: Loading profiles.yml
16:03:14.504318 [info ]: Cached model count updated: 9 models (estimate)
16:03:14.504345 [info ]: Cached model count updated: 9 models (accurate)
16:03:14.504396 [info ]: Started scheduling
16:03:14.504613 [info ]: Finished scheduling [  0.00s]
16:03:14.504635 [debug]: Compilation - 9 nodes selected: {"model.raqib_sf.int_admissions", "model.raqib_sf.int_providers", "model.raqib_sf.stg_admissions", "model.raqib_sf.stg_diagnosis", "model.raqib_sf.stg_emergency_contacts", "model.raqib_sf.stg_lab_events", "model.raqib_sf.stg_lab_specimen_types", "model.raqib_sf.stg_patients", "model.raqib_sf.stg_providers"}
16:03:15.127253 [info ]: Started building task graph
16:03:15.127416 [info ]: Finished building task graph [  0.00s]
16:03:15.127678 [info ]: Started rendering (9 nodes)
16:03:15.127722 [info ]: Started model dbt_dev_staging.stg_patients
16:03:15.127750 [debug]: Started rendering model dbt_dev_staging.stg_patients
16:03:15.127796 [info ]: Started model dbt_dev_staging.stg_lab_specimen_types
16:03:15.127821 [info ]: Finished loading project [  0.67s]
16:03:15.127822 [debug]: Started rendering model dbt_dev_staging.stg_lab_specimen_types
16:03:15.127874 [info ]: Started model dbt_dev_staging.stg_lab_events
16:03:15.127899 [debug]: Started rendering model dbt_dev_staging.stg_lab_events
16:03:15.127930 [info ]: Started model dbt_dev_staging.stg_emergency_contacts
16:03:15.127951 [debug]: Started rendering model dbt_dev_staging.stg_emergency_contacts
16:03:15.127980 [info ]: Started model dbt_dev_staging.stg_diagnosis
16:03:15.128002 [debug]: Started rendering model dbt_dev_staging.stg_diagnosis
16:03:15.128031 [info ]: Started model dbt_dev_staging.stg_providers
16:03:15.128054 [debug]: Started rendering model dbt_dev_staging.stg_providers
16:03:15.128118 [info ]: Started model dbt_dev_staging.stg_admissions
16:03:15.128140 [debug]: Started rendering model dbt_dev_staging.stg_admissions
16:03:15.128349 [debug]: Compiled SQL for node model.raqib_sf.stg_patients at target/.lsp/compiled/models/staging/stg_patients.sql
16:03:15.129094 [debug]: Finished rendering [  0.00s] model dbt_dev_staging.stg_patients [success]
16:03:15.129131 [info ]: Started analyzing (9 nodes)
16:03:15.129144 [debug]: Started analyzing model dbt_dev_staging.stg_patients
16:03:15.130096 [debug]: Compiled SQL for node model.raqib_sf.stg_diagnosis at target/.lsp/compiled/models/staging/stg_diagnosis.sql
16:03:15.130441 [debug]: Finished rendering [  0.00s] model dbt_dev_staging.stg_diagnosis [success]
16:03:15.130486 [debug]: Started analyzing model dbt_dev_staging.stg_diagnosis
16:03:15.130520 [debug]: Compiled SQL for node model.raqib_sf.stg_lab_specimen_types at target/.lsp/compiled/models/staging/stg_lab_specimen_types.sql
16:03:15.130702 [debug]: Compiled SQL for node model.raqib_sf.stg_emergency_contacts at target/.lsp/compiled/models/staging/stg_emergency_contacts.sql
16:03:15.131085 [debug]: Compiled SQL for node model.raqib_sf.stg_lab_events at target/.lsp/compiled/models/staging/stg_lab_events.sql
16:03:15.131397 [debug]: Finished rendering [  0.00s] model dbt_dev_staging.stg_emergency_contacts [success]
16:03:15.131441 [debug]: Started analyzing model dbt_dev_staging.stg_emergency_contacts
16:03:15.131505 [debug]: Compiled SQL for node model.raqib_sf.stg_providers at target/.lsp/compiled/models/staging/stg_providers.sql
16:03:15.132018 [debug]: Finished rendering [  0.00s] model dbt_dev_staging.stg_lab_events [success]
16:03:15.132090 [debug]: Started analyzing model dbt_dev_staging.stg_lab_events
16:03:15.132128 [info ]:  Succeeded [  0.00s] model dbt_dev_staging.stg_emergency_contacts (ephemeral)
16:03:15.132165 [debug]: Finished analyzing [  0.00s] model dbt_dev_staging.stg_emergency_contacts [success]
16:03:15.132194 [debug]: Finished rendering [  0.00s] model dbt_dev_staging.stg_lab_specimen_types [success]
16:03:15.132221 [debug]: Started analyzing model dbt_dev_staging.stg_lab_specimen_types
16:03:15.132252 [debug]: Finished rendering [  0.00s] model dbt_dev_staging.stg_providers [success]
16:03:15.132282 [debug]: Started analyzing model dbt_dev_staging.stg_providers
16:03:15.132312 [info ]: Started model dbt_dev_intermediate.int_providers
16:03:15.132354 [debug]: Started rendering model dbt_dev_intermediate.int_providers
16:03:15.132993 [info ]:  Succeeded [  0.00s] model dbt_dev_staging.stg_lab_specimen_types (ephemeral)
16:03:15.133031 [debug]: Finished analyzing [  0.00s] model dbt_dev_staging.stg_lab_specimen_types [success]
16:03:15.135288 [info ]:  Succeeded [  0.01s] model dbt_dev_staging.stg_lab_events (ephemeral)
16:03:15.135347 [debug]: Finished analyzing [  0.00s] model dbt_dev_staging.stg_lab_events [success]
16:03:15.135840 [debug]: Compiled SQL for node model.raqib_sf.int_providers at target/.lsp/compiled/models/intermediate/int_providers.sql
16:03:15.136752 [debug]: Finished rendering [  0.00s] model dbt_dev_intermediate.int_providers [success]
16:03:15.136802 [debug]: Started analyzing model dbt_dev_intermediate.int_providers
16:03:15.139935 [info ]:  Succeeded [  0.01s] model dbt_dev_staging.stg_providers (ephemeral)
16:03:15.140011 [debug]: Finished analyzing [  0.01s] model dbt_dev_staging.stg_providers [success]
16:03:15.143538 [info ]:  Succeeded [  0.01s] model dbt_dev_staging.stg_patients (ephemeral)
16:03:15.143627 [debug]: Finished analyzing [  0.01s] model dbt_dev_staging.stg_patients [success]
16:03:15.145649 [info ]:  Succeeded [  0.01s] model dbt_dev_intermediate.int_providers (view)
16:03:15.145698 [debug]: Finished analyzing [  0.01s] model dbt_dev_intermediate.int_providers [success]
16:03:15.146171 [debug]: Compiled SQL for node model.raqib_sf.stg_admissions at target/.lsp/compiled/models/staging/stg_admissions.sql
16:03:15.146687 [debug]: Finished rendering [  0.02s] model dbt_dev_staging.stg_admissions [success]
16:03:15.146754 [info ]: Started model dbt_dev_intermediate.int_admissions
16:03:15.146795 [debug]: Started rendering model dbt_dev_intermediate.int_admissions
16:03:15.146921 [debug]: Started analyzing model dbt_dev_staging.stg_admissions
16:03:15.147661 [debug]: Compiled SQL for node model.raqib_sf.int_admissions at target/.lsp/compiled/models/intermediate/int_admissions.sql
16:03:15.147768 [debug]: Finished rendering [  0.00s] model dbt_dev_intermediate.int_admissions [success]
16:03:15.147795 [info ]: Finished rendering [  0.02s] (9 nodes, 0 skipped, 0 errors)
16:03:15.147930 [debug]: Started analyzing model dbt_dev_intermediate.int_admissions
16:03:15.148518 [info ]:  Succeeded [  0.02s] model dbt_dev_staging.stg_admissions (ephemeral)
16:03:15.148582 [debug]: Finished analyzing [  0.00s] model dbt_dev_staging.stg_admissions [success]
16:03:15.149467 [info ]:  Succeeded [  0.00s] model dbt_dev_intermediate.int_admissions (view)
16:03:15.149504 [debug]: Finished analyzing [  0.00s] model dbt_dev_intermediate.int_admissions [success]
16:03:15.159152 [info ]:  Succeeded [  0.03s] model dbt_dev_staging.stg_diagnosis (ephemeral)
16:03:15.159203 [debug]: Finished analyzing [  0.03s] model dbt_dev_staging.stg_diagnosis [success]
16:03:15.159215 [info ]: Finished analyzing [  0.03s] (9 nodes, 0 skipped, 0 errors)
16:03:15.168322 [info ]: Started scheduling
16:03:15.168402 [info ]: Finished scheduling [  0.00s]
16:03:15.172108 [info ]: Cached model count updated: 9 models (accurate)
16:03:53.080667 [info ]: Started loading project
16:03:53.081352 [info ]: Loading profiles.yml
16:03:53.087643 [info ]: Started parsing
16:03:53.123297 [info ]: Finished loading project [  0.04s]
16:03:53.128274 [debug]: Finished parsing models/intermediate/int_admissions.sql [  0.00s]
16:03:53.130376 [info ]: Finished parsing [  0.04s]
16:03:53.132665 [info ]: Cached model count updated: 9 models (estimate)
16:03:53.132685 [info ]: Cached model count updated: 9 models (accurate)
16:03:53.132732 [info ]: Started scheduling
16:03:53.132854 [info ]: Finished scheduling [  0.00s]
16:03:53.132873 [debug]: Compilation - 2 nodes selected: {"model.raqib_sf.int_admissions", "model.raqib_sf.stg_admissions"}
16:03:53.572356 [info ]: Started building task graph
16:03:53.572427 [info ]: Finished building task graph [  0.00s]
16:03:53.572577 [info ]: Started rendering (2 nodes)
16:03:53.572599 [info ]: Started model dbt_dev_staging.stg_admissions
16:03:53.572615 [debug]: Started rendering model dbt_dev_staging.stg_admissions
16:03:53.573058 [debug]: Compiled SQL for node model.raqib_sf.stg_admissions at target/.lsp/compiled/models/staging/stg_admissions.sql
16:03:53.573149 [debug]: Finished rendering [  0.00s] model dbt_dev_staging.stg_admissions [success]
16:03:53.573190 [info ]: Started analyzing (2 nodes)
16:03:53.573213 [debug]: Started analyzing model dbt_dev_staging.stg_admissions
16:03:53.573286 [info ]: Started model dbt_dev_intermediate.int_admissions
16:03:53.573311 [debug]: Started rendering model dbt_dev_intermediate.int_admissions
16:03:53.574563 [info ]:  Succeeded [  0.00s] model dbt_dev_staging.stg_admissions (ephemeral)
16:03:53.574604 [debug]: Finished analyzing [  0.00s] model dbt_dev_staging.stg_admissions [success]
16:03:53.575085 [debug]: Compiled SQL for node model.raqib_sf.int_admissions at target/.lsp/compiled/models/intermediate/int_admissions.sql
16:03:53.575414 [debug]: Finished rendering [  0.00s] model dbt_dev_intermediate.int_admissions [success]
16:03:53.575437 [info ]: Finished rendering [  0.00s] (2 nodes, 0 skipped, 0 errors)
16:03:53.575471 [debug]: Started analyzing model dbt_dev_intermediate.int_admissions
16:03:53.576407 [info ]:  Succeeded [  0.00s] model dbt_dev_intermediate.int_admissions (view)
16:03:53.576444 [debug]: Finished analyzing [  0.00s] model dbt_dev_intermediate.int_admissions [success]
16:03:53.576494 [info ]: Finished analyzing [  0.00s] (2 nodes, 0 skipped, 0 errors)
16:03:53.585471 [info ]: Started scheduling
16:03:53.585606 [info ]: Finished scheduling [  0.00s]
16:03:53.588145 [info ]: Cached model count updated: 9 models (accurate)
16:03:54.726169 [info ]: Started loading project
16:03:54.726656 [info ]: Loading profiles.yml
16:03:54.764350 [info ]: Cached model count updated: 9 models (estimate)
16:03:54.764376 [info ]: Cached model count updated: 9 models (accurate)
16:03:54.764432 [info ]: Started scheduling
16:03:54.764579 [info ]: Finished scheduling [  0.00s]
16:03:54.764601 [debug]: Compilation - 2 nodes selected: {"model.raqib_sf.int_admissions", "model.raqib_sf.stg_admissions"}
16:03:55.156935 [info ]: Started building task graph
16:03:55.157018 [info ]: Finished building task graph [  0.00s]
16:03:55.157244 [info ]: Started rendering (2 nodes)
16:03:55.157274 [info ]: Started model dbt_dev_staging.stg_admissions
16:03:55.157300 [debug]: Started rendering model dbt_dev_staging.stg_admissions
16:03:55.157388 [info ]: Finished loading project [  0.43s]
16:03:55.157730 [debug]: Compiled SQL for node model.raqib_sf.stg_admissions at target/.lsp/compiled/models/staging/stg_admissions.sql
16:03:55.157896 [debug]: Finished rendering [  0.00s] model dbt_dev_staging.stg_admissions [success]
16:03:55.157936 [info ]: Started model dbt_dev_intermediate.int_admissions
16:03:55.157954 [debug]: Started rendering model dbt_dev_intermediate.int_admissions
16:03:55.158003 [info ]: Started analyzing (2 nodes)
16:03:55.158033 [debug]: Started analyzing model dbt_dev_staging.stg_admissions
16:03:55.158370 [debug]: Compiled SQL for node model.raqib_sf.int_admissions at target/.lsp/compiled/models/intermediate/int_admissions.sql
16:03:55.158568 [debug]: Finished rendering [  0.00s] model dbt_dev_intermediate.int_admissions [success]
16:03:55.158594 [info ]: Finished rendering [  0.00s] (2 nodes, 0 skipped, 0 errors)
16:03:55.158626 [debug]: Started analyzing model dbt_dev_intermediate.int_admissions
16:03:55.159216 [info ]:  Succeeded [  0.00s] model dbt_dev_staging.stg_admissions (ephemeral)
16:03:55.159265 [debug]: Finished analyzing [  0.00s] model dbt_dev_staging.stg_admissions [success]
16:03:55.159515 [info ]:  Succeeded [-------] model dbt_dev_intermediate.int_admissions (view)
16:03:55.159555 [debug]: Finished analyzing [  0.00s] model dbt_dev_intermediate.int_admissions [success]
16:03:55.159573 [info ]: Finished analyzing [  0.00s] (2 nodes, 0 skipped, 0 errors)
16:03:55.169418 [info ]: Started scheduling
16:03:55.169505 [info ]: Finished scheduling [  0.00s]
16:03:55.173072 [info ]: Cached model count updated: 9 models (accurate)
16:03:56.302276 [info ]: Started loading project
16:03:56.302753 [info ]: Loading profiles.yml
16:03:56.341989 [info ]: Cached model count updated: 9 models (estimate)
16:03:56.342023 [info ]: Cached model count updated: 9 models (accurate)
16:03:56.342136 [info ]: Started scheduling
16:03:56.342445 [info ]: Finished scheduling [  0.00s]
16:03:56.342471 [debug]: Compilation - 9 nodes selected: {"model.raqib_sf.int_admissions", "model.raqib_sf.int_providers", "model.raqib_sf.stg_admissions", "model.raqib_sf.stg_diagnosis", "model.raqib_sf.stg_emergency_contacts", "model.raqib_sf.stg_lab_events", "model.raqib_sf.stg_lab_specimen_types", "model.raqib_sf.stg_patients", "model.raqib_sf.stg_providers"}
16:03:56.774175 [info ]: Started building task graph
16:03:56.774365 [info ]: Finished building task graph [  0.00s]
16:03:56.774617 [info ]: Started rendering (9 nodes)
16:03:56.774682 [info ]: Started model dbt_dev_staging.stg_patients
16:03:56.774706 [debug]: Started rendering model dbt_dev_staging.stg_patients
16:03:56.774749 [info ]: Started model dbt_dev_staging.stg_lab_specimen_types
16:03:56.774776 [debug]: Started rendering model dbt_dev_staging.stg_lab_specimen_types
16:03:56.774801 [info ]: Finished loading project [  0.47s]
16:03:56.774801 [info ]: Started model dbt_dev_staging.stg_lab_events
16:03:56.774837 [debug]: Started rendering model dbt_dev_staging.stg_lab_events
16:03:56.774888 [info ]: Started model dbt_dev_staging.stg_emergency_contacts
16:03:56.774961 [debug]: Started rendering model dbt_dev_staging.stg_emergency_contacts
16:03:56.775077 [info ]: Started model dbt_dev_staging.stg_diagnosis
16:03:56.775105 [debug]: Started rendering model dbt_dev_staging.stg_diagnosis
16:03:56.775138 [info ]: Started model dbt_dev_staging.stg_providers
16:03:56.775161 [debug]: Started rendering model dbt_dev_staging.stg_providers
16:03:56.775239 [info ]: Started model dbt_dev_staging.stg_admissions
16:03:56.775266 [debug]: Started rendering model dbt_dev_staging.stg_admissions
16:03:56.775546 [debug]: Compiled SQL for node model.raqib_sf.stg_admissions at target/.lsp/compiled/models/staging/stg_admissions.sql
16:03:56.775636 [debug]: Finished rendering [  0.00s] model dbt_dev_staging.stg_admissions [success]
16:03:56.775674 [info ]: Started analyzing (9 nodes)
16:03:56.775688 [debug]: Started analyzing model dbt_dev_staging.stg_admissions
16:03:56.775716 [info ]: Started model dbt_dev_intermediate.int_admissions
16:03:56.775735 [debug]: Started rendering model dbt_dev_intermediate.int_admissions
16:03:56.775973 [debug]: Compiled SQL for node model.raqib_sf.int_admissions at target/.lsp/compiled/models/intermediate/int_admissions.sql
16:03:56.776064 [debug]: Finished rendering [  0.00s] model dbt_dev_intermediate.int_admissions [success]
16:03:56.776096 [debug]: Started analyzing model dbt_dev_intermediate.int_admissions
16:03:56.776638 [info ]:  Succeeded [-------] model dbt_dev_staging.stg_admissions (ephemeral)
16:03:56.776668 [debug]: Finished analyzing [  0.00s] model dbt_dev_staging.stg_admissions [success]
16:03:56.776833 [info ]:  Succeeded [-------] model dbt_dev_intermediate.int_admissions (view)
16:03:56.776888 [debug]: Finished analyzing [  0.00s] model dbt_dev_intermediate.int_admissions [success]
16:03:56.777203 [debug]: Compiled SQL for node model.raqib_sf.stg_providers at target/.lsp/compiled/models/staging/stg_providers.sql
16:03:56.777204 [debug]: Compiled SQL for node model.raqib_sf.stg_lab_events at target/.lsp/compiled/models/staging/stg_lab_events.sql
16:03:56.777203 [debug]: Compiled SQL for node model.raqib_sf.stg_diagnosis at target/.lsp/compiled/models/staging/stg_diagnosis.sql
16:03:56.777207 [debug]: Compiled SQL for node model.raqib_sf.stg_lab_specimen_types at target/.lsp/compiled/models/staging/stg_lab_specimen_types.sql
16:03:56.777233 [debug]: Compiled SQL for node model.raqib_sf.stg_emergency_contacts at target/.lsp/compiled/models/staging/stg_emergency_contacts.sql
16:03:56.777279 [debug]: Finished rendering [  0.00s] model dbt_dev_staging.stg_providers [success]
16:03:56.777207 [debug]: Compiled SQL for node model.raqib_sf.stg_patients at target/.lsp/compiled/models/staging/stg_patients.sql
16:03:56.777329 [debug]: Started analyzing model dbt_dev_staging.stg_providers
16:03:56.777380 [info ]: Started model dbt_dev_intermediate.int_providers
16:03:56.777409 [debug]: Started rendering model dbt_dev_intermediate.int_providers
16:03:56.777469 [debug]: Finished rendering [  0.00s] model dbt_dev_staging.stg_lab_events [success]
16:03:56.777504 [debug]: Started analyzing model dbt_dev_staging.stg_lab_events
16:03:56.777545 [debug]: Finished rendering [  0.00s] model dbt_dev_staging.stg_diagnosis [success]
16:03:56.777577 [debug]: Started analyzing model dbt_dev_staging.stg_diagnosis
16:03:56.777611 [debug]: Finished rendering [  0.00s] model dbt_dev_staging.stg_lab_specimen_types [success]
16:03:56.777634 [debug]: Started analyzing model dbt_dev_staging.stg_lab_specimen_types
16:03:56.777684 [debug]: Finished rendering [  0.00s] model dbt_dev_staging.stg_emergency_contacts [success]
16:03:56.777738 [debug]: Started analyzing model dbt_dev_staging.stg_emergency_contacts
16:03:56.777784 [debug]: Finished rendering [  0.00s] model dbt_dev_staging.stg_patients [success]
16:03:56.777819 [debug]: Started analyzing model dbt_dev_staging.stg_patients
16:03:56.778079 [info ]:  Succeeded [  0.00s] model dbt_dev_staging.stg_lab_specimen_types (ephemeral)
16:03:56.777978 [debug]: Compiled SQL for node model.raqib_sf.int_providers at target/.lsp/compiled/models/intermediate/int_providers.sql
16:03:56.778194 [debug]: Finished analyzing [  0.00s] model dbt_dev_staging.stg_lab_specimen_types [success]
16:03:56.778242 [info ]:  Succeeded [  0.00s] model dbt_dev_staging.stg_emergency_contacts (ephemeral)
16:03:56.778275 [debug]: Finished analyzing [  0.00s] model dbt_dev_staging.stg_emergency_contacts [success]
16:03:56.778392 [debug]: Finished rendering [  0.00s] model dbt_dev_intermediate.int_providers [success]
16:03:56.778494 [info ]: Finished rendering [  0.00s] (9 nodes, 0 skipped, 0 errors)
16:03:56.778553 [debug]: Started analyzing model dbt_dev_intermediate.int_providers
16:03:56.779919 [info ]:  Succeeded [  0.00s] model dbt_dev_staging.stg_lab_events (ephemeral)
16:03:56.779974 [debug]: Finished analyzing [  0.00s] model dbt_dev_staging.stg_lab_events [success]
16:03:56.782004 [info ]:  Succeeded [  0.01s] model dbt_dev_staging.stg_providers (ephemeral)
16:03:56.782037 [debug]: Finished analyzing [  0.00s] model dbt_dev_staging.stg_providers [success]
16:03:56.783217 [info ]:  Succeeded [  0.00s] model dbt_dev_intermediate.int_providers (view)
16:03:56.783346 [debug]: Finished analyzing [  0.00s] model dbt_dev_intermediate.int_providers [success]
16:03:56.787458 [info ]:  Succeeded [  0.01s] model dbt_dev_staging.stg_patients (ephemeral)
16:03:56.787503 [debug]: Finished analyzing [  0.01s] model dbt_dev_staging.stg_patients [success]
16:03:56.796819 [info ]:  Succeeded [  0.02s] model dbt_dev_staging.stg_diagnosis (ephemeral)
16:03:56.796861 [debug]: Finished analyzing [  0.02s] model dbt_dev_staging.stg_diagnosis [success]
16:03:56.796873 [info ]: Finished analyzing [  0.02s] (9 nodes, 0 skipped, 0 errors)
16:03:56.806166 [info ]: Started scheduling
16:03:56.806270 [info ]: Finished scheduling [  0.00s]
16:03:56.809952 [info ]: Cached model count updated: 9 models (accurate)
16:04:12.978616 [info ]: Started loading project
16:04:12.979052 [info ]: Loading profiles.yml
16:04:12.985573 [info ]: Started parsing
16:04:13.018780 [info ]: Finished loading project [  0.04s]
16:04:13.023315 [debug]: Finished parsing models/staging/stg_patients.sql [  0.00s]
16:04:13.025130 [info ]: Finished parsing [  0.04s]
16:04:13.027440 [info ]: Cached model count updated: 9 models (estimate)
16:04:13.027459 [info ]: Cached model count updated: 9 models (accurate)
16:04:13.027507 [info ]: Started scheduling
16:04:13.027618 [info ]: Finished scheduling [  0.00s]
16:04:13.027637 [debug]: Compilation - 1 nodes selected: {"model.raqib_sf.stg_patients"}
16:04:13.428084 [info ]: Started building task graph
16:04:13.428148 [info ]: Finished building task graph [  0.00s]
16:04:13.428303 [info ]: Started rendering (1 nodes)
16:04:13.428328 [info ]: Started model dbt_dev_staging.stg_patients
16:04:13.428345 [debug]: Started rendering model dbt_dev_staging.stg_patients
16:04:13.429946 [debug]: Compiled SQL for node model.raqib_sf.stg_patients at target/.lsp/compiled/models/staging/stg_patients.sql
16:04:13.430120 [debug]: Finished rendering [  0.00s] model dbt_dev_staging.stg_patients [success]
16:04:13.430175 [info ]: Finished rendering [  0.00s] (1 nodes, 0 skipped, 0 errors)
16:04:13.430204 [info ]: Started analyzing (1 nodes)
16:04:13.430217 [debug]: Started analyzing model dbt_dev_staging.stg_patients
16:04:13.436700 [info ]:  Succeeded [  0.01s] model dbt_dev_staging.stg_patients (ephemeral)
16:04:13.436738 [debug]: Finished analyzing [  0.01s] model dbt_dev_staging.stg_patients [success]
16:04:13.436749 [info ]: Finished analyzing [  0.01s] (1 nodes, 0 skipped, 0 errors)
16:04:13.444643 [info ]: Started scheduling
16:04:13.444781 [info ]: Finished scheduling [  0.00s]
16:04:13.447219 [info ]: Cached model count updated: 9 models (accurate)
16:04:14.587683 [info ]: Started loading project
16:04:14.588172 [info ]: Loading profiles.yml
16:04:14.648925 [info ]: Cached model count updated: 9 models (estimate)
16:04:14.648952 [info ]: Cached model count updated: 9 models (accurate)
16:04:14.649011 [info ]: Started scheduling
16:04:14.649151 [info ]: Finished scheduling [  0.00s]
16:04:14.649174 [debug]: Compilation - 1 nodes selected: {"model.raqib_sf.stg_patients"}
16:04:15.088998 [info ]: Started building task graph
16:04:15.089071 [info ]: Finished building task graph [  0.00s]
16:04:15.089242 [info ]: Started rendering (1 nodes)
16:04:15.089272 [info ]: Started model dbt_dev_staging.stg_patients
16:04:15.089289 [debug]: Started rendering model dbt_dev_staging.stg_patients
16:04:15.089369 [info ]: Finished loading project [  0.50s]
16:04:15.089570 [debug]: Compiled SQL for node model.raqib_sf.stg_patients at target/.lsp/compiled/models/staging/stg_patients.sql
16:04:15.089672 [debug]: Finished rendering [  0.00s] model dbt_dev_staging.stg_patients [success]
16:04:15.089693 [info ]: Finished rendering [  0.00s] (1 nodes, 0 skipped, 0 errors)
16:04:15.089712 [info ]: Started analyzing (1 nodes)
16:04:15.089723 [debug]: Started analyzing model dbt_dev_staging.stg_patients
16:04:15.097019 [info ]:  Succeeded [  0.01s] model dbt_dev_staging.stg_patients (ephemeral)
16:04:15.097060 [debug]: Finished analyzing [  0.01s] model dbt_dev_staging.stg_patients [success]
16:04:15.097072 [info ]: Finished analyzing [  0.01s] (1 nodes, 0 skipped, 0 errors)
16:04:15.104389 [info ]: Started scheduling
16:04:15.104472 [info ]: Finished scheduling [  0.00s]
16:04:15.108468 [info ]: Cached model count updated: 9 models (accurate)
16:04:16.249051 [info ]: Started loading project
16:04:16.249678 [info ]: Loading profiles.yml
16:04:16.290890 [info ]: Cached model count updated: 9 models (estimate)
16:04:16.290914 [info ]: Cached model count updated: 9 models (accurate)
16:04:16.290988 [info ]: Started scheduling
16:04:16.291254 [info ]: Finished scheduling [  0.00s]
16:04:16.291287 [debug]: Compilation - 9 nodes selected: {"model.raqib_sf.int_admissions", "model.raqib_sf.int_providers", "model.raqib_sf.stg_admissions", "model.raqib_sf.stg_diagnosis", "model.raqib_sf.stg_emergency_contacts", "model.raqib_sf.stg_lab_events", "model.raqib_sf.stg_lab_specimen_types", "model.raqib_sf.stg_patients", "model.raqib_sf.stg_providers"}
16:04:16.713517 [info ]: Started building task graph
16:04:16.713669 [info ]: Finished building task graph [  0.00s]
16:04:16.713870 [info ]: Started rendering (9 nodes)
16:04:16.713894 [info ]: Started model dbt_dev_staging.stg_patients
16:04:16.713910 [debug]: Started rendering model dbt_dev_staging.stg_patients
16:04:16.713945 [info ]: Started model dbt_dev_staging.stg_lab_specimen_types
16:04:16.713961 [debug]: Started rendering model dbt_dev_staging.stg_lab_specimen_types
16:04:16.713988 [info ]: Started model dbt_dev_staging.stg_lab_events
16:04:16.714005 [debug]: Started rendering model dbt_dev_staging.stg_lab_events
16:04:16.714008 [info ]: Finished loading project [  0.46s]
16:04:16.714032 [info ]: Started model dbt_dev_staging.stg_emergency_contacts
16:04:16.714055 [debug]: Started rendering model dbt_dev_staging.stg_emergency_contacts
16:04:16.714085 [info ]: Started model dbt_dev_staging.stg_diagnosis
16:04:16.714102 [debug]: Started rendering model dbt_dev_staging.stg_diagnosis
16:04:16.714129 [info ]: Started model dbt_dev_staging.stg_providers
16:04:16.714170 [debug]: Started rendering model dbt_dev_staging.stg_providers
16:04:16.714225 [info ]: Started model dbt_dev_staging.stg_admissions
16:04:16.714416 [debug]: Started rendering model dbt_dev_staging.stg_admissions
16:04:16.714459 [debug]: Compiled SQL for node model.raqib_sf.stg_patients at target/.lsp/compiled/models/staging/stg_patients.sql
16:04:16.714459 [debug]: Compiled SQL for node model.raqib_sf.stg_lab_specimen_types at target/.lsp/compiled/models/staging/stg_lab_specimen_types.sql
16:04:16.714595 [debug]: Compiled SQL for node model.raqib_sf.stg_diagnosis at target/.lsp/compiled/models/staging/stg_diagnosis.sql
16:04:16.714655 [debug]: Compiled SQL for node model.raqib_sf.stg_emergency_contacts at target/.lsp/compiled/models/staging/stg_emergency_contacts.sql
16:04:16.714708 [debug]: Finished rendering [  0.00s] model dbt_dev_staging.stg_lab_specimen_types [success]
16:04:16.714747 [debug]: Compiled SQL for node model.raqib_sf.stg_providers at target/.lsp/compiled/models/staging/stg_providers.sql
16:04:16.714762 [info ]: Started analyzing (9 nodes)
16:04:16.714777 [debug]: Started analyzing model dbt_dev_staging.stg_lab_specimen_types
16:04:16.714953 [debug]: Finished rendering [  0.00s] model dbt_dev_staging.stg_patients [success]
16:04:16.714970 [debug]: Compiled SQL for node model.raqib_sf.stg_lab_events at target/.lsp/compiled/models/staging/stg_lab_events.sql
16:04:16.714994 [debug]: Started analyzing model dbt_dev_staging.stg_patients
16:04:16.715031 [debug]: Finished rendering [  0.00s] model dbt_dev_staging.stg_diagnosis [success]
16:04:16.715085 [debug]: Compiled SQL for node model.raqib_sf.stg_admissions at target/.lsp/compiled/models/staging/stg_admissions.sql
16:04:16.715094 [debug]: Started analyzing model dbt_dev_staging.stg_diagnosis
16:04:16.715209 [debug]: Finished rendering [  0.00s] model dbt_dev_staging.stg_emergency_contacts [success]
16:04:16.715290 [debug]: Started analyzing model dbt_dev_staging.stg_emergency_contacts
16:04:16.715364 [debug]: Finished rendering [  0.00s] model dbt_dev_staging.stg_providers [success]
16:04:16.715455 [debug]: Started analyzing model dbt_dev_staging.stg_providers
16:04:16.715503 [info ]: Started model dbt_dev_intermediate.int_providers
16:04:16.715557 [debug]: Started rendering model dbt_dev_intermediate.int_providers
16:04:16.715648 [debug]: Finished rendering [  0.00s] model dbt_dev_staging.stg_lab_events [success]
16:04:16.715688 [debug]: Started analyzing model dbt_dev_staging.stg_lab_events
16:04:16.715724 [debug]: Finished rendering [  0.00s] model dbt_dev_staging.stg_admissions [success]
16:04:16.715757 [info ]: Started model dbt_dev_intermediate.int_admissions
16:04:16.715782 [debug]: Started rendering model dbt_dev_intermediate.int_admissions
16:04:16.715809 [debug]: Started analyzing model dbt_dev_staging.stg_admissions
16:04:16.715843 [info ]:  Succeeded [  0.00s] model dbt_dev_staging.stg_lab_specimen_types (ephemeral)
16:04:16.715882 [debug]: Finished analyzing [  0.00s] model dbt_dev_staging.stg_lab_specimen_types [success]
16:04:16.715956 [debug]: Compiled SQL for node model.raqib_sf.int_providers at target/.lsp/compiled/models/intermediate/int_providers.sql
16:04:16.716071 [debug]: Finished rendering [  0.00s] model dbt_dev_intermediate.int_providers [success]
16:04:16.716120 [debug]: Started analyzing model dbt_dev_intermediate.int_providers
16:04:16.716234 [info ]:  Succeeded [  0.00s] model dbt_dev_staging.stg_emergency_contacts (ephemeral)
16:04:16.716289 [debug]: Finished analyzing [  0.00s] model dbt_dev_staging.stg_emergency_contacts [success]
16:04:16.717077 [debug]: Compiled SQL for node model.raqib_sf.int_admissions at target/.lsp/compiled/models/intermediate/int_admissions.sql
16:04:16.717247 [debug]: Finished rendering [  0.00s] model dbt_dev_intermediate.int_admissions [success]
16:04:16.717280 [info ]: Finished rendering [  0.00s] (9 nodes, 0 skipped, 0 errors)
16:04:16.717334 [debug]: Started analyzing model dbt_dev_intermediate.int_admissions
16:04:16.717787 [info ]:  Succeeded [  0.00s] model dbt_dev_staging.stg_admissions (ephemeral)
16:04:16.717953 [debug]: Finished analyzing [  0.00s] model dbt_dev_staging.stg_admissions [success]
16:04:16.718959 [info ]:  Succeeded [  0.00s] model dbt_dev_intermediate.int_admissions (view)
16:04:16.719170 [debug]: Finished analyzing [  0.00s] model dbt_dev_intermediate.int_admissions [success]
16:04:16.719904 [info ]:  Succeeded [  0.01s] model dbt_dev_staging.stg_lab_events (ephemeral)
16:04:16.719975 [debug]: Finished analyzing [  0.00s] model dbt_dev_staging.stg_lab_events [success]
16:04:16.723082 [info ]:  Succeeded [  0.01s] model dbt_dev_staging.stg_providers (ephemeral)
16:04:16.723135 [debug]: Finished analyzing [  0.01s] model dbt_dev_staging.stg_providers [success]
16:04:16.724521 [info ]:  Succeeded [  0.01s] model dbt_dev_intermediate.int_providers (view)
16:04:16.724577 [debug]: Finished analyzing [  0.01s] model dbt_dev_intermediate.int_providers [success]
16:04:16.726498 [info ]:  Succeeded [  0.01s] model dbt_dev_staging.stg_patients (ephemeral)
16:04:16.726547 [debug]: Finished analyzing [  0.01s] model dbt_dev_staging.stg_patients [success]
16:04:16.737452 [info ]:  Succeeded [  0.02s] model dbt_dev_staging.stg_diagnosis (ephemeral)
16:04:16.737493 [debug]: Finished analyzing [  0.02s] model dbt_dev_staging.stg_diagnosis [success]
16:04:16.737504 [info ]: Finished analyzing [  0.02s] (9 nodes, 0 skipped, 0 errors)
16:04:16.745589 [info ]: Started scheduling
16:04:16.745661 [info ]: Finished scheduling [  0.00s]
16:04:16.749175 [info ]: Cached model count updated: 9 models (accurate)
16:04:55.017313 [info ]: Loading profiles.yml
16:04:55.034896 [info ]: Started loading project
16:04:55.035526 [info ]: Loading profiles.yml
16:04:55.041390 [info ]: Started loading project
16:04:55.041822 [info ]: Loading profiles.yml
16:04:55.041873 [info ]: Finished loading project [  0.01s]
16:04:55.580846 [debug]:    Started loading packages
16:04:55.583071 [debug]:     Loaded [  0.00s] packages
16:04:55.584163 [info ]: Started parsing
16:04:55.635926 [info ]: Finished loading project [  0.59s]
16:04:55.638442 [debug]: Finished parsing models/schema.yml [  0.00s]
16:04:55.640893 [debug]: Finished parsing models/sources.yml [  0.00s]
16:04:55.644327 [debug]: Finished parsing models/intermediate/int_admissions.sql [  0.00s]
16:04:55.645660 [debug]: Finished parsing models/intermediate/int_providers.sql [  0.00s]
16:04:55.646667 [debug]: Finished parsing models/staging/stg_admissions.sql [  0.00s]
16:04:55.647640 [debug]: Finished parsing models/staging/stg_diagnosis.sql [  0.00s]
16:04:55.648551 [debug]: Finished parsing models/staging/stg_emergency_contacts.sql [  0.00s]
16:04:55.649419 [debug]: Finished parsing models/staging/stg_lab_events.sql [  0.00s]
16:04:55.650211 [debug]: Finished parsing models/staging/stg_lab_specimen_types.sql [  0.00s]
16:04:55.651021 [debug]: Finished parsing models/staging/stg_patients.sql [  0.00s]
16:04:55.651881 [debug]: Finished parsing models/staging/stg_providers.sql [  0.00s]
16:04:55.653021 [debug]: Finished parsing models/staging/stg_services.sql [  0.00s]
16:04:55.663220 [debug]: Finished parsing models/staging/stg_transfers.sql [  0.01s]
16:04:55.667166 [info ]: Finished parsing [  0.08s]
16:04:55.667464 [info ]: Cached model count updated: 11 models (estimate)
16:04:55.667483 [info ]: Cached model count updated: 11 models (accurate)
16:04:55.667561 [info ]: Started scheduling
16:04:55.667643 [info ]: Finished scheduling [  0.00s]
16:04:55.667659 [debug]: Compilation - 0 nodes selected: {}
16:04:55.667676 [warn ]: dbt1600: The selection criterion '' does not match any enabled nodes
16:04:55.667690 [warn ]: dbt1601: Nothing to do. Try checking your model configs and model specification args
16:04:55.667700 [info ]: Started scheduling
16:04:55.667909 [info ]: Finished scheduling [  0.00s]
16:04:55.668058 [debug]: Initializing schema store with entry: Frontier(CanonicalFqn { catalog: "RAW", schema: "PUBLIC", table: "LAB_EVENTS" }) and interval: None
16:04:55.668082 [debug]: Initializing schema store with entry: Frontier(CanonicalFqn { catalog: "RAW", schema: "PUBLIC", table: "TRANSFERS" }) and interval: None
16:04:55.668104 [debug]: Initializing schema store with entry: Frontier(CanonicalFqn { catalog: "RAW", schema: "PUBLIC", table: "PROVIDERS" }) and interval: None
16:04:55.668113 [debug]: Initializing schema store with entry: Frontier(CanonicalFqn { catalog: "RAW", schema: "PUBLIC", table: "ADMISSIONS" }) and interval: None
16:04:55.668123 [debug]: Initializing schema store with entry: Frontier(CanonicalFqn { catalog: "RAW", schema: "PUBLIC", table: "PATIENTS" }) and interval: None
16:04:55.668133 [debug]: Initializing schema store with entry: Frontier(CanonicalFqn { catalog: "RAW", schema: "PUBLIC", table: "DIAGNOSIS" }) and interval: None
16:04:55.668142 [debug]: Initializing schema store with entry: Frontier(CanonicalFqn { catalog: "RAW", schema: "PUBLIC", table: "SERVICES" }) and interval: None
16:04:55.668151 [debug]: Initializing schema store with entry: Frontier(CanonicalFqn { catalog: "RAW", schema: "PUBLIC", table: "LAB_SPECIMEN_TYPES" }) and interval: None
16:04:55.668161 [debug]: Initializing schema store with entry: Frontier(CanonicalFqn { catalog: "RAW", schema: "PUBLIC", table: "EMERGENCY_CONTACTS" }) and interval: None
16:04:56.077199 [info ]: Started building task graph
16:04:56.077236 [info ]: Finished building task graph [  0.00s]
16:04:56.085577 [info ]: Started scheduling
16:04:56.085724 [info ]: Finished scheduling [  0.00s]
16:04:56.093457 [info ]: Cached model count updated: 11 models (accurate)
16:04:57.312037 [info ]: Started loading project
16:04:57.312477 [info ]: Loading profiles.yml
16:04:57.348638 [info ]: Cached model count updated: 11 models (estimate)
16:04:57.348669 [info ]: Cached model count updated: 11 models (accurate)
16:04:57.348731 [info ]: Started scheduling
16:04:57.348993 [info ]: Finished scheduling [  0.00s]
16:04:57.349018 [debug]: Compilation - 11 nodes selected: {"model.raqib_sf.int_admissions", "model.raqib_sf.int_providers", "model.raqib_sf.stg_admissions", "model.raqib_sf.stg_diagnosis", "model.raqib_sf.stg_emergency_contacts", "model.raqib_sf.stg_lab_events", "model.raqib_sf.stg_lab_specimen_types", "model.raqib_sf.stg_patients", "model.raqib_sf.stg_providers", "model.raqib_sf.stg_services", "model.raqib_sf.stg_transfers"}
16:04:57.757922 [info ]: Started building task graph
16:04:57.758401 [info ]: Finished building task graph [  0.00s]
16:04:57.758709 [info ]: Started rendering (11 nodes)
16:04:57.758775 [info ]: Started model dbt_dev_staging.stg_transfers
16:04:57.758802 [debug]: Started rendering model dbt_dev_staging.stg_transfers
16:04:57.758839 [info ]: Started model dbt_dev_staging.stg_services
16:04:57.758855 [debug]: Started rendering model dbt_dev_staging.stg_services
16:04:57.758875 [info ]: Started model dbt_dev_staging.stg_patients
16:04:57.758888 [debug]: Started rendering model dbt_dev_staging.stg_patients
16:04:57.758896 [info ]: Finished loading project [  0.45s]
16:04:57.758922 [info ]: Started model dbt_dev_staging.stg_lab_specimen_types
16:04:57.758945 [debug]: Started rendering model dbt_dev_staging.stg_lab_specimen_types
16:04:57.758975 [info ]: Started model dbt_dev_staging.stg_lab_events
16:04:57.759033 [debug]: Started rendering model dbt_dev_staging.stg_lab_events
16:04:57.759194 [info ]: Started model dbt_dev_staging.stg_emergency_contacts
16:04:57.759281 [debug]: Started rendering model dbt_dev_staging.stg_emergency_contacts
16:04:57.759345 [info ]: Started model dbt_dev_staging.stg_diagnosis
16:04:57.759371 [debug]: Started rendering model dbt_dev_staging.stg_diagnosis
16:04:57.759406 [info ]: Started model dbt_dev_staging.stg_providers
16:04:57.759430 [debug]: Started rendering model dbt_dev_staging.stg_providers
16:04:57.759464 [info ]: Started model dbt_dev_staging.stg_admissions
16:04:57.759487 [debug]: Started rendering model dbt_dev_staging.stg_admissions
16:04:57.762896 [debug]: Compiled SQL for node model.raqib_sf.stg_transfers at target/.lsp/compiled/models/staging/stg_transfers.sql
16:04:57.762906 [debug]: Compiled SQL for node model.raqib_sf.stg_services at target/.lsp/compiled/models/staging/stg_services.sql
16:04:57.763151 [debug]: Finished rendering [  0.00s] model dbt_dev_staging.stg_transfers [success]
16:04:57.763190 [info ]: Started analyzing (11 nodes)
16:04:57.763204 [debug]: Started analyzing model dbt_dev_staging.stg_transfers
16:04:57.763236 [debug]: Finished rendering [  0.00s] model dbt_dev_staging.stg_services [success]
16:04:57.763265 [debug]: Started analyzing model dbt_dev_staging.stg_services
16:04:57.763506 [debug]: Compiled SQL for node model.raqib_sf.stg_lab_specimen_types at target/.lsp/compiled/models/staging/stg_lab_specimen_types.sql
16:04:57.763550 [debug]: Compiled SQL for node model.raqib_sf.stg_patients at target/.lsp/compiled/models/staging/stg_patients.sql
16:04:57.763799 [debug]: Finished rendering [  0.00s] model dbt_dev_staging.stg_lab_specimen_types [success]
16:04:57.763887 [debug]: Started analyzing model dbt_dev_staging.stg_lab_specimen_types
16:04:57.764082 [debug]: Compiled SQL for node model.raqib_sf.stg_emergency_contacts at target/.lsp/compiled/models/staging/stg_emergency_contacts.sql
16:04:57.764213 [debug]: Compiled SQL for node model.raqib_sf.stg_lab_events at target/.lsp/compiled/models/staging/stg_lab_events.sql
16:04:57.764291 [info ]:  Succeeded [  0.00s] model dbt_dev_staging.stg_lab_specimen_types (ephemeral)
16:04:57.764341 [debug]: Finished analyzing [  0.00s] model dbt_dev_staging.stg_lab_specimen_types [success]
16:04:57.764908 [debug]: Finished rendering [  0.01s] model dbt_dev_staging.stg_emergency_contacts [success]
16:04:57.764988 [debug]: Started analyzing model dbt_dev_staging.stg_emergency_contacts
16:04:57.764999 [debug]: Compiled SQL for node model.raqib_sf.stg_diagnosis at target/.lsp/compiled/models/staging/stg_diagnosis.sql
16:04:57.765035 [debug]: Finished rendering [  0.01s] model dbt_dev_staging.stg_patients [success]
16:04:57.765068 [debug]: Started analyzing model dbt_dev_staging.stg_patients
16:04:57.765103 [debug]: Finished rendering [  0.01s] model dbt_dev_staging.stg_lab_events [success]
16:04:57.765134 [debug]: Started analyzing model dbt_dev_staging.stg_lab_events
16:04:57.765198 [debug]: Compiled SQL for node model.raqib_sf.stg_admissions at target/.lsp/compiled/models/staging/stg_admissions.sql
16:04:57.765378 [debug]: Compiled SQL for node model.raqib_sf.stg_providers at target/.lsp/compiled/models/staging/stg_providers.sql
16:04:57.765594 [info ]:  Succeeded [  0.01s] model dbt_dev_staging.stg_emergency_contacts (ephemeral)
16:04:57.765632 [debug]: Finished analyzing [  0.00s] model dbt_dev_staging.stg_emergency_contacts [success]
16:04:57.765905 [debug]: Finished rendering [  0.01s] model dbt_dev_staging.stg_diagnosis [success]
16:04:57.765942 [debug]: Started analyzing model dbt_dev_staging.stg_diagnosis
16:04:57.765969 [debug]: Finished rendering [  0.01s] model dbt_dev_staging.stg_admissions [success]
16:04:57.765991 [info ]: Started model dbt_dev_intermediate.int_admissions
16:04:57.766007 [debug]: Started rendering model dbt_dev_intermediate.int_admissions
16:04:57.766024 [debug]: Started analyzing model dbt_dev_staging.stg_admissions
16:04:57.766042 [debug]: Finished rendering [  0.01s] model dbt_dev_staging.stg_providers [success]
16:04:57.766058 [debug]: Started analyzing model dbt_dev_staging.stg_providers
16:04:57.766077 [info ]: Started model dbt_dev_intermediate.int_providers
16:04:57.766089 [debug]: Started rendering model dbt_dev_intermediate.int_providers
16:04:57.767736 [info ]:  Succeeded [  0.01s] model dbt_dev_staging.stg_admissions (ephemeral)
16:04:57.767790 [debug]: Finished analyzing [  0.00s] model dbt_dev_staging.stg_admissions [success]
16:04:57.768320 [info ]:  Succeeded [  0.01s] model dbt_dev_staging.stg_lab_events (ephemeral)
16:04:57.768360 [debug]: Finished analyzing [  0.00s] model dbt_dev_staging.stg_lab_events [success]
16:04:57.768744 [debug]: Compiled SQL for node model.raqib_sf.int_admissions at target/.lsp/compiled/models/intermediate/int_admissions.sql
16:04:57.769191 [debug]: Finished rendering [  0.00s] model dbt_dev_intermediate.int_admissions [success]
16:04:57.769237 [debug]: Started analyzing model dbt_dev_intermediate.int_admissions
16:04:57.770755 [info ]:  Succeeded [  0.00s] model dbt_dev_intermediate.int_admissions (view)
16:04:57.770811 [debug]: Finished analyzing [  0.00s] model dbt_dev_intermediate.int_admissions [success]
16:04:57.770988 [debug]: Compiled SQL for node model.raqib_sf.int_providers at target/.lsp/compiled/models/intermediate/int_providers.sql
16:04:57.771203 [debug]: Finished rendering [  0.01s] model dbt_dev_intermediate.int_providers [success]
16:04:57.771249 [info ]: Finished rendering [  0.01s] (11 nodes, 0 skipped, 0 errors)
16:04:57.771491 [debug]: Started analyzing model dbt_dev_intermediate.int_providers
16:04:57.772520 [info ]:  Succeeded [  0.01s] model dbt_dev_staging.stg_providers (ephemeral)
16:04:57.772579 [debug]: Finished analyzing [  0.01s] model dbt_dev_staging.stg_providers [success]
16:04:57.775281 [info ]:  Succeeded [  0.02s] model dbt_dev_staging.stg_transfers (ephemeral)
16:04:57.775331 [debug]: Finished analyzing [  0.01s] model dbt_dev_staging.stg_transfers [success]
16:04:57.776251 [info ]:  Succeeded [  0.02s] model dbt_dev_staging.stg_patients (ephemeral)
16:04:57.776292 [debug]: Finished analyzing [  0.01s] model dbt_dev_staging.stg_patients [success]
16:04:57.776590 [info ]:  Succeeded [  0.01s] model dbt_dev_intermediate.int_providers (view)
16:04:57.776644 [debug]: Finished analyzing [  0.01s] model dbt_dev_intermediate.int_providers [success]
16:04:57.788556 [info ]:  Succeeded [  0.03s] model dbt_dev_staging.stg_diagnosis (ephemeral)
16:04:57.788594 [debug]: Finished analyzing [  0.02s] model dbt_dev_staging.stg_diagnosis [success]
16:04:57.792029 [info ]:  Succeeded [  0.03s] model dbt_dev_staging.stg_services (ephemeral)
16:04:57.792066 [debug]: Finished analyzing [  0.03s] model dbt_dev_staging.stg_services [success]
16:04:57.792076 [info ]: Finished analyzing [  0.03s] (11 nodes, 0 skipped, 0 errors)
16:04:57.800325 [info ]: Started scheduling
16:04:57.800418 [info ]: Finished scheduling [  0.00s]
16:04:57.803788 [info ]: Cached model count updated: 11 models (accurate)
==================== 2026-05-31T16:17:47.673122Z | 164776d5-c739-4425-a682-3ab3550470d8 ====================
16:17:47.674905 [info ]: Starting dbt LSP server
16:17:47.675499 [info ]: Connecting to LSP client on port 8000
16:17:47.676222 [info ]: Successfully connected to LSP client
16:17:47.676259 [info ]: Creating LSP service...
16:17:47.884706 [info ]: Creating LSP server...
16:17:47.884732 [info ]: Starting LSP server...
16:17:47.999170 [info ]: Loading profiles.yml
16:17:48.054925 [info ]: Started loading project
16:17:48.059963 [info ]: Loading profiles.yml
16:17:48.544527 [debug]:    Started loading packages
16:17:48.550990 [debug]:     Loaded [  0.01s] packages
16:17:48.565899 [info ]: Started parsing
16:17:48.650048 [info ]: Finished loading project [  0.60s]
16:17:48.668399 [debug]: Finished parsing models/schema.yml [  0.01s]
16:17:48.670314 [debug]: Finished parsing models/sources.yml [  0.00s]
16:17:48.708826 [debug]: Finished parsing models/intermediate/int_admissions.sql [  0.03s]
16:17:48.710163 [debug]: Finished parsing models/intermediate/int_providers.sql [  0.00s]
16:17:48.711463 [debug]: Finished parsing models/staging/stg_admissions.sql [  0.00s]
16:17:48.712963 [debug]: Finished parsing models/staging/stg_diagnosis.sql [  0.00s]
16:17:48.713898 [debug]: Finished parsing models/staging/stg_emergency_contacts.sql [  0.00s]
16:17:48.714957 [debug]: Finished parsing models/staging/stg_lab_events.sql [  0.00s]
16:17:48.715991 [debug]: Finished parsing models/staging/stg_lab_specimen_types.sql [  0.00s]
16:17:48.717479 [debug]: Finished parsing models/staging/stg_patients.sql [  0.00s]
16:17:48.718465 [debug]: Finished parsing models/staging/stg_providers.sql [  0.00s]
16:17:48.719412 [debug]: Finished parsing models/staging/stg_services.sql [  0.00s]
16:17:48.746919 [debug]: Finished parsing models/staging/stg_transfers.sql [  0.03s]
16:17:48.756110 [info ]: Finished parsing [  0.19s]
16:17:48.758764 [info ]: Cached model count updated: 11 models (estimate)
16:17:48.758791 [info ]: Cached model count updated: 11 models (accurate)
16:17:48.761595 [info ]: Started scheduling
16:17:48.766786 [info ]: Finished scheduling [  0.01s]
16:17:48.767300 [debug]: Compilation - 1 nodes selected: {"model.raqib_sf.stg_transfers"}
16:17:48.767668 [info ]: Started scheduling
16:17:48.767899 [info ]: Finished scheduling [  0.00s]
16:17:48.773615 [debug]: Initializing schema store with entry: Frontier(CanonicalFqn { catalog: "RAW", schema: "PUBLIC", table: "ADMISSIONS" }) and interval: None
16:17:48.773878 [debug]: Initializing schema store with entry: Frontier(CanonicalFqn { catalog: "RAW", schema: "PUBLIC", table: "SERVICES" }) and interval: None
16:17:48.773896 [debug]: Initializing schema store with entry: Frontier(CanonicalFqn { catalog: "RAW", schema: "PUBLIC", table: "LAB_EVENTS" }) and interval: None
16:17:48.773908 [debug]: Initializing schema store with entry: Frontier(CanonicalFqn { catalog: "RAW", schema: "PUBLIC", table: "DIAGNOSIS" }) and interval: None
16:17:48.773920 [debug]: Initializing schema store with entry: Frontier(CanonicalFqn { catalog: "RAW", schema: "PUBLIC", table: "EMERGENCY_CONTACTS" }) and interval: None
16:17:48.773932 [debug]: Initializing schema store with entry: Frontier(CanonicalFqn { catalog: "RAW", schema: "PUBLIC", table: "TRANSFERS" }) and interval: None
16:17:48.773945 [debug]: Initializing schema store with entry: Frontier(CanonicalFqn { catalog: "RAW", schema: "PUBLIC", table: "PROVIDERS" }) and interval: None
16:17:48.773956 [debug]: Initializing schema store with entry: Frontier(CanonicalFqn { catalog: "RAW", schema: "PUBLIC", table: "LAB_SPECIMEN_TYPES" }) and interval: None
16:17:48.773968 [debug]: Initializing schema store with entry: Frontier(CanonicalFqn { catalog: "RAW", schema: "PUBLIC", table: "PATIENTS" }) and interval: None
16:17:49.195678 [info ]: Started building task graph
16:17:49.198946 [info ]: Finished building task graph [  0.00s]
16:17:49.206399 [info ]: Started rendering (1 nodes)
16:17:49.208348 [info ]: Started model dbt_dev_staging.stg_transfers
16:17:49.209263 [debug]: Started rendering model dbt_dev_staging.stg_transfers
16:17:49.218490 [debug]: Compiled SQL for node model.raqib_sf.stg_transfers at target/.lsp/compiled/models/staging/stg_transfers.sql
16:17:49.221688 [debug]: Finished rendering [  0.01s] model dbt_dev_staging.stg_transfers [success]
16:17:49.221737 [info ]: Finished rendering [  0.02s] (1 nodes, 0 skipped, 0 errors)
16:17:49.221948 [info ]: Started analyzing (1 nodes)
16:17:49.221964 [debug]: Started analyzing model dbt_dev_staging.stg_transfers
16:17:49.292314 [info ]:  Succeeded [  0.08s] model dbt_dev_staging.stg_transfers (ephemeral)
16:17:49.292870 [debug]: Finished analyzing [  0.07s] model dbt_dev_staging.stg_transfers [success]
16:17:49.292899 [info ]: Finished analyzing [  0.07s] (1 nodes, 0 skipped, 0 errors)
16:17:49.312419 [info ]: Started scheduling
16:17:49.312515 [info ]: Finished scheduling [  0.00s]
16:17:49.314364 [info ]: Cached model count updated: 11 models (accurate)
16:17:50.484973 [info ]: Started loading project
16:17:50.485626 [info ]: Loading profiles.yml
16:17:50.527527 [info ]: Cached model count updated: 11 models (estimate)
16:17:50.527552 [info ]: Cached model count updated: 11 models (accurate)
16:17:50.527612 [info ]: Started scheduling
16:17:50.527756 [info ]: Finished scheduling [  0.00s]
16:17:50.527777 [debug]: Compilation - 1 nodes selected: {"model.raqib_sf.stg_transfers"}
16:17:50.875079 [info ]: Started building task graph
16:17:50.875148 [info ]: Finished building task graph [  0.00s]
16:17:50.875288 [info ]: Started rendering (1 nodes)
16:17:50.875322 [info ]: Started model dbt_dev_staging.stg_transfers
16:17:50.875339 [debug]: Started rendering model dbt_dev_staging.stg_transfers
16:17:50.875416 [info ]: Finished loading project [  0.39s]
16:17:50.877992 [debug]: Compiled SQL for node model.raqib_sf.stg_transfers at target/.lsp/compiled/models/staging/stg_transfers.sql
16:17:50.878140 [debug]: Finished rendering [  0.00s] model dbt_dev_staging.stg_transfers [success]
16:17:50.878164 [info ]: Finished rendering [  0.00s] (1 nodes, 0 skipped, 0 errors)
16:17:50.878198 [info ]: Started analyzing (1 nodes)
16:17:50.878211 [debug]: Started analyzing model dbt_dev_staging.stg_transfers
16:17:50.878783 [info ]:  Succeeded [  0.00s] model dbt_dev_staging.stg_transfers (ephemeral)
16:17:50.878830 [debug]: Finished analyzing [  0.00s] model dbt_dev_staging.stg_transfers [success]
16:17:50.878841 [info ]: Finished analyzing [  0.00s] (1 nodes, 0 skipped, 0 errors)
16:17:50.886345 [info ]: Started scheduling
16:17:50.886439 [info ]: Finished scheduling [  0.00s]
16:17:50.889038 [info ]: Cached model count updated: 11 models (accurate)
16:17:52.066331 [info ]: Started loading project
16:17:52.066825 [info ]: Loading profiles.yml
16:17:52.108760 [info ]: Cached model count updated: 11 models (estimate)
16:17:52.108787 [info ]: Cached model count updated: 11 models (accurate)
16:17:52.108901 [info ]: Started scheduling
16:17:52.109143 [info ]: Finished scheduling [  0.00s]
16:17:52.109171 [debug]: Compilation - 11 nodes selected: {"model.raqib_sf.int_admissions", "model.raqib_sf.int_providers", "model.raqib_sf.stg_admissions", "model.raqib_sf.stg_diagnosis", "model.raqib_sf.stg_emergency_contacts", "model.raqib_sf.stg_lab_events", "model.raqib_sf.stg_lab_specimen_types", "model.raqib_sf.stg_patients", "model.raqib_sf.stg_providers", "model.raqib_sf.stg_services", "model.raqib_sf.stg_transfers"}
16:17:52.480180 [info ]: Started building task graph
16:17:52.480429 [info ]: Finished building task graph [  0.00s]
16:17:52.480652 [info ]: Started rendering (11 nodes)
16:17:52.480685 [info ]: Started model dbt_dev_staging.stg_transfers
16:17:52.480702 [debug]: Started rendering model dbt_dev_staging.stg_transfers
16:17:52.480734 [info ]: Started model dbt_dev_staging.stg_services
16:17:52.480748 [debug]: Started rendering model dbt_dev_staging.stg_services
16:17:52.480764 [info ]: Started model dbt_dev_staging.stg_patients
16:17:52.480772 [info ]: Finished loading project [  0.41s]
16:17:52.480776 [debug]: Started rendering model dbt_dev_staging.stg_patients
16:17:52.480794 [info ]: Started model dbt_dev_staging.stg_lab_specimen_types
16:17:52.480809 [debug]: Started rendering model dbt_dev_staging.stg_lab_specimen_types
16:17:52.480835 [info ]: Started model dbt_dev_staging.stg_lab_events
16:17:52.480855 [debug]: Started rendering model dbt_dev_staging.stg_lab_events
16:17:52.480880 [info ]: Started model dbt_dev_staging.stg_emergency_contacts
16:17:52.480897 [debug]: Started rendering model dbt_dev_staging.stg_emergency_contacts
16:17:52.480928 [info ]: Started model dbt_dev_staging.stg_diagnosis
16:17:52.480948 [debug]: Started rendering model dbt_dev_staging.stg_diagnosis
16:17:52.480975 [info ]: Started model dbt_dev_staging.stg_providers
16:17:52.480997 [debug]: Started rendering model dbt_dev_staging.stg_providers
16:17:52.481036 [info ]: Started model dbt_dev_staging.stg_admissions
16:17:52.481055 [debug]: Started rendering model dbt_dev_staging.stg_admissions
16:17:52.481190 [debug]: Compiled SQL for node model.raqib_sf.stg_transfers at target/.lsp/compiled/models/staging/stg_transfers.sql
16:17:52.481323 [debug]: Finished rendering [  0.00s] model dbt_dev_staging.stg_transfers [success]
16:17:52.481375 [info ]: Started analyzing (11 nodes)
16:17:52.481391 [debug]: Started analyzing model dbt_dev_staging.stg_transfers
16:17:52.483224 [info ]:  Succeeded [  0.00s] model dbt_dev_staging.stg_transfers (ephemeral)
16:17:52.483282 [debug]: Compiled SQL for node model.raqib_sf.stg_services at target/.lsp/compiled/models/staging/stg_services.sql
16:17:52.483313 [debug]: Compiled SQL for node model.raqib_sf.stg_patients at target/.lsp/compiled/models/staging/stg_patients.sql
16:17:52.483361 [debug]: Finished analyzing [  0.00s] model dbt_dev_staging.stg_transfers [success]
16:17:52.483579 [debug]: Compiled SQL for node model.raqib_sf.stg_diagnosis at target/.lsp/compiled/models/staging/stg_diagnosis.sql
16:17:52.483559 [debug]: Compiled SQL for node model.raqib_sf.stg_lab_specimen_types at target/.lsp/compiled/models/staging/stg_lab_specimen_types.sql
16:17:52.483597 [debug]: Compiled SQL for node model.raqib_sf.stg_emergency_contacts at target/.lsp/compiled/models/staging/stg_emergency_contacts.sql
16:17:52.483756 [debug]: Finished rendering [  0.00s] model dbt_dev_staging.stg_patients [success]
16:17:52.483799 [debug]: Started analyzing model dbt_dev_staging.stg_patients
16:17:52.483847 [debug]: Finished rendering [  0.00s] model dbt_dev_staging.stg_services [success]
16:17:52.483885 [debug]: Started analyzing model dbt_dev_staging.stg_services
16:17:52.483931 [debug]: Finished rendering [  0.00s] model dbt_dev_staging.stg_emergency_contacts [success]
16:17:52.483967 [debug]: Started analyzing model dbt_dev_staging.stg_emergency_contacts
16:17:52.484010 [debug]: Finished rendering [  0.00s] model dbt_dev_staging.stg_diagnosis [success]
16:17:52.484044 [debug]: Started analyzing model dbt_dev_staging.stg_diagnosis
16:17:52.484083 [debug]: Finished rendering [  0.00s] model dbt_dev_staging.stg_lab_specimen_types [success]
16:17:52.484116 [debug]: Started analyzing model dbt_dev_staging.stg_lab_specimen_types
16:17:52.484506 [debug]: Compiled SQL for node model.raqib_sf.stg_providers at target/.lsp/compiled/models/staging/stg_providers.sql
16:17:52.484771 [debug]: Finished rendering [  0.00s] model dbt_dev_staging.stg_providers [success]
16:17:52.484811 [debug]: Started analyzing model dbt_dev_staging.stg_providers
16:17:52.484847 [info ]: Started model dbt_dev_intermediate.int_providers
16:17:52.484871 [debug]: Started rendering model dbt_dev_intermediate.int_providers
16:17:52.484974 [info ]:  Succeeded [  0.00s] model dbt_dev_staging.stg_lab_specimen_types (ephemeral)
16:17:52.485021 [debug]: Finished analyzing [  0.00s] model dbt_dev_staging.stg_lab_specimen_types [success]
16:17:52.485580 [debug]: Compiled SQL for node model.raqib_sf.stg_admissions at target/.lsp/compiled/models/staging/stg_admissions.sql
16:17:52.486260 [debug]: Finished rendering [  0.01s] model dbt_dev_staging.stg_admissions [success]
16:17:52.486316 [info ]: Started model dbt_dev_intermediate.int_admissions
16:17:52.486351 [debug]: Started rendering model dbt_dev_intermediate.int_admissions
16:17:52.486390 [debug]: Started analyzing model dbt_dev_staging.stg_admissions
16:17:52.488091 [debug]: Compiled SQL for node model.raqib_sf.int_admissions at target/.lsp/compiled/models/intermediate/int_admissions.sql
16:17:52.488122 [debug]: Compiled SQL for node model.raqib_sf.int_providers at target/.lsp/compiled/models/intermediate/int_providers.sql
16:17:52.488629 [debug]: Finished rendering [  0.00s] model dbt_dev_intermediate.int_admissions [success]
16:17:52.488700 [debug]: Started analyzing model dbt_dev_intermediate.int_admissions
16:17:52.488813 [debug]: Finished rendering [  0.00s] model dbt_dev_intermediate.int_providers [success]
16:17:52.488935 [debug]: Started analyzing model dbt_dev_intermediate.int_providers
16:17:52.488982 [info ]:  Succeeded [  0.01s] model dbt_dev_staging.stg_emergency_contacts (ephemeral)
16:17:52.489022 [debug]: Finished analyzing [  0.01s] model dbt_dev_staging.stg_emergency_contacts [success]
16:17:52.492101 [debug]: Compiled SQL for node model.raqib_sf.stg_lab_events at target/.lsp/compiled/models/staging/stg_lab_events.sql
16:17:52.494356 [debug]: Finished rendering [  0.01s] model dbt_dev_staging.stg_lab_events [success]
16:17:52.494432 [info ]: Finished rendering [  0.01s] (11 nodes, 0 skipped, 0 errors)
16:17:52.494495 [debug]: Started analyzing model dbt_dev_staging.stg_lab_events
16:17:52.514215 [info ]:  Succeeded [  0.03s] model dbt_dev_staging.stg_lab_events (ephemeral)
16:17:52.514290 [debug]: Finished analyzing [  0.02s] model dbt_dev_staging.stg_lab_events [success]
16:17:52.519243 [info ]:  Succeeded [  0.04s] model dbt_dev_staging.stg_admissions (ephemeral)
16:17:52.519371 [debug]: Finished analyzing [  0.03s] model dbt_dev_staging.stg_admissions [success]
16:17:52.525003 [info ]:  Succeeded [  0.04s] model dbt_dev_intermediate.int_admissions (view)
16:17:52.525057 [debug]: Finished analyzing [  0.04s] model dbt_dev_intermediate.int_admissions [success]
16:17:52.530567 [info ]:  Succeeded [  0.05s] model dbt_dev_staging.stg_providers (ephemeral)
16:17:52.530621 [debug]: Finished analyzing [  0.05s] model dbt_dev_staging.stg_providers [success]
16:17:52.530812 [info ]:  Succeeded [  0.04s] model dbt_dev_intermediate.int_providers (view)
16:17:52.530854 [debug]: Finished analyzing [  0.04s] model dbt_dev_intermediate.int_providers [success]
16:17:52.539395 [info ]:  Succeeded [  0.06s] model dbt_dev_staging.stg_services (ephemeral)
16:17:52.539436 [debug]: Finished analyzing [  0.06s] model dbt_dev_staging.stg_services [success]
16:17:52.546737 [info ]:  Succeeded [  0.06s] model dbt_dev_staging.stg_patients (ephemeral)
16:17:52.546774 [debug]: Finished analyzing [  0.06s] model dbt_dev_staging.stg_patients [success]
16:17:52.564396 [info ]:  Succeeded [  0.08s] model dbt_dev_staging.stg_diagnosis (ephemeral)
16:17:52.564458 [debug]: Finished analyzing [  0.08s] model dbt_dev_staging.stg_diagnosis [success]
16:17:52.564472 [info ]: Finished analyzing [  0.08s] (11 nodes, 0 skipped, 0 errors)
16:17:52.572371 [info ]: Started scheduling
16:17:52.572453 [info ]: Finished scheduling [  0.00s]
16:17:52.576542 [info ]: Cached model count updated: 11 models (accurate)
19:54:41.810120 [info ]: Started loading project
19:54:41.815613 [info ]: Loading profiles.yml
19:54:41.842811 [info ]: Started loading project
19:54:41.844358 [info ]: Loading profiles.yml
19:54:41.844764 [info ]: Finished loading project [  0.03s]
19:54:42.656880 [debug]:    Started loading packages
19:54:42.658499 [debug]:     Loaded [  0.00s] packages
19:54:42.662558 [info ]: Started parsing
19:54:42.752309 [info ]: Finished loading project [  0.91s]
19:54:42.759362 [debug]: Finished parsing models/schema.yml [  0.00s]
19:54:42.761591 [debug]: Finished parsing models/sources.yml [  0.00s]
19:54:42.766154 [debug]: Finished parsing models/intermediate/int_admissions.sql [  0.00s]
19:54:42.767136 [debug]: Finished parsing models/intermediate/int_providers.sql [  0.00s]
19:54:42.768297 [debug]: Finished parsing models/staging/stg_admissions.sql [  0.00s]
19:54:42.769258 [debug]: Finished parsing models/staging/stg_diagnosis.sql [  0.00s]
19:54:42.770107 [debug]: Finished parsing models/staging/stg_drugs.sql [  0.00s]
19:54:42.771387 [debug]: Finished parsing models/staging/stg_emergency_contacts.sql [  0.00s]
19:54:42.772800 [debug]: Finished parsing models/staging/stg_lab_events.sql [  0.00s]
19:54:42.774151 [debug]: Finished parsing models/staging/stg_lab_specimen_types.sql [  0.00s]
19:54:42.775329 [debug]: Finished parsing models/staging/stg_patients.sql [  0.00s]
19:54:42.777029 [debug]: Finished parsing models/staging/stg_providers.sql [  0.00s]
19:54:42.778209 [debug]: Finished parsing models/staging/stg_services.sql [  0.00s]
19:54:42.793676 [debug]: Finished parsing models/staging/stg_transfers.sql [  0.02s]
19:54:42.797992 [info ]: Finished parsing [  0.14s]
19:54:42.798329 [info ]: Cached model count updated: 12 models (estimate)
19:54:42.798347 [info ]: Cached model count updated: 12 models (accurate)
19:54:42.798431 [info ]: Started scheduling
19:54:42.798534 [info ]: Finished scheduling [  0.00s]
19:54:42.798563 [debug]: Compilation - 0 nodes selected: {}
19:54:42.799204 [warn ]: dbt1600: The selection criterion '' does not match any enabled nodes
19:54:42.800207 [warn ]: dbt1601: Nothing to do. Try checking your model configs and model specification args
19:54:42.800230 [info ]: Started scheduling
19:54:42.800437 [info ]: Finished scheduling [  0.00s]
19:54:42.800759 [debug]: Initializing schema store with entry: Frontier(CanonicalFqn { catalog: "RAW", schema: "PUBLIC", table: "PATIENTS" }) and interval: None
19:54:42.800785 [debug]: Initializing schema store with entry: Frontier(CanonicalFqn { catalog: "RAW", schema: "PUBLIC", table: "DIAGNOSIS" }) and interval: None
19:54:42.800796 [debug]: Initializing schema store with entry: Frontier(CanonicalFqn { catalog: "RAW", schema: "PUBLIC", table: "PROVIDERS" }) and interval: None
19:54:42.800806 [debug]: Initializing schema store with entry: Frontier(CanonicalFqn { catalog: "RAW", schema: "PUBLIC", table: "EMERGENCY_CONTACTS" }) and interval: None
19:54:42.800816 [debug]: Initializing schema store with entry: Frontier(CanonicalFqn { catalog: "RAW", schema: "PUBLIC", table: "ADMISSIONS" }) and interval: None
19:54:42.800826 [debug]: Initializing schema store with entry: Frontier(CanonicalFqn { catalog: "RAW", schema: "PUBLIC", table: "SERVICES" }) and interval: None
19:54:42.800837 [debug]: Initializing schema store with entry: Frontier(CanonicalFqn { catalog: "RAW", schema: "PUBLIC", table: "LAB_EVENTS" }) and interval: None
19:54:42.800846 [debug]: Initializing schema store with entry: Frontier(CanonicalFqn { catalog: "RAW", schema: "PUBLIC", table: "LAB_SPECIMEN_TYPES" }) and interval: None
19:54:42.800856 [debug]: Initializing schema store with entry: Frontier(CanonicalFqn { catalog: "RAW", schema: "PUBLIC", table: "TRANSFERS" }) and interval: None
19:54:43.223455 [info ]: Started building task graph
19:54:43.223561 [info ]: Finished building task graph [  0.00s]
19:54:43.233208 [info ]: Started scheduling
19:54:43.233285 [info ]: Finished scheduling [  0.00s]
19:54:43.245136 [info ]: Cached model count updated: 12 models (accurate)
19:54:44.394311 [info ]: Started loading project
19:54:44.394780 [info ]: Loading profiles.yml
19:54:44.435159 [info ]: Cached model count updated: 12 models (estimate)
19:54:44.435192 [info ]: Cached model count updated: 12 models (accurate)
19:54:44.435246 [info ]: Started scheduling
19:54:44.435476 [info ]: Finished scheduling [  0.00s]
19:54:44.435498 [debug]: Compilation - 11 nodes selected: {"model.raqib_sf.int_admissions", "model.raqib_sf.int_providers", "model.raqib_sf.stg_admissions", "model.raqib_sf.stg_diagnosis", "model.raqib_sf.stg_emergency_contacts", "model.raqib_sf.stg_lab_events", "model.raqib_sf.stg_lab_specimen_types", "model.raqib_sf.stg_patients", "model.raqib_sf.stg_providers", "model.raqib_sf.stg_services", "model.raqib_sf.stg_transfers"}
19:54:44.833875 [info ]: Started building task graph
19:54:44.834064 [info ]: Finished building task graph [  0.00s]
19:54:44.834294 [info ]: Started rendering (11 nodes)
19:54:44.834327 [info ]: Started model dbt_dev_staging.stg_transfers
19:54:44.834393 [debug]: Started rendering model dbt_dev_staging.stg_transfers
19:54:44.834439 [info ]: Started model dbt_dev_staging.stg_services
19:54:44.834464 [debug]: Started rendering model dbt_dev_staging.stg_services
19:54:44.834503 [info ]: Started model dbt_dev_staging.stg_patients
19:54:44.834505 [info ]: Finished loading project [  0.44s]
19:54:44.834518 [debug]: Started rendering model dbt_dev_staging.stg_patients
19:54:44.834546 [info ]: Started model dbt_dev_staging.stg_lab_specimen_types
19:54:44.834570 [debug]: Started rendering model dbt_dev_staging.stg_lab_specimen_types
19:54:44.834600 [info ]: Started model dbt_dev_staging.stg_lab_events
19:54:44.834623 [debug]: Started rendering model dbt_dev_staging.stg_lab_events
19:54:44.834652 [info ]: Started model dbt_dev_staging.stg_emergency_contacts
19:54:44.834672 [debug]: Started rendering model dbt_dev_staging.stg_emergency_contacts
19:54:44.834708 [info ]: Started model dbt_dev_staging.stg_diagnosis
19:54:44.834734 [debug]: Started rendering model dbt_dev_staging.stg_diagnosis
19:54:44.834761 [info ]: Started model dbt_dev_staging.stg_providers
19:54:44.834781 [debug]: Started rendering model dbt_dev_staging.stg_providers
19:54:44.834810 [info ]: Started model dbt_dev_staging.stg_admissions
19:54:44.834832 [debug]: Started rendering model dbt_dev_staging.stg_admissions
19:54:44.839891 [debug]: Compiled SQL for node model.raqib_sf.stg_admissions at target/.lsp/compiled/models/staging/stg_admissions.sql
19:54:44.840000 [debug]: Compiled SQL for node model.raqib_sf.stg_patients at target/.lsp/compiled/models/staging/stg_patients.sql
19:54:44.840055 [debug]: Compiled SQL for node model.raqib_sf.stg_transfers at target/.lsp/compiled/models/staging/stg_transfers.sql
19:54:44.840281 [debug]: Compiled SQL for node model.raqib_sf.stg_providers at target/.lsp/compiled/models/staging/stg_providers.sql
19:54:44.840283 [debug]: Compiled SQL for node model.raqib_sf.stg_emergency_contacts at target/.lsp/compiled/models/staging/stg_emergency_contacts.sql
19:54:44.840420 [debug]: Compiled SQL for node model.raqib_sf.stg_diagnosis at target/.lsp/compiled/models/staging/stg_diagnosis.sql
19:54:44.840585 [debug]: Compiled SQL for node model.raqib_sf.stg_services at target/.lsp/compiled/models/staging/stg_services.sql
19:54:44.840605 [debug]: Compiled SQL for node model.raqib_sf.stg_lab_events at target/.lsp/compiled/models/staging/stg_lab_events.sql
19:54:44.840673 [debug]: Compiled SQL for node model.raqib_sf.stg_lab_specimen_types at target/.lsp/compiled/models/staging/stg_lab_specimen_types.sql
19:54:44.841075 [debug]: Finished rendering [  0.01s] model dbt_dev_staging.stg_admissions [success]
19:54:44.841146 [info ]: Started analyzing (11 nodes)
19:54:44.841169 [debug]: Started analyzing model dbt_dev_staging.stg_admissions
19:54:44.841249 [info ]: Started model dbt_dev_intermediate.int_admissions
19:54:44.841276 [debug]: Started rendering model dbt_dev_intermediate.int_admissions
19:54:44.841336 [debug]: Finished rendering [  0.01s] model dbt_dev_staging.stg_patients [success]
19:54:44.841438 [debug]: Started analyzing model dbt_dev_staging.stg_patients
19:54:44.841472 [debug]: Finished rendering [  0.01s] model dbt_dev_staging.stg_transfers [success]
19:54:44.841502 [debug]: Started analyzing model dbt_dev_staging.stg_transfers
19:54:44.841526 [debug]: Finished rendering [  0.01s] model dbt_dev_staging.stg_emergency_contacts [success]
19:54:44.841553 [debug]: Started analyzing model dbt_dev_staging.stg_emergency_contacts
19:54:44.841584 [debug]: Finished rendering [  0.01s] model dbt_dev_staging.stg_providers [success]
19:54:44.841612 [debug]: Started analyzing model dbt_dev_staging.stg_providers
19:54:44.841643 [info ]: Started model dbt_dev_intermediate.int_providers
19:54:44.841722 [debug]: Started rendering model dbt_dev_intermediate.int_providers
19:54:44.841770 [debug]: Finished rendering [  0.01s] model dbt_dev_staging.stg_diagnosis [success]
19:54:44.841882 [debug]: Started analyzing model dbt_dev_staging.stg_diagnosis
19:54:44.841936 [debug]: Finished rendering [  0.01s] model dbt_dev_staging.stg_services [success]
19:54:44.841989 [debug]: Started analyzing model dbt_dev_staging.stg_services
19:54:44.842025 [debug]: Finished rendering [  0.01s] model dbt_dev_staging.stg_lab_specimen_types [success]
19:54:44.842052 [debug]: Started analyzing model dbt_dev_staging.stg_lab_specimen_types
19:54:44.842082 [debug]: Finished rendering [  0.01s] model dbt_dev_staging.stg_lab_events [success]
19:54:44.842115 [debug]: Started analyzing model dbt_dev_staging.stg_lab_events
19:54:44.843999 [debug]: Compiled SQL for node model.raqib_sf.int_admissions at target/.lsp/compiled/models/intermediate/int_admissions.sql
19:54:44.844894 [info ]:  Succeeded [  0.01s] model dbt_dev_staging.stg_emergency_contacts (ephemeral)
19:54:44.844971 [debug]: Finished analyzing [  0.00s] model dbt_dev_staging.stg_emergency_contacts [success]
19:54:44.845059 [debug]: Finished rendering [  0.00s] model dbt_dev_intermediate.int_admissions [success]
19:54:44.845101 [debug]: Started analyzing model dbt_dev_intermediate.int_admissions
19:54:44.845564 [info ]:  Succeeded [  0.01s] model dbt_dev_staging.stg_transfers (ephemeral)
19:54:44.845652 [debug]: Finished analyzing [  0.00s] model dbt_dev_staging.stg_transfers [success]
19:54:44.845711 [info ]:  Succeeded [  0.01s] model dbt_dev_staging.stg_lab_specimen_types (ephemeral)
19:54:44.845757 [debug]: Finished analyzing [  0.00s] model dbt_dev_staging.stg_lab_specimen_types [success]
19:54:44.846842 [info ]:  Succeeded [  0.01s] model dbt_dev_staging.stg_admissions (ephemeral)
19:54:44.846884 [debug]: Finished analyzing [  0.01s] model dbt_dev_staging.stg_admissions [success]
19:54:44.847236 [info ]:  Succeeded [  0.01s] model dbt_dev_intermediate.int_admissions (view)
19:54:44.847279 [debug]: Finished analyzing [  0.00s] model dbt_dev_intermediate.int_admissions [success]
19:54:44.847442 [debug]: Compiled SQL for node model.raqib_sf.int_providers at target/.lsp/compiled/models/intermediate/int_providers.sql
19:54:44.847867 [debug]: Finished rendering [  0.01s] model dbt_dev_intermediate.int_providers [success]
19:54:44.847893 [info ]: Finished rendering [  0.01s] (11 nodes, 0 skipped, 0 errors)
19:54:44.847941 [debug]: Started analyzing model dbt_dev_intermediate.int_providers
19:54:44.848872 [info ]:  Succeeded [  0.01s] model dbt_dev_staging.stg_lab_events (ephemeral)
19:54:44.848917 [debug]: Finished analyzing [  0.01s] model dbt_dev_staging.stg_lab_events [success]
19:54:44.850912 [info ]:  Succeeded [  0.01s] model dbt_dev_staging.stg_providers (ephemeral)
19:54:44.851002 [debug]: Finished analyzing [  0.01s] model dbt_dev_staging.stg_providers [success]
19:54:44.852583 [info ]:  Succeeded [  0.01s] model dbt_dev_intermediate.int_providers (view)
19:54:44.852642 [debug]: Finished analyzing [  0.00s] model dbt_dev_intermediate.int_providers [success]
19:54:44.853985 [info ]:  Succeeded [  0.02s] model dbt_dev_staging.stg_patients (ephemeral)
19:54:44.854023 [debug]: Finished analyzing [  0.01s] model dbt_dev_staging.stg_patients [success]
19:54:44.856741 [info ]:  Succeeded [  0.02s] model dbt_dev_staging.stg_services (ephemeral)
19:54:44.856776 [debug]: Finished analyzing [  0.01s] model dbt_dev_staging.stg_services [success]
19:54:44.864449 [info ]:  Succeeded [  0.03s] model dbt_dev_staging.stg_diagnosis (ephemeral)
19:54:44.864491 [debug]: Finished analyzing [  0.02s] model dbt_dev_staging.stg_diagnosis [success]
19:54:44.864502 [info ]: Finished analyzing [  0.02s] (11 nodes, 0 skipped, 0 errors)
19:54:44.873056 [info ]: Started scheduling
19:54:44.873131 [info ]: Finished scheduling [  0.00s]
19:54:44.876914 [info ]: Cached model count updated: 12 models (accurate)
19:54:49.730945 [info ]: Started loading project
19:54:49.731978 [info ]: Loading profiles.yml
19:54:49.775694 [info ]: Cached model count updated: 12 models (estimate)
19:54:49.775721 [info ]: Cached model count updated: 12 models (accurate)
19:54:49.775787 [info ]: Started scheduling
19:54:49.775926 [info ]: Finished scheduling [  0.00s]
19:54:49.775947 [debug]: Compilation - 0 nodes selected: {}
19:54:49.775979 [warn ]: dbt1600: The selection criterion '+fqn:model.raqib_sf.stg_drugs' does not match any enabled nodes
19:54:49.775993 [warn ]: dbt1601: Nothing to do. Try checking your model configs and model specification args
19:54:50.206152 [info ]: Started building task graph
19:54:50.206223 [info ]: Finished building task graph [  0.00s]
19:54:50.214422 [info ]: Started scheduling
19:54:50.214505 [info ]: Finished scheduling [  0.00s]
19:54:50.214899 [info ]: Finished loading project [  0.48s]
19:54:50.215396 [info ]: Cached model count updated: 12 models (accurate)
19:54:50.241053 [info ]: Waiting for lease on 'target' directory
19:54:50.799043 [info ]: Started loading project
19:54:50.799537 [info ]: Loading profiles.yml
19:54:50.836026 [info ]: Cached model count updated: 12 models (estimate)
19:54:50.836055 [info ]: Cached model count updated: 12 models (accurate)
19:54:50.836117 [info ]: Started scheduling
19:54:50.836235 [info ]: Finished scheduling [  0.00s]
19:54:50.836256 [debug]: Compilation - 0 nodes selected: {}
19:54:50.836276 [warn ]: dbt1600: The selection criterion '+fqn:model.raqib_sf.stg_drugs' does not match any enabled nodes
19:54:50.836288 [warn ]: dbt1601: Nothing to do. Try checking your model configs and model specification args
19:54:51.211402 [info ]: Started building task graph
19:54:51.211452 [info ]: Finished building task graph [  0.00s]
19:54:51.219124 [info ]: Started scheduling
19:54:51.219271 [info ]: Finished scheduling [  0.00s]
19:54:51.219668 [info ]: Finished loading project [  0.42s]
19:54:51.220154 [info ]: Cached model count updated: 12 models (accurate)
19:54:51.222957 [info ]: Waiting for lease on 'target' directory
19:54:51.331486 [info ]: Started loading project
19:54:51.331913 [info ]: Loading profiles.yml
19:54:51.370558 [info ]: Cached model count updated: 12 models (estimate)
19:54:51.370584 [info ]: Cached model count updated: 12 models (accurate)
19:54:51.370645 [info ]: Started scheduling
19:54:51.370760 [info ]: Finished scheduling [  0.00s]
19:54:51.370780 [debug]: Compilation - 0 nodes selected: {}
19:54:51.370799 [warn ]: dbt1600: The selection criterion '+fqn:model.raqib_sf.stg_drugs' does not match any enabled nodes
19:54:51.370810 [warn ]: dbt1601: Nothing to do. Try checking your model configs and model specification args
19:54:51.772819 [info ]: Started building task graph
19:54:51.772854 [info ]: Finished building task graph [  0.00s]
19:54:51.780641 [info ]: Started scheduling
19:54:51.780749 [info ]: Finished scheduling [  0.00s]
19:54:51.781430 [info ]: Finished loading project [  0.45s]
19:54:51.782578 [info ]: Cached model count updated: 12 models (accurate)
19:54:51.787732 [info ]: Waiting for lease on 'target' directory
19:54:51.927773 [info ]: Started loading project
19:54:51.928256 [info ]: Loading profiles.yml
19:54:51.963708 [info ]: Cached model count updated: 12 models (estimate)
19:54:51.963742 [info ]: Cached model count updated: 12 models (accurate)
19:54:51.963808 [info ]: Started scheduling
19:54:51.963956 [info ]: Finished scheduling [  0.00s]
19:54:51.963982 [debug]: Compilation - 0 nodes selected: {}
19:54:51.964005 [warn ]: dbt1600: The selection criterion '+fqn:model.raqib_sf.stg_drugs' does not match any enabled nodes
19:54:51.964017 [warn ]: dbt1601: Nothing to do. Try checking your model configs and model specification args
19:54:52.340795 [info ]: Started building task graph
19:54:52.340830 [info ]: Finished building task graph [  0.00s]
19:54:52.348543 [info ]: Started scheduling
19:54:52.348629 [info ]: Finished scheduling [  0.00s]
19:54:52.349036 [info ]: Finished loading project [  0.42s]
19:54:52.349465 [info ]: Cached model count updated: 12 models (accurate)
19:54:52.356678 [info ]: Waiting for lease on 'target' directory
19:54:52.468253 [info ]: Started loading project
19:54:52.468689 [info ]: Loading profiles.yml
19:54:52.505490 [info ]: Cached model count updated: 12 models (estimate)
19:54:52.505531 [info ]: Cached model count updated: 12 models (accurate)
19:54:52.505607 [info ]: Started scheduling
19:54:52.505767 [info ]: Finished scheduling [  0.00s]
19:54:52.505785 [debug]: Compilation - 0 nodes selected: {}
19:54:52.505804 [warn ]: dbt1600: The selection criterion '+fqn:model.raqib_sf.stg_drugs' does not match any enabled nodes
19:54:52.505816 [warn ]: dbt1601: Nothing to do. Try checking your model configs and model specification args
19:54:52.900491 [info ]: Started building task graph
19:54:52.900526 [info ]: Finished building task graph [  0.00s]
19:54:52.908303 [info ]: Started scheduling
19:54:52.908380 [info ]: Finished scheduling [  0.00s]
19:54:52.908768 [info ]: Finished loading project [  0.44s]
19:54:52.909284 [info ]: Cached model count updated: 12 models (accurate)
19:54:52.915348 [info ]: Waiting for lease on 'target' directory
19:54:53.033907 [info ]: Started loading project
19:54:53.034430 [info ]: Loading profiles.yml
19:54:53.073217 [info ]: Cached model count updated: 12 models (estimate)
19:54:53.073248 [info ]: Cached model count updated: 12 models (accurate)
19:54:53.073306 [info ]: Started scheduling
19:54:53.073421 [info ]: Finished scheduling [  0.00s]
19:54:53.073442 [debug]: Compilation - 0 nodes selected: {}
19:54:53.073461 [warn ]: dbt1600: The selection criterion '+fqn:model.raqib_sf.stg_drugs' does not match any enabled nodes
19:54:53.073473 [warn ]: dbt1601: Nothing to do. Try checking your model configs and model specification args
19:54:53.484076 [info ]: Started building task graph
19:54:53.484112 [info ]: Finished building task graph [  0.00s]
19:54:53.491489 [info ]: Started scheduling
19:54:53.491563 [info ]: Finished scheduling [  0.00s]
19:54:53.491942 [info ]: Finished loading project [  0.46s]
19:54:53.492420 [info ]: Cached model count updated: 12 models (accurate)
19:54:54.647249 [info ]: Started loading project
19:54:54.648208 [info ]: Loading profiles.yml
19:54:54.698505 [info ]: Cached model count updated: 12 models (estimate)
19:54:54.698571 [info ]: Cached model count updated: 12 models (accurate)
19:54:54.698652 [info ]: Started scheduling
19:54:54.698824 [info ]: Finished scheduling [  0.00s]
19:54:54.698853 [debug]: Compilation - 0 nodes selected: {}
19:54:54.698901 [warn ]: dbt1600: The selection criterion '+fqn:model.raqib_sf.stg_drugs+' does not match any enabled nodes
19:54:54.698920 [warn ]: dbt1601: Nothing to do. Try checking your model configs and model specification args
19:54:55.145298 [info ]: Started building task graph
19:54:55.145338 [info ]: Finished building task graph [  0.00s]
19:54:55.152977 [info ]: Started scheduling
19:54:55.153060 [info ]: Finished scheduling [  0.00s]
19:54:55.153476 [info ]: Finished loading project [  0.51s]
19:54:55.156901 [info ]: Cached model count updated: 12 models (accurate)
19:54:56.303439 [info ]: Started loading project
19:54:56.303913 [info ]: Loading profiles.yml
19:54:56.338209 [info ]: Cached model count updated: 12 models (estimate)
19:54:56.338239 [info ]: Cached model count updated: 12 models (accurate)
19:54:56.338305 [info ]: Started scheduling
19:54:56.338553 [info ]: Finished scheduling [  0.00s]
19:54:56.338584 [debug]: Compilation - 11 nodes selected: {"model.raqib_sf.int_admissions", "model.raqib_sf.int_providers", "model.raqib_sf.stg_admissions", "model.raqib_sf.stg_diagnosis", "model.raqib_sf.stg_emergency_contacts", "model.raqib_sf.stg_lab_events", "model.raqib_sf.stg_lab_specimen_types", "model.raqib_sf.stg_patients", "model.raqib_sf.stg_providers", "model.raqib_sf.stg_services", "model.raqib_sf.stg_transfers"}
19:54:56.859246 [info ]: Started building task graph
19:54:56.859426 [info ]: Finished building task graph [  0.00s]
19:54:56.859665 [info ]: Started rendering (11 nodes)
19:54:56.859699 [info ]: Started model dbt_dev_staging.stg_transfers
19:54:56.859715 [debug]: Started rendering model dbt_dev_staging.stg_transfers
19:54:56.859754 [info ]: Started model dbt_dev_staging.stg_services
19:54:56.859788 [info ]: Finished loading project [  0.56s]
19:54:56.859800 [debug]: Started rendering model dbt_dev_staging.stg_services
19:54:56.859843 [info ]: Started model dbt_dev_staging.stg_patients
19:54:56.859869 [debug]: Started rendering model dbt_dev_staging.stg_patients
19:54:56.859929 [info ]: Started model dbt_dev_staging.stg_lab_specimen_types
19:54:56.860075 [debug]: Started rendering model dbt_dev_staging.stg_lab_specimen_types
19:54:56.860151 [debug]: Compiled SQL for node model.raqib_sf.stg_patients at target/.lsp/compiled/models/staging/stg_patients.sql
19:54:56.860153 [debug]: Compiled SQL for node model.raqib_sf.stg_transfers at target/.lsp/compiled/models/staging/stg_transfers.sql
19:54:56.860162 [debug]: Compiled SQL for node model.raqib_sf.stg_services at target/.lsp/compiled/models/staging/stg_services.sql
19:54:56.860277 [info ]: Started model dbt_dev_staging.stg_lab_events
19:54:56.860329 [debug]: Started rendering model dbt_dev_staging.stg_lab_events
19:54:56.860362 [debug]: Compiled SQL for node model.raqib_sf.stg_lab_specimen_types at target/.lsp/compiled/models/staging/stg_lab_specimen_types.sql
19:54:56.860387 [info ]: Started model dbt_dev_staging.stg_emergency_contacts
19:54:56.860435 [debug]: Started rendering model dbt_dev_staging.stg_emergency_contacts
19:54:56.860480 [info ]: Started model dbt_dev_staging.stg_diagnosis
19:54:56.860549 [debug]: Compiled SQL for node model.raqib_sf.stg_lab_events at target/.lsp/compiled/models/staging/stg_lab_events.sql
19:54:56.860506 [debug]: Started rendering model dbt_dev_staging.stg_diagnosis
19:54:56.860742 [debug]: Compiled SQL for node model.raqib_sf.stg_emergency_contacts at target/.lsp/compiled/models/staging/stg_emergency_contacts.sql
19:54:56.860699 [info ]: Started model dbt_dev_staging.stg_providers
19:54:56.860881 [debug]: Started rendering model dbt_dev_staging.stg_providers
19:54:56.860977 [debug]: Compiled SQL for node model.raqib_sf.stg_diagnosis at target/.lsp/compiled/models/staging/stg_diagnosis.sql
19:54:56.861038 [info ]: Started model dbt_dev_staging.stg_admissions
19:54:56.861132 [debug]: Started rendering model dbt_dev_staging.stg_admissions
19:54:56.861207 [debug]: Compiled SQL for node model.raqib_sf.stg_providers at target/.lsp/compiled/models/staging/stg_providers.sql
19:54:56.861260 [debug]: Finished rendering [  0.00s] model dbt_dev_staging.stg_patients [success]
19:54:56.861305 [info ]: Started analyzing (11 nodes)
19:54:56.861325 [debug]: Started analyzing model dbt_dev_staging.stg_patients
19:54:56.861373 [debug]: Finished rendering [  0.00s] model dbt_dev_staging.stg_transfers [success]
19:54:56.861410 [debug]: Started analyzing model dbt_dev_staging.stg_transfers
19:54:56.861444 [debug]: Compiled SQL for node model.raqib_sf.stg_admissions at target/.lsp/compiled/models/staging/stg_admissions.sql
19:54:56.861452 [debug]: Finished rendering [  0.00s] model dbt_dev_staging.stg_services [success]
19:54:56.861528 [debug]: Started analyzing model dbt_dev_staging.stg_services
19:54:56.861598 [debug]: Finished rendering [  0.00s] model dbt_dev_staging.stg_lab_specimen_types [success]
19:54:56.861632 [debug]: Started analyzing model dbt_dev_staging.stg_lab_specimen_types
19:54:56.861674 [debug]: Finished rendering [  0.00s] model dbt_dev_staging.stg_lab_events [success]
19:54:56.861707 [debug]: Started analyzing model dbt_dev_staging.stg_lab_events
19:54:56.862321 [debug]: Finished rendering [  0.00s] model dbt_dev_staging.stg_emergency_contacts [success]
19:54:56.862792 [debug]: Started analyzing model dbt_dev_staging.stg_emergency_contacts
19:54:56.863432 [debug]: Finished rendering [  0.00s] model dbt_dev_staging.stg_diagnosis [success]
19:54:56.863553 [debug]: Started analyzing model dbt_dev_staging.stg_diagnosis
19:54:56.863720 [debug]: Finished rendering [  0.00s] model dbt_dev_staging.stg_providers [success]
19:54:56.863825 [info ]: Started model dbt_dev_intermediate.int_providers
19:54:56.863900 [debug]: Started rendering model dbt_dev_intermediate.int_providers
19:54:56.864205 [debug]: Started analyzing model dbt_dev_staging.stg_providers
19:54:56.864616 [debug]: Compiled SQL for node model.raqib_sf.int_providers at target/.lsp/compiled/models/intermediate/int_providers.sql
19:54:56.864651 [debug]: Finished rendering [  0.00s] model dbt_dev_staging.stg_admissions [success]
19:54:56.864819 [info ]: Started model dbt_dev_intermediate.int_admissions
19:54:56.864904 [debug]: Started rendering model dbt_dev_intermediate.int_admissions
19:54:56.865115 [debug]: Started analyzing model dbt_dev_staging.stg_admissions
19:54:56.865437 [debug]: Compiled SQL for node model.raqib_sf.int_admissions at target/.lsp/compiled/models/intermediate/int_admissions.sql
19:54:56.867810 [info ]:  Succeeded [  0.01s] model dbt_dev_staging.stg_lab_specimen_types (ephemeral)
19:54:56.867864 [debug]: Finished analyzing [  0.01s] model dbt_dev_staging.stg_lab_specimen_types [success]
19:54:56.867904 [info ]:  Succeeded [  0.01s] model dbt_dev_staging.stg_transfers (ephemeral)
19:54:56.867939 [debug]: Finished analyzing [  0.01s] model dbt_dev_staging.stg_transfers [success]
19:54:56.867974 [info ]:  Succeeded [  0.01s] model dbt_dev_staging.stg_emergency_contacts (ephemeral)
19:54:56.868008 [debug]: Finished analyzing [  0.01s] model dbt_dev_staging.stg_emergency_contacts [success]
19:54:56.868060 [debug]: Finished rendering [  0.00s] model dbt_dev_intermediate.int_providers [success]
19:54:56.868091 [debug]: Started analyzing model dbt_dev_intermediate.int_providers
19:54:56.868991 [info ]:  Succeeded [  0.01s] model dbt_dev_staging.stg_lab_events (ephemeral)
19:54:56.869085 [debug]: Finished analyzing [  0.01s] model dbt_dev_staging.stg_lab_events [success]
19:54:56.869165 [debug]: Finished rendering [  0.00s] model dbt_dev_intermediate.int_admissions [success]
19:54:56.869224 [info ]: Finished rendering [  0.01s] (11 nodes, 0 skipped, 0 errors)
19:54:56.869297 [debug]: Started analyzing model dbt_dev_intermediate.int_admissions
19:54:56.869431 [info ]:  Succeeded [  0.01s] model dbt_dev_staging.stg_admissions (ephemeral)
19:54:56.869524 [debug]: Finished analyzing [  0.00s] model dbt_dev_staging.stg_admissions [success]
19:54:56.870675 [info ]:  Succeeded [  0.01s] model dbt_dev_intermediate.int_admissions (view)
19:54:56.870725 [debug]: Finished analyzing [  0.00s] model dbt_dev_intermediate.int_admissions [success]
19:54:56.870811 [info ]:  Succeeded [  0.01s] model dbt_dev_staging.stg_providers (ephemeral)
19:54:56.870876 [debug]: Finished analyzing [  0.01s] model dbt_dev_staging.stg_providers [success]
19:54:56.873118 [info ]:  Succeeded [  0.01s] model dbt_dev_staging.stg_patients (ephemeral)
19:54:56.873173 [debug]: Finished analyzing [  0.01s] model dbt_dev_staging.stg_patients [success]
19:54:56.873288 [info ]:  Succeeded [  0.01s] model dbt_dev_intermediate.int_providers (view)
19:54:56.873334 [debug]: Finished analyzing [  0.01s] model dbt_dev_intermediate.int_providers [success]
19:54:56.878392 [info ]:  Succeeded [  0.02s] model dbt_dev_staging.stg_services (ephemeral)
19:54:56.878445 [debug]: Finished analyzing [  0.02s] model dbt_dev_staging.stg_services [success]
19:54:56.885983 [info ]:  Succeeded [  0.02s] model dbt_dev_staging.stg_diagnosis (ephemeral)
19:54:56.886066 [debug]: Finished analyzing [  0.02s] model dbt_dev_staging.stg_diagnosis [success]
19:54:56.886102 [info ]: Finished analyzing [  0.02s] (11 nodes, 0 skipped, 0 errors)
19:54:56.895654 [info ]: Started scheduling
19:54:56.895805 [info ]: Finished scheduling [  0.00s]
19:54:56.899237 [info ]: Cached model count updated: 12 models (accurate)
19:55:07.948533 [info ]: Started loading project
19:55:07.949140 [info ]: Loading profiles.yml
19:55:07.986184 [info ]: Cached model count updated: 12 models (estimate)
19:55:07.986209 [info ]: Cached model count updated: 12 models (accurate)
19:55:07.986267 [info ]: Started scheduling
19:55:07.986380 [info ]: Finished scheduling [  0.00s]
19:55:07.986399 [debug]: Compilation - 0 nodes selected: {}
19:55:07.986417 [warn ]: dbt1600: The selection criterion '+fqn:model.raqib_sf.stg_drugs' does not match any enabled nodes
19:55:07.986428 [warn ]: dbt1601: Nothing to do. Try checking your model configs and model specification args
19:55:08.374838 [info ]: Started building task graph
19:55:08.374876 [info ]: Finished building task graph [  0.00s]
19:55:08.383827 [info ]: Started scheduling
19:55:08.383917 [info ]: Finished scheduling [  0.00s]
19:55:08.384324 [info ]: Finished loading project [  0.44s]
19:55:08.384862 [info ]: Cached model count updated: 12 models (accurate)
19:55:08.387100 [info ]: Waiting for lease on 'target' directory
19:55:08.503800 [info ]: Started loading project
19:55:08.504256 [info ]: Loading profiles.yml
19:55:08.541607 [info ]: Cached model count updated: 12 models (estimate)
19:55:08.541631 [info ]: Cached model count updated: 12 models (accurate)
19:55:08.541708 [info ]: Started scheduling
19:55:08.541862 [info ]: Finished scheduling [  0.00s]
19:55:08.541892 [debug]: Compilation - 0 nodes selected: {}
19:55:08.541922 [warn ]: dbt1600: The selection criterion '+fqn:model.raqib_sf.stg_drugs' does not match any enabled nodes
19:55:08.541941 [warn ]: dbt1601: Nothing to do. Try checking your model configs and model specification args
19:55:08.940504 [info ]: Started building task graph
19:55:08.940537 [info ]: Finished building task graph [  0.00s]
19:55:08.949409 [info ]: Started scheduling
19:55:08.949601 [info ]: Finished scheduling [  0.00s]
19:55:08.950065 [info ]: Finished loading project [  0.45s]
19:55:08.950575 [info ]: Cached model count updated: 12 models (accurate)
19:55:10.115910 [info ]: Started loading project
19:55:10.116756 [info ]: Loading profiles.yml
19:55:10.155842 [info ]: Cached model count updated: 12 models (estimate)
19:55:10.155873 [info ]: Cached model count updated: 12 models (accurate)
19:55:10.155937 [info ]: Started scheduling
19:55:10.156064 [info ]: Finished scheduling [  0.00s]
19:55:10.156083 [debug]: Compilation - 0 nodes selected: {}
19:55:10.156103 [warn ]: dbt1600: The selection criterion '+fqn:model.raqib_sf.stg_drugs+' does not match any enabled nodes
19:55:10.156114 [warn ]: dbt1601: Nothing to do. Try checking your model configs and model specification args
19:55:10.537382 [info ]: Started building task graph
19:55:10.537428 [info ]: Finished building task graph [  0.00s]
19:55:10.545614 [info ]: Started scheduling
19:55:10.545698 [info ]: Finished scheduling [  0.00s]
19:55:10.546103 [info ]: Finished loading project [  0.43s]
19:55:10.549814 [info ]: Cached model count updated: 12 models (accurate)
19:55:11.703934 [info ]: Started loading project
19:55:11.704480 [info ]: Loading profiles.yml
19:55:11.738339 [info ]: Cached model count updated: 12 models (estimate)
19:55:11.738370 [info ]: Cached model count updated: 12 models (accurate)
19:55:11.738433 [info ]: Started scheduling
19:55:11.738670 [info ]: Finished scheduling [  0.00s]
19:55:11.738700 [debug]: Compilation - 11 nodes selected: {"model.raqib_sf.int_admissions", "model.raqib_sf.int_providers", "model.raqib_sf.stg_admissions", "model.raqib_sf.stg_diagnosis", "model.raqib_sf.stg_emergency_contacts", "model.raqib_sf.stg_lab_events", "model.raqib_sf.stg_lab_specimen_types", "model.raqib_sf.stg_patients", "model.raqib_sf.stg_providers", "model.raqib_sf.stg_services", "model.raqib_sf.stg_transfers"}
19:55:12.096975 [info ]: Started building task graph
19:55:12.097166 [info ]: Finished building task graph [  0.00s]
19:55:12.097366 [info ]: Started rendering (11 nodes)
19:55:12.097389 [info ]: Started model dbt_dev_staging.stg_transfers
19:55:12.097405 [debug]: Started rendering model dbt_dev_staging.stg_transfers
19:55:12.097447 [info ]: Started model dbt_dev_staging.stg_services
19:55:12.097470 [debug]: Started rendering model dbt_dev_staging.stg_services
19:55:12.097498 [info ]: Started model dbt_dev_staging.stg_patients
19:55:12.097502 [info ]: Finished loading project [  0.39s]
19:55:12.097515 [debug]: Started rendering model dbt_dev_staging.stg_patients
19:55:12.097568 [info ]: Started model dbt_dev_staging.stg_lab_specimen_types
19:55:12.097593 [debug]: Started rendering model dbt_dev_staging.stg_lab_specimen_types
19:55:12.097623 [info ]: Started model dbt_dev_staging.stg_lab_events
19:55:12.097643 [debug]: Started rendering model dbt_dev_staging.stg_lab_events
19:55:12.097674 [info ]: Started model dbt_dev_staging.stg_emergency_contacts
19:55:12.097697 [debug]: Started rendering model dbt_dev_staging.stg_emergency_contacts
19:55:12.097726 [info ]: Started model dbt_dev_staging.stg_diagnosis
19:55:12.097752 [debug]: Started rendering model dbt_dev_staging.stg_diagnosis
19:55:12.097779 [info ]: Started model dbt_dev_staging.stg_providers
19:55:12.097798 [debug]: Started rendering model dbt_dev_staging.stg_providers
19:55:12.097828 [info ]: Started model dbt_dev_staging.stg_admissions
19:55:12.097846 [debug]: Started rendering model dbt_dev_staging.stg_admissions
19:55:12.097887 [debug]: Compiled SQL for node model.raqib_sf.stg_services at target/.lsp/compiled/models/staging/stg_services.sql
19:55:12.097927 [debug]: Compiled SQL for node model.raqib_sf.stg_lab_specimen_types at target/.lsp/compiled/models/staging/stg_lab_specimen_types.sql
19:55:12.097935 [debug]: Compiled SQL for node model.raqib_sf.stg_patients at target/.lsp/compiled/models/staging/stg_patients.sql
19:55:12.098011 [debug]: Compiled SQL for node model.raqib_sf.stg_lab_events at target/.lsp/compiled/models/staging/stg_lab_events.sql
19:55:12.098010 [debug]: Compiled SQL for node model.raqib_sf.stg_transfers at target/.lsp/compiled/models/staging/stg_transfers.sql
19:55:12.098082 [debug]: Finished rendering [  0.00s] model dbt_dev_staging.stg_services [success]
19:55:12.098148 [debug]: Compiled SQL for node model.raqib_sf.stg_emergency_contacts at target/.lsp/compiled/models/staging/stg_emergency_contacts.sql
19:55:12.098132 [info ]: Started analyzing (11 nodes)
19:55:12.098192 [debug]: Started analyzing model dbt_dev_staging.stg_services
19:55:12.098252 [debug]: Compiled SQL for node model.raqib_sf.stg_admissions at target/.lsp/compiled/models/staging/stg_admissions.sql
19:55:12.098261 [debug]: Finished rendering [  0.00s] model dbt_dev_staging.stg_patients [success]
19:55:12.098268 [debug]: Compiled SQL for node model.raqib_sf.stg_diagnosis at target/.lsp/compiled/models/staging/stg_diagnosis.sql
19:55:12.098310 [debug]: Compiled SQL for node model.raqib_sf.stg_providers at target/.lsp/compiled/models/staging/stg_providers.sql
19:55:12.098309 [debug]: Started analyzing model dbt_dev_staging.stg_patients
19:55:12.098360 [debug]: Finished rendering [  0.00s] model dbt_dev_staging.stg_lab_specimen_types [success]
19:55:12.098396 [debug]: Started analyzing model dbt_dev_staging.stg_lab_specimen_types
19:55:12.098472 [debug]: Finished rendering [  0.00s] model dbt_dev_staging.stg_lab_events [success]
19:55:12.098500 [debug]: Started analyzing model dbt_dev_staging.stg_lab_events
19:55:12.098652 [debug]: Finished rendering [  0.00s] model dbt_dev_staging.stg_transfers [success]
19:55:12.098684 [debug]: Started analyzing model dbt_dev_staging.stg_transfers
19:55:12.098782 [debug]: Finished rendering [  0.00s] model dbt_dev_staging.stg_emergency_contacts [success]
19:55:12.098826 [debug]: Started analyzing model dbt_dev_staging.stg_emergency_contacts
19:55:12.098861 [debug]: Finished rendering [  0.00s] model dbt_dev_staging.stg_admissions [success]
19:55:12.098897 [info ]: Started model dbt_dev_intermediate.int_admissions
19:55:12.098924 [debug]: Started rendering model dbt_dev_intermediate.int_admissions
19:55:12.098950 [debug]: Started analyzing model dbt_dev_staging.stg_admissions
19:55:12.098984 [debug]: Finished rendering [  0.00s] model dbt_dev_staging.stg_diagnosis [success]
19:55:12.099015 [debug]: Started analyzing model dbt_dev_staging.stg_diagnosis
19:55:12.099049 [debug]: Finished rendering [  0.00s] model dbt_dev_staging.stg_providers [success]
19:55:12.099087 [info ]: Started model dbt_dev_intermediate.int_providers
19:55:12.099110 [debug]: Started rendering model dbt_dev_intermediate.int_providers
19:55:12.099231 [debug]: Started analyzing model dbt_dev_staging.stg_providers
19:55:12.099274 [info ]:  Succeeded [-------] model dbt_dev_staging.stg_lab_specimen_types (ephemeral)
19:55:12.099332 [debug]: Finished analyzing [  0.00s] model dbt_dev_staging.stg_lab_specimen_types [success]
19:55:12.099496 [info ]:  Succeeded [  0.00s] model dbt_dev_staging.stg_transfers (ephemeral)
19:55:12.099533 [debug]: Finished analyzing [  0.00s] model dbt_dev_staging.stg_transfers [success]
19:55:12.099707 [info ]:  Succeeded [  0.00s] model dbt_dev_staging.stg_emergency_contacts (ephemeral)
19:55:12.099810 [debug]: Finished analyzing [  0.00s] model dbt_dev_staging.stg_emergency_contacts [success]
19:55:12.099941 [debug]: Compiled SQL for node model.raqib_sf.int_admissions at target/.lsp/compiled/models/intermediate/int_admissions.sql
19:55:12.100069 [info ]:  Succeeded [  0.00s] model dbt_dev_staging.stg_admissions (ephemeral)
19:55:12.100096 [debug]: Finished analyzing [  0.00s] model dbt_dev_staging.stg_admissions [success]
19:55:12.100142 [debug]: Finished rendering [  0.00s] model dbt_dev_intermediate.int_admissions [success]
19:55:12.100165 [debug]: Started analyzing model dbt_dev_intermediate.int_admissions
19:55:12.100962 [info ]:  Succeeded [  0.00s] model dbt_dev_intermediate.int_admissions (view)
19:55:12.101003 [debug]: Finished analyzing [  0.00s] model dbt_dev_intermediate.int_admissions [success]
19:55:12.101386 [info ]:  Succeeded [  0.00s] model dbt_dev_staging.stg_lab_events (ephemeral)
19:55:12.101416 [debug]: Compiled SQL for node model.raqib_sf.int_providers at target/.lsp/compiled/models/intermediate/int_providers.sql
19:55:12.101589 [debug]: Finished analyzing [  0.00s] model dbt_dev_staging.stg_lab_events [success]
19:55:12.101774 [debug]: Finished rendering [  0.00s] model dbt_dev_intermediate.int_providers [success]
19:55:12.101795 [info ]: Finished rendering [  0.00s] (11 nodes, 0 skipped, 0 errors)
19:55:12.101833 [debug]: Started analyzing model dbt_dev_intermediate.int_providers
19:55:12.105382 [info ]:  Succeeded [  0.01s] model dbt_dev_staging.stg_providers (ephemeral)
19:55:12.105440 [debug]: Finished analyzing [  0.01s] model dbt_dev_staging.stg_providers [success]
19:55:12.106282 [info ]:  Succeeded [  0.01s] model dbt_dev_intermediate.int_providers (view)
19:55:12.106320 [debug]: Finished analyzing [  0.00s] model dbt_dev_intermediate.int_providers [success]
19:55:12.106700 [info ]:  Succeeded [  0.01s] model dbt_dev_staging.stg_patients (ephemeral)
19:55:12.106732 [debug]: Finished analyzing [  0.01s] model dbt_dev_staging.stg_patients [success]
19:55:12.110140 [info ]:  Succeeded [  0.01s] model dbt_dev_staging.stg_services (ephemeral)
19:55:12.110175 [debug]: Finished analyzing [  0.01s] model dbt_dev_staging.stg_services [success]
19:55:12.117411 [info ]:  Succeeded [  0.02s] model dbt_dev_staging.stg_diagnosis (ephemeral)
19:55:12.117462 [debug]: Finished analyzing [  0.02s] model dbt_dev_staging.stg_diagnosis [success]
19:55:12.117473 [info ]: Finished analyzing [  0.02s] (11 nodes, 0 skipped, 0 errors)
19:55:12.125628 [info ]: Started scheduling
19:55:12.125726 [info ]: Finished scheduling [  0.00s]
19:55:12.129017 [info ]: Cached model count updated: 12 models (accurate)
19:55:32.801270 [info ]: Started loading project
19:55:32.802158 [info ]: Loading profiles.yml
19:55:32.819861 [info ]: Started parsing
19:55:32.861806 [info ]: Finished loading project [  0.06s]
19:55:32.866431 [debug]: Finished parsing models/staging/stg_drugs.sql [  0.00s]
19:55:32.870547 [error]: dbt1048: Source 'raw.drugs' not found in project. Searched for 'drugs'
  --> models/staging/stg_drugs.sql:2:19
19:55:32.874468 [info ]: Cached model count updated: 12 models (estimate)
19:55:32.874514 [info ]: Cached model count updated: 12 models (accurate)
19:55:32.874634 [info ]: Started scheduling
19:55:32.874750 [info ]: Finished scheduling [  0.00s]
19:55:32.874768 [debug]: Compilation - 1 nodes selected: {"model.raqib_sf.stg_drugs"}
19:55:33.298252 [info ]: Started building task graph
19:55:33.298310 [info ]: Finished building task graph [  0.00s]
19:55:33.298445 [info ]: Started rendering (1 nodes)
19:55:33.298470 [info ]: Started model dbt_dev_staging.stg_drugs
19:55:33.298487 [debug]: Started rendering model dbt_dev_staging.stg_drugs
19:55:33.298549 [info ]: Finished parsing [  0.48s]
19:55:33.300872 [error]: dbt1501: Failed to render SQL not a key type: Source not found for source name: raw, table name: drugs
(in models/staging/stg_drugs.sql:2:19)
  --> models/staging/stg_drugs.sql:2:19
19:55:33.301393 [info ]: Started analyzing (1 nodes)
19:55:33.301415 [debug]: Started analyzing model dbt_dev_staging.stg_drugs
19:55:33.301444 [info ]:     Failed [  0.00s] model dbt_dev_staging.stg_drugs (ephemeral)
19:55:33.301475 [debug]: Finished analyzing [  0.00s] model dbt_dev_staging.stg_drugs [skipped]
19:55:33.301486 [info ]: Finished analyzing [  0.00s] (1 nodes, 1 skipped, 0 errors)
19:55:33.309340 [info ]: Started scheduling
19:55:33.309472 [info ]: Finished scheduling [  0.00s]
19:55:33.312593 [info ]: Cached model count updated: 12 models (accurate)
19:55:33.312682 [debug]: Finished rendering [  0.01s] model dbt_dev_staging.stg_drugs [error]
19:55:33.312736 [info ]: Finished rendering [  0.01s] (1 nodes, 0 skipped, 1 errors)
19:55:34.471736 [info ]: Started loading project
19:55:34.472190 [info ]: Loading profiles.yml
19:55:34.508830 [info ]: Cached model count updated: 12 models (estimate)
19:55:34.508861 [info ]: Cached model count updated: 12 models (accurate)
19:55:34.508924 [info ]: Started scheduling
19:55:34.509065 [info ]: Finished scheduling [  0.00s]
19:55:34.509095 [debug]: Compilation - 1 nodes selected: {"model.raqib_sf.stg_drugs"}
19:55:35.131810 [info ]: Started building task graph
19:55:35.131914 [info ]: Finished building task graph [  0.00s]
19:55:35.132713 [info ]: Started rendering (1 nodes)
19:55:35.132790 [info ]: Started model dbt_dev_staging.stg_drugs
19:55:35.132830 [debug]: Started rendering model dbt_dev_staging.stg_drugs
19:55:35.132907 [info ]: Finished loading project [  0.66s]
19:55:35.133710 [error]: dbt1501: Failed to render SQL not a key type: Source not found for source name: raw, table name: drugs
(in models/staging/stg_drugs.sql:2:19)
  --> models/staging/stg_drugs.sql:2:19
19:55:35.133886 [info ]: Started analyzing (1 nodes)
19:55:35.133909 [debug]: Started analyzing model dbt_dev_staging.stg_drugs
19:55:35.133967 [info ]:     Failed [  0.00s] model dbt_dev_staging.stg_drugs (ephemeral)
19:55:35.134084 [debug]: Finished analyzing [  0.00s] model dbt_dev_staging.stg_drugs [skipped]
19:55:35.134116 [info ]: Finished analyzing [  0.00s] (1 nodes, 1 skipped, 0 errors)
19:55:35.149639 [info ]: Started scheduling
19:55:35.149773 [info ]: Finished scheduling [  0.00s]
19:55:35.157307 [info ]: Cached model count updated: 12 models (accurate)
19:55:35.157477 [debug]: Finished rendering [  0.02s] model dbt_dev_staging.stg_drugs [error]
19:55:35.157850 [info ]: Finished rendering [  0.03s] (1 nodes, 0 skipped, 1 errors)
19:55:36.304851 [info ]: Started loading project
19:55:36.305349 [info ]: Loading profiles.yml
19:55:36.343530 [info ]: Cached model count updated: 12 models (estimate)
19:55:36.343560 [info ]: Cached model count updated: 12 models (accurate)
19:55:36.343623 [info ]: Started scheduling
19:55:36.343951 [info ]: Finished scheduling [  0.00s]
19:55:36.343983 [debug]: Compilation - 12 nodes selected: {"model.raqib_sf.int_admissions", "model.raqib_sf.int_providers", "model.raqib_sf.stg_admissions", "model.raqib_sf.stg_diagnosis", "model.raqib_sf.stg_drugs", "model.raqib_sf.stg_emergency_contacts", "model.raqib_sf.stg_lab_events", "model.raqib_sf.stg_lab_specimen_types", "model.raqib_sf.stg_patients", "model.raqib_sf.stg_providers", "model.raqib_sf.stg_services", "model.raqib_sf.stg_transfers"}
19:55:36.719887 [info ]: Started building task graph
19:55:36.720155 [info ]: Finished building task graph [  0.00s]
19:55:36.720367 [info ]: Started rendering (12 nodes)
19:55:36.720389 [info ]: Started model dbt_dev_staging.stg_transfers
19:55:36.720405 [debug]: Started rendering model dbt_dev_staging.stg_transfers
19:55:36.720447 [info ]: Started model dbt_dev_staging.stg_services
19:55:36.720470 [debug]: Started rendering model dbt_dev_staging.stg_services
19:55:36.720498 [info ]: Started model dbt_dev_staging.stg_patients
19:55:36.720505 [info ]: Finished loading project [  0.42s]
19:55:36.720508 [debug]: Started rendering model dbt_dev_staging.stg_patients
19:55:36.720538 [info ]: Started model dbt_dev_staging.stg_lab_specimen_types
19:55:36.720558 [debug]: Started rendering model dbt_dev_staging.stg_lab_specimen_types
19:55:36.720589 [info ]: Started model dbt_dev_staging.stg_lab_events
19:55:36.720789 [debug]: Started rendering model dbt_dev_staging.stg_lab_events
19:55:36.720874 [info ]: Started model dbt_dev_staging.stg_emergency_contacts
19:55:36.720903 [debug]: Started rendering model dbt_dev_staging.stg_emergency_contacts
19:55:36.720934 [info ]: Started model dbt_dev_staging.stg_drugs
19:55:36.720954 [debug]: Started rendering model dbt_dev_staging.stg_drugs
19:55:36.720984 [info ]: Started model dbt_dev_staging.stg_diagnosis
19:55:36.721010 [debug]: Started rendering model dbt_dev_staging.stg_diagnosis
19:55:36.721041 [info ]: Started model dbt_dev_staging.stg_providers
19:55:36.721064 [debug]: Started rendering model dbt_dev_staging.stg_providers
19:55:36.721127 [info ]: Started model dbt_dev_staging.stg_admissions
19:55:36.721157 [debug]: Started rendering model dbt_dev_staging.stg_admissions
19:55:36.722329 [error]: dbt1501: Failed to render SQL not a key type: Source not found for source name: raw, table name: drugs
(in models/staging/stg_drugs.sql:2:19)
  --> models/staging/stg_drugs.sql:2:19
19:55:36.722387 [info ]: Started analyzing (12 nodes)
19:55:36.722403 [debug]: Started analyzing model dbt_dev_staging.stg_drugs
19:55:36.722433 [info ]:     Failed [  0.00s] model dbt_dev_staging.stg_drugs (ephemeral)
19:55:36.722469 [debug]: Finished analyzing [  0.00s] model dbt_dev_staging.stg_drugs [skipped]
19:55:36.722511 [debug]: Finished rendering [  0.00s] model dbt_dev_staging.stg_drugs [error]
19:55:36.722999 [debug]: Compiled SQL for node model.raqib_sf.stg_transfers at target/.lsp/compiled/models/staging/stg_transfers.sql
19:55:36.723018 [debug]: Compiled SQL for node model.raqib_sf.stg_lab_specimen_types at target/.lsp/compiled/models/staging/stg_lab_specimen_types.sql
19:55:36.723059 [debug]: Compiled SQL for node model.raqib_sf.stg_patients at target/.lsp/compiled/models/staging/stg_patients.sql
19:55:36.723068 [debug]: Compiled SQL for node model.raqib_sf.stg_admissions at target/.lsp/compiled/models/staging/stg_admissions.sql
19:55:36.723114 [debug]: Compiled SQL for node model.raqib_sf.stg_services at target/.lsp/compiled/models/staging/stg_services.sql
19:55:36.723139 [debug]: Compiled SQL for node model.raqib_sf.stg_lab_events at target/.lsp/compiled/models/staging/stg_lab_events.sql
19:55:36.723116 [debug]: Compiled SQL for node model.raqib_sf.stg_emergency_contacts at target/.lsp/compiled/models/staging/stg_emergency_contacts.sql
19:55:36.723258 [debug]: Finished rendering [  0.00s] model dbt_dev_staging.stg_transfers [success]
19:55:36.723278 [debug]: Compiled SQL for node model.raqib_sf.stg_diagnosis at target/.lsp/compiled/models/staging/stg_diagnosis.sql
19:55:36.723370 [debug]: Compiled SQL for node model.raqib_sf.stg_providers at target/.lsp/compiled/models/staging/stg_providers.sql
19:55:36.723427 [debug]: Started analyzing model dbt_dev_staging.stg_transfers
19:55:36.723505 [debug]: Started analyzing model dbt_dev_staging.stg_lab_specimen_types
19:55:36.723570 [debug]: Finished rendering [  0.00s] model dbt_dev_staging.stg_patients [success]
19:55:36.723553 [debug]: Finished rendering [  0.00s] model dbt_dev_staging.stg_lab_specimen_types [success]
19:55:36.723624 [debug]: Started analyzing model dbt_dev_staging.stg_patients
19:55:36.723729 [debug]: Finished rendering [  0.00s] model dbt_dev_staging.stg_admissions [success]
19:55:36.723798 [info ]: Started model dbt_dev_intermediate.int_admissions
19:55:36.723832 [debug]: Started rendering model dbt_dev_intermediate.int_admissions
19:55:36.723861 [debug]: Started analyzing model dbt_dev_staging.stg_admissions
19:55:36.723899 [debug]: Finished rendering [  0.00s] model dbt_dev_staging.stg_services [success]
19:55:36.723933 [debug]: Started analyzing model dbt_dev_staging.stg_services
19:55:36.723972 [debug]: Finished rendering [  0.00s] model dbt_dev_staging.stg_lab_events [success]
19:55:36.724002 [debug]: Started analyzing model dbt_dev_staging.stg_lab_events
19:55:36.724545 [debug]: Finished rendering [  0.00s] model dbt_dev_staging.stg_diagnosis [success]
19:55:36.724626 [debug]: Started analyzing model dbt_dev_staging.stg_diagnosis
19:55:36.724690 [debug]: Finished rendering [  0.00s] model dbt_dev_staging.stg_providers [success]
19:55:36.724739 [info ]: Started model dbt_dev_intermediate.int_providers
19:55:36.724769 [debug]: Started rendering model dbt_dev_intermediate.int_providers
19:55:36.724799 [debug]: Started analyzing model dbt_dev_staging.stg_providers
19:55:36.724845 [debug]: Finished rendering [  0.00s] model dbt_dev_staging.stg_emergency_contacts [success]
19:55:36.724877 [debug]: Started analyzing model dbt_dev_staging.stg_emergency_contacts
19:55:36.724908 [info ]:  Succeeded [  0.00s] model dbt_dev_staging.stg_lab_specimen_types (ephemeral)
19:55:36.725161 [debug]: Finished analyzing [  0.00s] model dbt_dev_staging.stg_lab_specimen_types [success]
19:55:36.725229 [info ]:  Succeeded [  0.00s] model dbt_dev_staging.stg_transfers (ephemeral)
19:55:36.725271 [debug]: Finished analyzing [  0.00s] model dbt_dev_staging.stg_transfers [success]
19:55:36.725302 [info ]:  Succeeded [  0.00s] model dbt_dev_staging.stg_admissions (ephemeral)
19:55:36.725336 [debug]: Finished analyzing [  0.00s] model dbt_dev_staging.stg_admissions [success]
19:55:36.725688 [info ]:  Succeeded [  0.00s] model dbt_dev_staging.stg_emergency_contacts (ephemeral)
19:55:36.725724 [debug]: Finished analyzing [  0.00s] model dbt_dev_staging.stg_emergency_contacts [success]
19:55:36.725776 [debug]: Compiled SQL for node model.raqib_sf.int_admissions at target/.lsp/compiled/models/intermediate/int_admissions.sql
19:55:36.725984 [debug]: Finished rendering [  0.00s] model dbt_dev_intermediate.int_admissions [success]
19:55:36.726047 [debug]: Started analyzing model dbt_dev_intermediate.int_admissions
19:55:36.726801 [debug]: Compiled SQL for node model.raqib_sf.int_providers at target/.lsp/compiled/models/intermediate/int_providers.sql
19:55:36.727010 [info ]:  Succeeded [  0.01s] model dbt_dev_staging.stg_lab_events (ephemeral)
19:55:36.727057 [debug]: Finished analyzing [  0.00s] model dbt_dev_staging.stg_lab_events [success]
19:55:36.727179 [debug]: Finished rendering [  0.00s] model dbt_dev_intermediate.int_providers [success]
19:55:36.727211 [info ]: Finished rendering [  0.01s] (12 nodes, 0 skipped, 1 errors)
19:55:36.727242 [debug]: Started analyzing model dbt_dev_intermediate.int_providers
19:55:36.727331 [info ]:  Succeeded [  0.00s] model dbt_dev_intermediate.int_admissions (view)
19:55:36.727376 [debug]: Finished analyzing [  0.00s] model dbt_dev_intermediate.int_admissions [success]
19:55:36.731984 [info ]:  Succeeded [  0.01s] model dbt_dev_staging.stg_providers (ephemeral)
19:55:36.732040 [debug]: Finished analyzing [  0.01s] model dbt_dev_staging.stg_providers [success]
19:55:36.733057 [info ]:  Succeeded [  0.01s] model dbt_dev_intermediate.int_providers (view)
19:55:36.733102 [debug]: Finished analyzing [  0.01s] model dbt_dev_intermediate.int_providers [success]
19:55:36.733320 [info ]:  Succeeded [  0.01s] model dbt_dev_staging.stg_patients (ephemeral)
19:55:36.733346 [debug]: Finished analyzing [  0.01s] model dbt_dev_staging.stg_patients [success]
19:55:36.737499 [info ]:  Succeeded [  0.02s] model dbt_dev_staging.stg_services (ephemeral)
19:55:36.737543 [debug]: Finished analyzing [  0.01s] model dbt_dev_staging.stg_services [success]
19:55:36.744450 [info ]:  Succeeded [  0.02s] model dbt_dev_staging.stg_diagnosis (ephemeral)
19:55:36.744489 [debug]: Finished analyzing [  0.02s] model dbt_dev_staging.stg_diagnosis [success]
19:55:36.744554 [info ]: Finished analyzing [  0.02s] (12 nodes, 1 skipped, 0 errors)
19:55:36.752463 [info ]: Started scheduling
19:55:36.752547 [info ]: Finished scheduling [  0.00s]
19:55:36.757426 [info ]: Cached model count updated: 12 models (accurate)
19:55:57.208298 [info ]: Started loading project
19:55:57.208748 [info ]: Loading profiles.yml
19:55:57.214490 [info ]: Started parsing
19:55:57.249726 [info ]: Finished loading project [  0.04s]
19:55:57.254097 [debug]: Finished parsing models/staging/stg_drugs.sql [  0.00s]
19:55:57.254883 [error]: dbt1048: Source 'raw.drugs' not found in project. Searched for 'drugs'
  --> models/staging/stg_drugs.sql:2:19
19:55:57.257984 [info ]: Cached model count updated: 12 models (estimate)
19:55:57.258000 [info ]: Cached model count updated: 12 models (accurate)
19:55:57.258047 [info ]: Started scheduling
19:55:57.258152 [info ]: Finished scheduling [  0.00s]
19:55:57.258169 [debug]: Compilation - 1 nodes selected: {"model.raqib_sf.stg_drugs"}
19:55:57.626395 [info ]: Started building task graph
19:55:57.626455 [info ]: Finished building task graph [  0.00s]
19:55:57.626599 [info ]: Started rendering (1 nodes)
19:55:57.626622 [info ]: Started model dbt_dev_staging.stg_drugs
19:55:57.626638 [debug]: Started rendering model dbt_dev_staging.stg_drugs
19:55:57.626725 [info ]: Finished parsing [  0.41s]
19:55:57.627376 [error]: dbt1501: Failed to render SQL not a key type: Source not found for source name: raw, table name: drugs
(in models/staging/stg_drugs.sql:2:19)
  --> models/staging/stg_drugs.sql:2:19
19:55:57.627426 [info ]: Started analyzing (1 nodes)
19:55:57.627440 [debug]: Started analyzing model dbt_dev_staging.stg_drugs
19:55:57.627468 [info ]:     Failed [-------] model dbt_dev_staging.stg_drugs (ephemeral)
19:55:57.627496 [debug]: Finished analyzing [  0.00s] model dbt_dev_staging.stg_drugs [skipped]
19:55:57.627508 [info ]: Finished analyzing [  0.00s] (1 nodes, 1 skipped, 0 errors)
19:55:57.635113 [info ]: Started scheduling
19:55:57.635245 [info ]: Finished scheduling [  0.00s]
19:55:57.637515 [info ]: Cached model count updated: 12 models (accurate)
19:55:57.637577 [debug]: Finished rendering [  0.01s] model dbt_dev_staging.stg_drugs [error]
19:55:57.637640 [info ]: Finished rendering [  0.01s] (1 nodes, 0 skipped, 1 errors)
19:55:58.791553 [info ]: Started loading project
19:55:58.791980 [info ]: Loading profiles.yml
19:55:58.828246 [info ]: Cached model count updated: 12 models (estimate)
19:55:58.828274 [info ]: Cached model count updated: 12 models (accurate)
19:55:58.828334 [info ]: Started scheduling
19:55:58.828467 [info ]: Finished scheduling [  0.00s]
19:55:58.828485 [debug]: Compilation - 1 nodes selected: {"model.raqib_sf.stg_drugs"}
19:55:59.220423 [info ]: Started building task graph
19:55:59.220479 [info ]: Finished building task graph [  0.00s]
19:55:59.220610 [info ]: Started rendering (1 nodes)
19:55:59.220634 [info ]: Started model dbt_dev_staging.stg_drugs
19:55:59.220652 [debug]: Started rendering model dbt_dev_staging.stg_drugs
19:55:59.220706 [info ]: Finished loading project [  0.43s]
19:55:59.221729 [error]: dbt1501: Failed to render SQL not a key type: Source not found for source name: raw, table name: drugs
(in models/staging/stg_drugs.sql:2:19)
  --> models/staging/stg_drugs.sql:2:19
19:55:59.221846 [info ]: Started analyzing (1 nodes)
19:55:59.221869 [debug]: Started analyzing model dbt_dev_staging.stg_drugs
19:55:59.221897 [info ]:     Failed [  0.00s] model dbt_dev_staging.stg_drugs (ephemeral)
19:55:59.221964 [debug]: Finished analyzing [  0.00s] model dbt_dev_staging.stg_drugs [skipped]
19:55:59.221984 [info ]: Finished analyzing [  0.00s] (1 nodes, 1 skipped, 0 errors)
19:55:59.228330 [info ]: Started scheduling
19:55:59.228403 [info ]: Finished scheduling [  0.00s]
19:55:59.232275 [info ]: Cached model count updated: 12 models (accurate)
19:55:59.232339 [debug]: Finished rendering [  0.01s] model dbt_dev_staging.stg_drugs [error]
19:55:59.232354 [info ]: Finished rendering [  0.01s] (1 nodes, 0 skipped, 1 errors)
19:56:00.475694 [info ]: Started loading project
19:56:00.476184 [info ]: Loading profiles.yml
19:56:00.510507 [info ]: Cached model count updated: 12 models (estimate)
19:56:00.510536 [info ]: Cached model count updated: 12 models (accurate)
19:56:00.510590 [info ]: Started scheduling
19:56:00.510820 [info ]: Finished scheduling [  0.00s]
19:56:00.510841 [debug]: Compilation - 12 nodes selected: {"model.raqib_sf.int_admissions", "model.raqib_sf.int_providers", "model.raqib_sf.stg_admissions", "model.raqib_sf.stg_diagnosis", "model.raqib_sf.stg_drugs", "model.raqib_sf.stg_emergency_contacts", "model.raqib_sf.stg_lab_events", "model.raqib_sf.stg_lab_specimen_types", "model.raqib_sf.stg_patients", "model.raqib_sf.stg_providers", "model.raqib_sf.stg_services", "model.raqib_sf.stg_transfers"}
19:56:00.884702 [info ]: Started building task graph
19:56:00.884868 [info ]: Finished building task graph [  0.00s]
19:56:00.885078 [info ]: Started rendering (12 nodes)
19:56:00.885100 [info ]: Started model dbt_dev_staging.stg_transfers
19:56:00.885116 [debug]: Started rendering model dbt_dev_staging.stg_transfers
19:56:00.885159 [info ]: Started model dbt_dev_staging.stg_services
19:56:00.885182 [debug]: Started rendering model dbt_dev_staging.stg_services
19:56:00.885209 [info ]: Started model dbt_dev_staging.stg_patients
19:56:00.885214 [info ]: Finished loading project [  0.41s]
19:56:00.885224 [debug]: Started rendering model dbt_dev_staging.stg_patients
19:56:00.885250 [info ]: Started model dbt_dev_staging.stg_lab_specimen_types
19:56:00.885267 [debug]: Started rendering model dbt_dev_staging.stg_lab_specimen_types
19:56:00.885301 [info ]: Started model dbt_dev_staging.stg_lab_events
19:56:00.885323 [debug]: Started rendering model dbt_dev_staging.stg_lab_events
19:56:00.885358 [info ]: Started model dbt_dev_staging.stg_emergency_contacts
19:56:00.885432 [debug]: Started rendering model dbt_dev_staging.stg_emergency_contacts
19:56:00.885483 [info ]: Started model dbt_dev_staging.stg_drugs
19:56:00.885512 [debug]: Started rendering model dbt_dev_staging.stg_drugs
19:56:00.885594 [info ]: Started model dbt_dev_staging.stg_diagnosis
19:56:00.885606 [debug]: Compiled SQL for node model.raqib_sf.stg_transfers at target/.lsp/compiled/models/staging/stg_transfers.sql
19:56:00.885678 [debug]: Compiled SQL for node model.raqib_sf.stg_patients at target/.lsp/compiled/models/staging/stg_patients.sql
19:56:00.885680 [debug]: Compiled SQL for node model.raqib_sf.stg_services at target/.lsp/compiled/models/staging/stg_services.sql
19:56:00.885673 [debug]: Started rendering model dbt_dev_staging.stg_diagnosis
19:56:00.885736 [info ]: Started model dbt_dev_staging.stg_providers
19:56:00.885760 [debug]: Started rendering model dbt_dev_staging.stg_providers
19:56:00.885791 [info ]: Started model dbt_dev_staging.stg_admissions
19:56:00.885811 [debug]: Started rendering model dbt_dev_staging.stg_admissions
19:56:00.885833 [debug]: Compiled SQL for node model.raqib_sf.stg_lab_specimen_types at target/.lsp/compiled/models/staging/stg_lab_specimen_types.sql
19:56:00.885858 [debug]: Compiled SQL for node model.raqib_sf.stg_lab_events at target/.lsp/compiled/models/staging/stg_lab_events.sql
19:56:00.885871 [debug]: Finished rendering [  0.00s] model dbt_dev_staging.stg_patients [success]
19:56:00.885881 [debug]: Compiled SQL for node model.raqib_sf.stg_emergency_contacts at target/.lsp/compiled/models/staging/stg_emergency_contacts.sql
19:56:00.885913 [info ]: Started analyzing (12 nodes)
19:56:00.886043 [debug]: Started analyzing model dbt_dev_staging.stg_patients
19:56:00.886133 [debug]: Compiled SQL for node model.raqib_sf.stg_diagnosis at target/.lsp/compiled/models/staging/stg_diagnosis.sql
19:56:00.886150 [debug]: Finished rendering [  0.00s] model dbt_dev_staging.stg_services [success]
19:56:00.886162 [debug]: Compiled SQL for node model.raqib_sf.stg_providers at target/.lsp/compiled/models/staging/stg_providers.sql
19:56:00.886182 [debug]: Started analyzing model dbt_dev_staging.stg_services
19:56:00.886215 [debug]: Finished rendering [  0.00s] model dbt_dev_staging.stg_lab_specimen_types [success]
19:56:00.886247 [debug]: Started analyzing model dbt_dev_staging.stg_lab_specimen_types
19:56:00.886281 [debug]: Finished rendering [  0.00s] model dbt_dev_staging.stg_lab_events [success]
19:56:00.886285 [debug]: Compiled SQL for node model.raqib_sf.stg_admissions at target/.lsp/compiled/models/staging/stg_admissions.sql
19:56:00.886313 [debug]: Started analyzing model dbt_dev_staging.stg_lab_events
19:56:00.886345 [debug]: Finished rendering [  0.00s] model dbt_dev_staging.stg_transfers [success]
19:56:00.886405 [debug]: Started analyzing model dbt_dev_staging.stg_transfers
19:56:00.886436 [debug]: Finished rendering [  0.00s] model dbt_dev_staging.stg_emergency_contacts [success]
19:56:00.886482 [debug]: Started analyzing model dbt_dev_staging.stg_emergency_contacts
19:56:00.886507 [debug]: Finished rendering [  0.00s] model dbt_dev_staging.stg_diagnosis [success]
19:56:00.886541 [debug]: Started analyzing model dbt_dev_staging.stg_diagnosis
19:56:00.886574 [debug]: Finished rendering [  0.00s] model dbt_dev_staging.stg_admissions [success]
19:56:00.886639 [info ]: Started model dbt_dev_intermediate.int_admissions
19:56:00.886667 [debug]: Started rendering model dbt_dev_intermediate.int_admissions
19:56:00.886694 [debug]: Started analyzing model dbt_dev_staging.stg_admissions
19:56:00.886789 [debug]: Finished rendering [  0.00s] model dbt_dev_staging.stg_providers [success]
19:56:00.887100 [info ]: Started model dbt_dev_intermediate.int_providers
19:56:00.887127 [debug]: Started rendering model dbt_dev_intermediate.int_providers
19:56:00.887161 [debug]: Started analyzing model dbt_dev_staging.stg_providers
19:56:00.887212 [error]: dbt1501: Failed to render SQL not a key type: Source not found for source name: raw, table name: drugs
(in models/staging/stg_drugs.sql:2:19)
  --> models/staging/stg_drugs.sql:2:19
19:56:00.887406 [debug]: Started analyzing model dbt_dev_staging.stg_drugs
19:56:00.887421 [debug]: Compiled SQL for node model.raqib_sf.int_admissions at target/.lsp/compiled/models/intermediate/int_admissions.sql
19:56:00.887442 [info ]:     Failed [  0.00s] model dbt_dev_staging.stg_drugs (ephemeral)
19:56:00.887501 [debug]: Finished analyzing [  0.00s] model dbt_dev_staging.stg_drugs [skipped]
19:56:00.887536 [info ]:  Succeeded [  0.00s] model dbt_dev_staging.stg_emergency_contacts (ephemeral)
19:56:00.887594 [debug]: Finished analyzing [  0.00s] model dbt_dev_staging.stg_emergency_contacts [success]
19:56:00.887634 [info ]:  Succeeded [  0.00s] model dbt_dev_staging.stg_transfers (ephemeral)
19:56:00.887673 [debug]: Finished analyzing [  0.00s] model dbt_dev_staging.stg_transfers [success]
19:56:00.887803 [info ]:  Succeeded [  0.00s] model dbt_dev_staging.stg_lab_specimen_types (ephemeral)
19:56:00.887842 [debug]: Finished analyzing [  0.00s] model dbt_dev_staging.stg_lab_specimen_types [success]
19:56:00.887872 [debug]: Finished rendering [  0.00s] model dbt_dev_intermediate.int_admissions [success]
19:56:00.887905 [debug]: Started analyzing model dbt_dev_intermediate.int_admissions
19:56:00.887953 [debug]: Compiled SQL for node model.raqib_sf.int_providers at target/.lsp/compiled/models/intermediate/int_providers.sql
19:56:00.888004 [info ]:  Succeeded [  0.00s] model dbt_dev_staging.stg_admissions (ephemeral)
19:56:00.888040 [debug]: Finished analyzing [  0.00s] model dbt_dev_staging.stg_admissions [success]
19:56:00.888077 [debug]: Finished rendering [  0.00s] model dbt_dev_intermediate.int_providers [success]
19:56:00.888109 [debug]: Started analyzing model dbt_dev_intermediate.int_providers
19:56:00.888986 [info ]:  Succeeded [  0.00s] model dbt_dev_staging.stg_lab_events (ephemeral)
19:56:00.889041 [debug]: Finished analyzing [  0.00s] model dbt_dev_staging.stg_lab_events [success]
19:56:00.889144 [info ]:  Succeeded [  0.00s] model dbt_dev_intermediate.int_admissions (view)
19:56:00.889199 [debug]: Finished analyzing [  0.00s] model dbt_dev_intermediate.int_admissions [success]
19:56:00.889206 [debug]: Finished rendering [  0.00s] model dbt_dev_staging.stg_drugs [error]
19:56:00.889239 [info ]: Finished rendering [  0.00s] (12 nodes, 0 skipped, 1 errors)
19:56:00.892709 [info ]:  Succeeded [  0.01s] model dbt_dev_staging.stg_providers (ephemeral)
19:56:00.892927 [debug]: Finished analyzing [  0.01s] model dbt_dev_staging.stg_providers [success]
19:56:00.893897 [info ]:  Succeeded [  0.01s] model dbt_dev_intermediate.int_providers (view)
19:56:00.893967 [debug]: Finished analyzing [  0.01s] model dbt_dev_intermediate.int_providers [success]
19:56:00.895993 [info ]:  Succeeded [  0.01s] model dbt_dev_staging.stg_patients (ephemeral)
19:56:00.896044 [debug]: Finished analyzing [  0.01s] model dbt_dev_staging.stg_patients [success]
19:56:00.898412 [info ]:  Succeeded [  0.01s] model dbt_dev_staging.stg_services (ephemeral)
19:56:00.898451 [debug]: Finished analyzing [  0.01s] model dbt_dev_staging.stg_services [success]
19:56:00.906241 [info ]:  Succeeded [  0.02s] model dbt_dev_staging.stg_diagnosis (ephemeral)
19:56:00.906289 [debug]: Finished analyzing [  0.02s] model dbt_dev_staging.stg_diagnosis [success]
19:56:00.906301 [info ]: Finished analyzing [  0.02s] (12 nodes, 1 skipped, 0 errors)
19:56:00.913333 [info ]: Started scheduling
19:56:00.913408 [info ]: Finished scheduling [  0.00s]
19:56:00.917586 [info ]: Cached model count updated: 12 models (accurate)
19:58:44.808574 [info ]: Started loading project
19:58:44.809548 [info ]: Loading profiles.yml
19:58:44.819648 [info ]: Started parsing
19:58:44.852082 [info ]: Finished loading project [  0.04s]
19:58:44.854065 [debug]: Finished parsing models/schema.yml [  0.00s]
19:58:44.857262 [debug]: Finished parsing models/staging/stg_diagnosis.sql [  0.00s]
19:58:44.858414 [debug]: Finished parsing models/staging/stg_drugs.sql [  0.00s]
19:58:44.859522 [debug]: Finished parsing models/staging/stg_emergency_contacts.sql [  0.00s]
19:58:44.860467 [debug]: Finished parsing models/staging/stg_lab_events.sql [  0.00s]
19:58:44.861573 [debug]: Finished parsing models/staging/stg_lab_specimen_types.sql [  0.00s]
19:58:44.862592 [debug]: Finished parsing models/staging/stg_patients.sql [  0.00s]
19:58:44.863676 [debug]: Finished parsing models/staging/stg_providers.sql [  0.00s]
19:58:44.864621 [debug]: Finished parsing models/staging/stg_services.sql [  0.00s]
19:58:44.875904 [debug]: Finished parsing models/staging/stg_transfers.sql [  0.01s]
19:58:44.877027 [error]: dbt1048: Source 'raw.drugs' not found in project. Searched for 'drugs'
  --> models/staging/stg_drugs.sql:2:19
19:58:44.880654 [info ]: Cached model count updated: 12 models (estimate)
19:58:44.880672 [info ]: Cached model count updated: 12 models (accurate)
19:58:44.880723 [info ]: Started scheduling
19:58:44.880789 [info ]: Finished scheduling [  0.00s]
19:58:44.880804 [debug]: Compilation - 0 nodes selected: {}
19:58:44.880820 [warn ]: dbt1600: The selection criterion '' does not match any enabled nodes
19:58:44.880832 [warn ]: dbt1601: Nothing to do. Try checking your model configs and model specification args
19:58:45.249197 [info ]: Started building task graph
19:58:45.249233 [info ]: Finished building task graph [  0.00s]
19:58:45.256432 [info ]: Started scheduling
19:58:45.256527 [info ]: Finished scheduling [  0.00s]
19:58:45.258604 [info ]: Cached model count updated: 12 models (accurate)
19:58:45.258715 [info ]: Finished parsing [  0.44s]
19:58:46.417809 [info ]: Started loading project
19:58:46.418621 [info ]: Loading profiles.yml
19:58:46.454859 [info ]: Cached model count updated: 12 models (estimate)
19:58:46.454885 [info ]: Cached model count updated: 12 models (accurate)
19:58:46.454939 [info ]: Started scheduling
19:58:46.455013 [info ]: Finished scheduling [  0.00s]
19:58:46.455031 [debug]: Compilation - 0 nodes selected: {}
19:58:46.455050 [warn ]: dbt1600: The selection criterion '' does not match any enabled nodes
19:58:46.455062 [warn ]: dbt1601: Nothing to do. Try checking your model configs and model specification args
19:58:46.838539 [info ]: Started building task graph
19:58:46.838576 [info ]: Finished building task graph [  0.00s]
19:58:46.845914 [info ]: Started scheduling
19:58:46.845993 [info ]: Finished scheduling [  0.00s]
19:58:46.846410 [info ]: Finished loading project [  0.43s]
19:58:46.850613 [info ]: Cached model count updated: 12 models (accurate)
19:58:47.991886 [info ]: Started loading project
19:58:47.992353 [info ]: Loading profiles.yml
19:58:48.027404 [info ]: Cached model count updated: 12 models (estimate)
19:58:48.027432 [info ]: Cached model count updated: 12 models (accurate)
19:58:48.027498 [info ]: Started scheduling
19:58:48.027723 [info ]: Finished scheduling [  0.00s]
19:58:48.027744 [debug]: Compilation - 12 nodes selected: {"model.raqib_sf.int_admissions", "model.raqib_sf.int_providers", "model.raqib_sf.stg_admissions", "model.raqib_sf.stg_diagnosis", "model.raqib_sf.stg_drugs", "model.raqib_sf.stg_emergency_contacts", "model.raqib_sf.stg_lab_events", "model.raqib_sf.stg_lab_specimen_types", "model.raqib_sf.stg_patients", "model.raqib_sf.stg_providers", "model.raqib_sf.stg_services", "model.raqib_sf.stg_transfers"}
19:58:48.397625 [info ]: Started building task graph
19:58:48.397817 [info ]: Finished building task graph [  0.00s]
19:58:48.398044 [info ]: Started rendering (12 nodes)
19:58:48.398073 [info ]: Started model dbt_dev_staging.stg_transfers
19:58:48.398100 [debug]: Started rendering model dbt_dev_staging.stg_transfers
19:58:48.398190 [info ]: Finished loading project [  0.41s]
19:58:48.398152 [info ]: Started model dbt_dev_staging.stg_services
19:58:48.398219 [debug]: Started rendering model dbt_dev_staging.stg_services
19:58:48.398285 [info ]: Started model dbt_dev_staging.stg_patients
19:58:48.398315 [debug]: Started rendering model dbt_dev_staging.stg_patients
19:58:48.398345 [info ]: Started model dbt_dev_staging.stg_lab_specimen_types
19:58:48.398389 [debug]: Started rendering model dbt_dev_staging.stg_lab_specimen_types
19:58:48.398435 [info ]: Started model dbt_dev_staging.stg_lab_events
19:58:48.398459 [debug]: Started rendering model dbt_dev_staging.stg_lab_events
19:58:48.398495 [info ]: Started model dbt_dev_staging.stg_emergency_contacts
19:58:48.398564 [debug]: Started rendering model dbt_dev_staging.stg_emergency_contacts
19:58:48.398620 [info ]: Started model dbt_dev_staging.stg_drugs
19:58:48.398650 [debug]: Started rendering model dbt_dev_staging.stg_drugs
19:58:48.398689 [info ]: Started model dbt_dev_staging.stg_diagnosis
19:58:48.398712 [debug]: Started rendering model dbt_dev_staging.stg_diagnosis
19:58:48.398749 [info ]: Started model dbt_dev_staging.stg_providers
19:58:48.398774 [debug]: Started rendering model dbt_dev_staging.stg_providers
19:58:48.398841 [info ]: Started model dbt_dev_staging.stg_admissions
19:58:48.398864 [debug]: Started rendering model dbt_dev_staging.stg_admissions
19:58:48.400232 [debug]: Compiled SQL for node model.raqib_sf.stg_services at target/.lsp/compiled/models/staging/stg_services.sql
19:58:48.400539 [debug]: Compiled SQL for node model.raqib_sf.stg_lab_specimen_types at target/.lsp/compiled/models/staging/stg_lab_specimen_types.sql
19:58:48.400612 [error]: dbt1501: Failed to render SQL not a key type: Source not found for source name: raw, table name: drugs
(in models/staging/stg_drugs.sql:2:19)
  --> models/staging/stg_drugs.sql:2:19
19:58:48.400701 [info ]: Started analyzing (12 nodes)
19:58:48.400739 [debug]: Started analyzing model dbt_dev_staging.stg_drugs
19:58:48.400783 [info ]:     Failed [  0.00s] model dbt_dev_staging.stg_drugs (ephemeral)
19:58:48.400830 [debug]: Finished analyzing [  0.00s] model dbt_dev_staging.stg_drugs [skipped]
19:58:48.400919 [debug]: Compiled SQL for node model.raqib_sf.stg_transfers at target/.lsp/compiled/models/staging/stg_transfers.sql
19:58:48.400948 [debug]: Finished rendering [  0.00s] model dbt_dev_staging.stg_services [success]
19:58:48.400968 [debug]: Compiled SQL for node model.raqib_sf.stg_lab_events at target/.lsp/compiled/models/staging/stg_lab_events.sql
19:58:48.401017 [debug]: Compiled SQL for node model.raqib_sf.stg_patients at target/.lsp/compiled/models/staging/stg_patients.sql
19:58:48.401017 [debug]: Started analyzing model dbt_dev_staging.stg_services
19:58:48.401085 [debug]: Compiled SQL for node model.raqib_sf.stg_admissions at target/.lsp/compiled/models/staging/stg_admissions.sql
19:58:48.401183 [debug]: Finished rendering [  0.00s] model dbt_dev_staging.stg_lab_specimen_types [success]
19:58:48.401266 [debug]: Started analyzing model dbt_dev_staging.stg_lab_specimen_types
19:58:48.401320 [debug]: Finished rendering [  0.00s] model dbt_dev_staging.stg_drugs [error]
19:58:48.401400 [debug]: Finished rendering [  0.00s] model dbt_dev_staging.stg_patients [success]
19:58:48.401440 [debug]: Started analyzing model dbt_dev_staging.stg_patients
19:58:48.401569 [debug]: Finished rendering [  0.00s] model dbt_dev_staging.stg_admissions [success]
19:58:48.401615 [info ]: Started model dbt_dev_intermediate.int_admissions
19:58:48.401687 [debug]: Started rendering model dbt_dev_intermediate.int_admissions
19:58:48.401723 [debug]: Started analyzing model dbt_dev_staging.stg_admissions
19:58:48.401764 [debug]: Finished rendering [  0.00s] model dbt_dev_staging.stg_transfers [success]
19:58:48.401796 [debug]: Started analyzing model dbt_dev_staging.stg_transfers
19:58:48.401807 [debug]: Compiled SQL for node model.raqib_sf.stg_diagnosis at target/.lsp/compiled/models/staging/stg_diagnosis.sql
19:58:48.401832 [debug]: Finished rendering [  0.00s] model dbt_dev_staging.stg_lab_events [success]
19:58:48.401856 [debug]: Compiled SQL for node model.raqib_sf.stg_emergency_contacts at target/.lsp/compiled/models/staging/stg_emergency_contacts.sql
19:58:48.401863 [debug]: Started analyzing model dbt_dev_staging.stg_lab_events
19:58:48.401901 [info ]:  Succeeded [  0.00s] model dbt_dev_staging.stg_lab_specimen_types (ephemeral)
19:58:48.401946 [debug]: Finished analyzing [  0.00s] model dbt_dev_staging.stg_lab_specimen_types [success]
19:58:48.402164 [debug]: Finished rendering [  0.00s] model dbt_dev_staging.stg_emergency_contacts [success]
19:58:48.402227 [debug]: Started analyzing model dbt_dev_staging.stg_emergency_contacts
19:58:48.402538 [debug]: Finished rendering [  0.00s] model dbt_dev_staging.stg_diagnosis [success]
19:58:48.402591 [debug]: Started analyzing model dbt_dev_staging.stg_diagnosis
19:58:48.402636 [debug]: Compiled SQL for node model.raqib_sf.int_admissions at target/.lsp/compiled/models/intermediate/int_admissions.sql
19:58:48.402715 [info ]:  Succeeded [  0.00s] model dbt_dev_staging.stg_emergency_contacts (ephemeral)
19:58:48.402761 [debug]: Finished analyzing [  0.00s] model dbt_dev_staging.stg_emergency_contacts [success]
19:58:48.402795 [info ]:  Succeeded [  0.00s] model dbt_dev_staging.stg_transfers (ephemeral)
19:58:48.402826 [debug]: Finished analyzing [  0.00s] model dbt_dev_staging.stg_transfers [success]
19:58:48.402876 [debug]: Finished rendering [  0.00s] model dbt_dev_intermediate.int_admissions [success]
19:58:48.402930 [debug]: Started analyzing model dbt_dev_intermediate.int_admissions
19:58:48.402971 [info ]:  Succeeded [  0.00s] model dbt_dev_staging.stg_admissions (ephemeral)
19:58:48.403037 [debug]: Finished analyzing [  0.00s] model dbt_dev_staging.stg_admissions [success]
19:58:48.404039 [info ]:  Succeeded [  0.01s] model dbt_dev_staging.stg_lab_events (ephemeral)
19:58:48.404087 [debug]: Finished analyzing [  0.00s] model dbt_dev_staging.stg_lab_events [success]
19:58:48.404450 [info ]:  Succeeded [  0.00s] model dbt_dev_intermediate.int_admissions (view)
19:58:48.404554 [debug]: Finished analyzing [  0.00s] model dbt_dev_intermediate.int_admissions [success]
19:58:48.405179 [debug]: Compiled SQL for node model.raqib_sf.stg_providers at target/.lsp/compiled/models/staging/stg_providers.sql
19:58:48.405359 [debug]: Finished rendering [  0.01s] model dbt_dev_staging.stg_providers [success]
19:58:48.405401 [debug]: Started analyzing model dbt_dev_staging.stg_providers
19:58:48.405444 [info ]: Started model dbt_dev_intermediate.int_providers
19:58:48.405492 [debug]: Started rendering model dbt_dev_intermediate.int_providers
19:58:48.406052 [debug]: Compiled SQL for node model.raqib_sf.int_providers at target/.lsp/compiled/models/intermediate/int_providers.sql
19:58:48.406117 [debug]: Finished rendering [  0.00s] model dbt_dev_intermediate.int_providers [success]
19:58:48.406146 [info ]: Finished rendering [  0.01s] (12 nodes, 0 skipped, 1 errors)
19:58:48.406176 [debug]: Started analyzing model dbt_dev_intermediate.int_providers
19:58:48.408929 [info ]:  Succeeded [  0.01s] model dbt_dev_staging.stg_providers (ephemeral)
19:58:48.408965 [debug]: Finished analyzing [  0.00s] model dbt_dev_staging.stg_providers [success]
19:58:48.409883 [info ]:  Succeeded [  0.00s] model dbt_dev_intermediate.int_providers (view)
19:58:48.409942 [debug]: Finished analyzing [  0.00s] model dbt_dev_intermediate.int_providers [success]
19:58:48.410480 [info ]:  Succeeded [  0.01s] model dbt_dev_staging.stg_patients (ephemeral)
19:58:48.410509 [debug]: Finished analyzing [  0.01s] model dbt_dev_staging.stg_patients [success]
19:58:48.413140 [info ]:  Succeeded [  0.01s] model dbt_dev_staging.stg_services (ephemeral)
19:58:48.413182 [debug]: Finished analyzing [  0.01s] model dbt_dev_staging.stg_services [success]
19:58:48.420075 [info ]:  Succeeded [  0.02s] model dbt_dev_staging.stg_diagnosis (ephemeral)
19:58:48.420127 [debug]: Finished analyzing [  0.02s] model dbt_dev_staging.stg_diagnosis [success]
19:58:48.420139 [info ]: Finished analyzing [  0.02s] (12 nodes, 1 skipped, 0 errors)
19:58:48.430763 [info ]: Started scheduling
19:58:48.430847 [info ]: Finished scheduling [  0.00s]
19:58:48.434496 [info ]: Cached model count updated: 12 models (accurate)
20:25:41.864188 [info ]: Started loading project
20:25:41.865471 [info ]: Loading profiles.yml
20:25:41.873798 [info ]: Started parsing
20:25:41.912138 [info ]: Finished loading project [  0.05s]
20:25:41.917259 [debug]: Finished parsing models/staging/stg_drugs.sql [  0.00s]
20:25:41.918180 [error]: dbt1048: Source 'raw.drugs' not found in project. Searched for 'drugs'
  --> models/staging/stg_drugs.sql:2:19
20:25:41.922535 [info ]: Cached model count updated: 12 models (estimate)
20:25:41.922557 [info ]: Cached model count updated: 12 models (accurate)
20:25:41.922634 [info ]: Started scheduling
20:25:41.922770 [info ]: Finished scheduling [  0.00s]
20:25:41.922795 [debug]: Compilation - 1 nodes selected: {"model.raqib_sf.stg_drugs"}
20:25:42.336254 [info ]: Started building task graph
20:25:42.336310 [info ]: Finished building task graph [  0.00s]
20:25:42.336444 [info ]: Started rendering (1 nodes)
20:25:42.336468 [info ]: Started model dbt_dev_staging.stg_drugs
20:25:42.336486 [debug]: Started rendering model dbt_dev_staging.stg_drugs
20:25:42.336546 [info ]: Finished parsing [  0.46s]
20:25:42.337259 [error]: dbt1501: Failed to render SQL not a key type: Source not found for source name: raw, table name: drugs
(in models/staging/stg_drugs.sql:2:19)
  --> models/staging/stg_drugs.sql:2:19
20:25:42.337308 [info ]: Started analyzing (1 nodes)
20:25:42.337320 [debug]: Started analyzing model dbt_dev_staging.stg_drugs
20:25:42.337342 [info ]:     Failed [-------] model dbt_dev_staging.stg_drugs (ephemeral)
20:25:42.337370 [debug]: Finished analyzing [  0.00s] model dbt_dev_staging.stg_drugs [skipped]
20:25:42.337383 [info ]: Finished analyzing [  0.00s] (1 nodes, 1 skipped, 0 errors)
20:25:42.345496 [info ]: Started scheduling
20:25:42.345644 [info ]: Finished scheduling [  0.00s]
20:25:42.347417 [debug]: Finished rendering [  0.01s] model dbt_dev_staging.stg_drugs [error]
20:25:42.347478 [info ]: Finished rendering [  0.01s] (1 nodes, 0 skipped, 1 errors)
20:25:42.348293 [info ]: Cached model count updated: 12 models (accurate)
20:25:43.516891 [info ]: Started loading project
20:25:43.517766 [info ]: Loading profiles.yml
20:25:43.558941 [info ]: Cached model count updated: 12 models (estimate)
20:25:43.558964 [info ]: Cached model count updated: 12 models (accurate)
20:25:43.559042 [info ]: Started scheduling
20:25:43.559170 [info ]: Finished scheduling [  0.00s]
20:25:43.559191 [debug]: Compilation - 1 nodes selected: {"model.raqib_sf.stg_drugs"}
20:25:44.055604 [info ]: Started building task graph
20:25:44.055694 [info ]: Finished building task graph [  0.00s]
20:25:44.055840 [info ]: Started rendering (1 nodes)
20:25:44.055863 [info ]: Started model dbt_dev_staging.stg_drugs
20:25:44.055880 [debug]: Started rendering model dbt_dev_staging.stg_drugs
20:25:44.055944 [info ]: Finished loading project [  0.54s]
20:25:44.056684 [error]: dbt1501: Failed to render SQL not a key type: Source not found for source name: raw, table name: drugs
(in models/staging/stg_drugs.sql:2:19)
  --> models/staging/stg_drugs.sql:2:19
20:25:44.056755 [info ]: Started analyzing (1 nodes)
20:25:44.056765 [debug]: Started analyzing model dbt_dev_staging.stg_drugs
20:25:44.056790 [info ]:     Failed [-------] model dbt_dev_staging.stg_drugs (ephemeral)
20:25:44.056847 [debug]: Finished analyzing [  0.00s] model dbt_dev_staging.stg_drugs [skipped]
20:25:44.056865 [info ]: Finished analyzing [  0.00s] (1 nodes, 1 skipped, 0 errors)
20:25:44.064473 [info ]: Started scheduling
20:25:44.064552 [info ]: Finished scheduling [  0.00s]
20:25:44.069021 [info ]: Cached model count updated: 12 models (accurate)
20:25:44.069067 [debug]: Finished rendering [  0.01s] model dbt_dev_staging.stg_drugs [error]
20:25:44.069081 [info ]: Finished rendering [  0.01s] (1 nodes, 0 skipped, 1 errors)
20:25:45.216392 [info ]: Started loading project
20:25:45.216864 [info ]: Loading profiles.yml
20:25:45.254723 [info ]: Cached model count updated: 12 models (estimate)
20:25:45.254750 [info ]: Cached model count updated: 12 models (accurate)
20:25:45.254820 [info ]: Started scheduling
20:25:45.255195 [info ]: Finished scheduling [  0.00s]
20:25:45.255221 [debug]: Compilation - 12 nodes selected: {"model.raqib_sf.int_admissions", "model.raqib_sf.int_providers", "model.raqib_sf.stg_admissions", "model.raqib_sf.stg_diagnosis", "model.raqib_sf.stg_drugs", "model.raqib_sf.stg_emergency_contacts", "model.raqib_sf.stg_lab_events", "model.raqib_sf.stg_lab_specimen_types", "model.raqib_sf.stg_patients", "model.raqib_sf.stg_providers", "model.raqib_sf.stg_services", "model.raqib_sf.stg_transfers"}
20:25:45.667500 [info ]: Started building task graph
20:25:45.667683 [info ]: Finished building task graph [  0.00s]
20:25:45.667958 [info ]: Started rendering (12 nodes)
20:25:45.667987 [info ]: Started model dbt_dev_staging.stg_transfers
20:25:45.668005 [debug]: Started rendering model dbt_dev_staging.stg_transfers
20:25:45.668075 [info ]: Started model dbt_dev_staging.stg_services
20:25:45.668107 [debug]: Started rendering model dbt_dev_staging.stg_services
20:25:45.668142 [info ]: Started model dbt_dev_staging.stg_patients
20:25:45.668109 [info ]: Finished loading project [  0.45s]
20:25:45.668203 [debug]: Started rendering model dbt_dev_staging.stg_patients
20:25:45.668259 [info ]: Started model dbt_dev_staging.stg_lab_specimen_types
20:25:45.668306 [debug]: Started rendering model dbt_dev_staging.stg_lab_specimen_types
20:25:45.668342 [info ]: Started model dbt_dev_staging.stg_lab_events
20:25:45.668370 [debug]: Started rendering model dbt_dev_staging.stg_lab_events
20:25:45.668416 [info ]: Started model dbt_dev_staging.stg_emergency_contacts
20:25:45.668437 [debug]: Started rendering model dbt_dev_staging.stg_emergency_contacts
20:25:45.668467 [info ]: Started model dbt_dev_staging.stg_drugs
20:25:45.668488 [debug]: Started rendering model dbt_dev_staging.stg_drugs
20:25:45.668526 [info ]: Started model dbt_dev_staging.stg_diagnosis
20:25:45.668547 [debug]: Started rendering model dbt_dev_staging.stg_diagnosis
20:25:45.668578 [info ]: Started model dbt_dev_staging.stg_providers
20:25:45.668604 [debug]: Started rendering model dbt_dev_staging.stg_providers
20:25:45.668657 [info ]: Started model dbt_dev_staging.stg_admissions
20:25:45.668720 [debug]: Started rendering model dbt_dev_staging.stg_admissions
20:25:45.669436 [error]: dbt1501: Failed to render SQL not a key type: Source not found for source name: raw, table name: drugs
(in models/staging/stg_drugs.sql:2:19)
  --> models/staging/stg_drugs.sql:2:19
20:25:45.669509 [info ]: Started analyzing (12 nodes)
20:25:45.669523 [debug]: Started analyzing model dbt_dev_staging.stg_drugs
20:25:45.669546 [info ]:     Failed [  0.00s] model dbt_dev_staging.stg_drugs (ephemeral)
20:25:45.669573 [debug]: Finished analyzing [  0.00s] model dbt_dev_staging.stg_drugs [skipped]
20:25:45.669615 [debug]: Finished rendering [  0.00s] model dbt_dev_staging.stg_drugs [error]
20:25:45.670608 [debug]: Compiled SQL for node model.raqib_sf.stg_patients at target/.lsp/compiled/models/staging/stg_patients.sql
20:25:45.670620 [debug]: Compiled SQL for node model.raqib_sf.stg_transfers at target/.lsp/compiled/models/staging/stg_transfers.sql
20:25:45.670599 [debug]: Compiled SQL for node model.raqib_sf.stg_lab_specimen_types at target/.lsp/compiled/models/staging/stg_lab_specimen_types.sql
20:25:45.670637 [debug]: Compiled SQL for node model.raqib_sf.stg_lab_events at target/.lsp/compiled/models/staging/stg_lab_events.sql
20:25:45.670635 [debug]: Compiled SQL for node model.raqib_sf.stg_providers at target/.lsp/compiled/models/staging/stg_providers.sql
20:25:45.670611 [debug]: Compiled SQL for node model.raqib_sf.stg_diagnosis at target/.lsp/compiled/models/staging/stg_diagnosis.sql
20:25:45.670599 [debug]: Compiled SQL for node model.raqib_sf.stg_admissions at target/.lsp/compiled/models/staging/stg_admissions.sql
20:25:45.670687 [debug]: Compiled SQL for node model.raqib_sf.stg_services at target/.lsp/compiled/models/staging/stg_services.sql
20:25:45.670746 [debug]: Compiled SQL for node model.raqib_sf.stg_emergency_contacts at target/.lsp/compiled/models/staging/stg_emergency_contacts.sql
20:25:45.670788 [debug]: Finished rendering [  0.00s] model dbt_dev_staging.stg_transfers [success]
20:25:45.670880 [debug]: Started analyzing model dbt_dev_staging.stg_transfers
20:25:45.670941 [debug]: Finished rendering [  0.00s] model dbt_dev_staging.stg_lab_events [success]
20:25:45.670973 [debug]: Started analyzing model dbt_dev_staging.stg_lab_events
20:25:45.671021 [debug]: Finished rendering [  0.00s] model dbt_dev_staging.stg_patients [success]
20:25:45.671062 [debug]: Started analyzing model dbt_dev_staging.stg_patients
20:25:45.671108 [debug]: Finished rendering [  0.00s] model dbt_dev_staging.stg_diagnosis [success]
20:25:45.671148 [debug]: Started analyzing model dbt_dev_staging.stg_diagnosis
20:25:45.671210 [debug]: Finished rendering [  0.00s] model dbt_dev_staging.stg_lab_specimen_types [success]
20:25:45.671248 [debug]: Started analyzing model dbt_dev_staging.stg_lab_specimen_types
20:25:45.671290 [debug]: Finished rendering [  0.00s] model dbt_dev_staging.stg_admissions [success]
20:25:45.671324 [debug]: Started analyzing model dbt_dev_staging.stg_admissions
20:25:45.671356 [info ]: Started model dbt_dev_intermediate.int_admissions
20:25:45.671623 [debug]: Started rendering model dbt_dev_intermediate.int_admissions
20:25:45.671664 [debug]: Finished rendering [  0.00s] model dbt_dev_staging.stg_services [success]
20:25:45.671706 [debug]: Started analyzing model dbt_dev_staging.stg_services
20:25:45.671740 [debug]: Finished rendering [  0.00s] model dbt_dev_staging.stg_emergency_contacts [success]
20:25:45.671770 [debug]: Started analyzing model dbt_dev_staging.stg_emergency_contacts
20:25:45.671803 [info ]:  Succeeded [  0.00s] model dbt_dev_staging.stg_lab_specimen_types (ephemeral)
20:25:45.671850 [debug]: Finished analyzing [  0.00s] model dbt_dev_staging.stg_lab_specimen_types [success]
20:25:45.671886 [info ]:  Succeeded [  0.00s] model dbt_dev_staging.stg_transfers (ephemeral)
20:25:45.671918 [debug]: Finished analyzing [  0.00s] model dbt_dev_staging.stg_transfers [success]
20:25:45.672186 [info ]:  Succeeded [  0.00s] model dbt_dev_staging.stg_emergency_contacts (ephemeral)
20:25:45.672225 [debug]: Finished analyzing [  0.00s] model dbt_dev_staging.stg_emergency_contacts [success]
20:25:45.672426 [info ]:  Succeeded [  0.00s] model dbt_dev_staging.stg_admissions (ephemeral)
20:25:45.672466 [debug]: Finished analyzing [  0.00s] model dbt_dev_staging.stg_admissions [success]
20:25:45.672510 [debug]: Finished rendering [  0.00s] model dbt_dev_staging.stg_providers [success]
20:25:45.672544 [info ]: Started model dbt_dev_intermediate.int_providers
20:25:45.672566 [debug]: Started rendering model dbt_dev_intermediate.int_providers
20:25:45.672593 [debug]: Started analyzing model dbt_dev_staging.stg_providers
20:25:45.673726 [info ]:  Succeeded [  0.00s] model dbt_dev_staging.stg_lab_events (ephemeral)
20:25:45.673804 [debug]: Finished analyzing [  0.00s] model dbt_dev_staging.stg_lab_events [success]
20:25:45.673944 [debug]: Compiled SQL for node model.raqib_sf.int_admissions at target/.lsp/compiled/models/intermediate/int_admissions.sql
20:25:45.674183 [debug]: Finished rendering [  0.00s] model dbt_dev_intermediate.int_admissions [success]
20:25:45.674230 [debug]: Started analyzing model dbt_dev_intermediate.int_admissions
20:25:45.675133 [debug]: Compiled SQL for node model.raqib_sf.int_providers at target/.lsp/compiled/models/intermediate/int_providers.sql
20:25:45.675243 [debug]: Started analyzing model dbt_dev_intermediate.int_providers
20:25:45.675305 [debug]: Finished rendering [  0.00s] model dbt_dev_intermediate.int_providers [success]
20:25:45.675330 [info ]: Finished rendering [  0.01s] (12 nodes, 0 skipped, 1 errors)
20:25:45.675757 [info ]:  Succeeded [  0.00s] model dbt_dev_intermediate.int_admissions (view)
20:25:45.675829 [debug]: Finished analyzing [  0.00s] model dbt_dev_intermediate.int_admissions [success]
20:25:45.679158 [info ]:  Succeeded [  0.01s] model dbt_dev_staging.stg_providers (ephemeral)
20:25:45.679197 [debug]: Finished analyzing [  0.01s] model dbt_dev_staging.stg_providers [success]
20:25:45.681651 [info ]:  Succeeded [  0.01s] model dbt_dev_intermediate.int_providers (view)
20:25:45.681685 [debug]: Finished analyzing [  0.01s] model dbt_dev_intermediate.int_providers [success]
20:25:45.682588 [info ]:  Succeeded [  0.01s] model dbt_dev_staging.stg_patients (ephemeral)
20:25:45.682624 [debug]: Finished analyzing [  0.01s] model dbt_dev_staging.stg_patients [success]
20:25:45.687952 [info ]:  Succeeded [  0.02s] model dbt_dev_staging.stg_services (ephemeral)
20:25:45.688006 [debug]: Finished analyzing [  0.02s] model dbt_dev_staging.stg_services [success]
20:25:45.698184 [info ]:  Succeeded [  0.03s] model dbt_dev_staging.stg_diagnosis (ephemeral)
20:25:45.698271 [debug]: Finished analyzing [  0.03s] model dbt_dev_staging.stg_diagnosis [success]
20:25:45.698326 [info ]: Finished analyzing [  0.03s] (12 nodes, 1 skipped, 0 errors)
20:25:45.706803 [info ]: Started scheduling
20:25:45.706899 [info ]: Finished scheduling [  0.00s]
20:25:45.710413 [info ]: Cached model count updated: 12 models (accurate)
20:26:25.316401 [info ]: Started loading project
20:26:25.317117 [info ]: Loading profiles.yml
20:26:25.324612 [info ]: Started parsing
20:26:25.361941 [info ]: Finished loading project [  0.05s]
20:26:25.367319 [debug]: Finished parsing models/staging/stg_drugs.sql [  0.00s]
20:26:25.368832 [error]: dbt1048: Source 'raw.drugs' not found in project. Searched for 'drugs'
  --> models/staging/stg_drugs.sql:3:10
20:26:25.372670 [info ]: Cached model count updated: 12 models (estimate)
20:26:25.372691 [info ]: Cached model count updated: 12 models (accurate)
20:26:25.373453 [info ]: Started scheduling
20:26:25.373583 [info ]: Finished scheduling [  0.00s]
20:26:25.373602 [debug]: Compilation - 1 nodes selected: {"model.raqib_sf.stg_drugs"}
20:26:25.789297 [info ]: Started building task graph
20:26:25.789349 [info ]: Finished building task graph [  0.00s]
20:26:25.789480 [info ]: Started rendering (1 nodes)
20:26:25.789502 [info ]: Started model dbt_dev_staging.stg_drugs
20:26:25.789518 [debug]: Started rendering model dbt_dev_staging.stg_drugs
20:26:25.789587 [info ]: Finished parsing [  0.46s]
20:26:25.790385 [error]: dbt1501: Failed to render SQL not a key type: Source not found for source name: raw, table name: drugs
(in models/staging/stg_drugs.sql:3:10)
  --> models/staging/stg_drugs.sql:3:10
20:26:25.790447 [info ]: Started analyzing (1 nodes)
20:26:25.790512 [debug]: Started analyzing model dbt_dev_staging.stg_drugs
20:26:25.790583 [info ]:     Failed [-------] model dbt_dev_staging.stg_drugs (ephemeral)
20:26:25.790635 [debug]: Finished analyzing [  0.00s] model dbt_dev_staging.stg_drugs [skipped]
20:26:25.790679 [info ]: Finished analyzing [  0.00s] (1 nodes, 1 skipped, 0 errors)
20:26:25.798860 [info ]: Started scheduling
20:26:25.799001 [info ]: Finished scheduling [  0.00s]
20:26:25.801020 [info ]: Cached model count updated: 12 models (accurate)
20:26:25.801066 [debug]: Finished rendering [  0.01s] model dbt_dev_staging.stg_drugs [error]
20:26:25.801143 [info ]: Finished rendering [  0.01s] (1 nodes, 0 skipped, 1 errors)
20:26:26.946668 [info ]: Started loading project
20:26:26.947209 [info ]: Loading profiles.yml
20:26:26.991263 [info ]: Cached model count updated: 12 models (estimate)
20:26:26.991336 [info ]: Cached model count updated: 12 models (accurate)
20:26:26.991439 [info ]: Started scheduling
20:26:26.991670 [info ]: Finished scheduling [  0.00s]
20:26:26.991705 [debug]: Compilation - 1 nodes selected: {"model.raqib_sf.stg_drugs"}
20:26:27.483283 [info ]: Started building task graph
20:26:27.483358 [info ]: Finished building task graph [  0.00s]
20:26:27.483498 [info ]: Started rendering (1 nodes)
20:26:27.483533 [info ]: Started model dbt_dev_staging.stg_drugs
20:26:27.483549 [debug]: Started rendering model dbt_dev_staging.stg_drugs
20:26:27.483626 [info ]: Finished loading project [  0.54s]
20:26:27.484519 [error]: dbt1501: Failed to render SQL not a key type: Source not found for source name: raw, table name: drugs
(in models/staging/stg_drugs.sql:3:10)
  --> models/staging/stg_drugs.sql:3:10
20:26:27.484582 [info ]: Started analyzing (1 nodes)
20:26:27.484595 [debug]: Started analyzing model dbt_dev_staging.stg_drugs
20:26:27.484621 [info ]:     Failed [  0.00s] model dbt_dev_staging.stg_drugs (ephemeral)
20:26:27.484650 [debug]: Finished analyzing [  0.00s] model dbt_dev_staging.stg_drugs [skipped]
20:26:27.484659 [info ]: Finished analyzing [  0.00s] (1 nodes, 1 skipped, 0 errors)
20:26:27.491953 [info ]: Started scheduling
20:26:27.492036 [info ]: Finished scheduling [  0.00s]
20:26:27.496059 [info ]: Cached model count updated: 12 models (accurate)
20:26:27.496126 [debug]: Finished rendering [  0.01s] model dbt_dev_staging.stg_drugs [error]
20:26:27.496150 [info ]: Finished rendering [  0.01s] (1 nodes, 0 skipped, 1 errors)
20:26:28.716602 [info ]: Started loading project
20:26:28.717124 [info ]: Loading profiles.yml
20:26:28.752638 [info ]: Cached model count updated: 12 models (estimate)
20:26:28.752663 [info ]: Cached model count updated: 12 models (accurate)
20:26:28.752717 [info ]: Started scheduling
20:26:28.752940 [info ]: Finished scheduling [  0.00s]
20:26:28.752965 [debug]: Compilation - 12 nodes selected: {"model.raqib_sf.int_admissions", "model.raqib_sf.int_providers", "model.raqib_sf.stg_admissions", "model.raqib_sf.stg_diagnosis", "model.raqib_sf.stg_drugs", "model.raqib_sf.stg_emergency_contacts", "model.raqib_sf.stg_lab_events", "model.raqib_sf.stg_lab_specimen_types", "model.raqib_sf.stg_patients", "model.raqib_sf.stg_providers", "model.raqib_sf.stg_services", "model.raqib_sf.stg_transfers"}
20:26:29.150254 [info ]: Started building task graph
20:26:29.150422 [info ]: Finished building task graph [  0.00s]
20:26:29.150639 [info ]: Started rendering (12 nodes)
20:26:29.150662 [info ]: Started model dbt_dev_staging.stg_transfers
20:26:29.150688 [debug]: Started rendering model dbt_dev_staging.stg_transfers
20:26:29.150720 [info ]: Started model dbt_dev_staging.stg_services
20:26:29.150733 [debug]: Started rendering model dbt_dev_staging.stg_services
20:26:29.150764 [info ]: Started model dbt_dev_staging.stg_patients
20:26:29.150782 [debug]: Started rendering model dbt_dev_staging.stg_patients
20:26:29.150796 [info ]: Finished loading project [  0.43s]
20:26:29.150816 [info ]: Started model dbt_dev_staging.stg_lab_specimen_types
20:26:29.150837 [debug]: Started rendering model dbt_dev_staging.stg_lab_specimen_types
20:26:29.150870 [info ]: Started model dbt_dev_staging.stg_lab_events
20:26:29.150888 [debug]: Started rendering model dbt_dev_staging.stg_lab_events
20:26:29.150915 [info ]: Started model dbt_dev_staging.stg_emergency_contacts
20:26:29.150936 [debug]: Started rendering model dbt_dev_staging.stg_emergency_contacts
20:26:29.151084 [info ]: Started model dbt_dev_staging.stg_drugs
20:26:29.151133 [debug]: Started rendering model dbt_dev_staging.stg_drugs
20:26:29.151194 [info ]: Started model dbt_dev_staging.stg_diagnosis
20:26:29.151252 [debug]: Started rendering model dbt_dev_staging.stg_diagnosis
20:26:29.151336 [info ]: Started model dbt_dev_staging.stg_providers
20:26:29.151377 [debug]: Started rendering model dbt_dev_staging.stg_providers
20:26:29.151462 [info ]: Started model dbt_dev_staging.stg_admissions
20:26:29.151531 [debug]: Started rendering model dbt_dev_staging.stg_admissions
20:26:29.153242 [debug]: Compiled SQL for node model.raqib_sf.stg_transfers at target/.lsp/compiled/models/staging/stg_transfers.sql
20:26:29.153274 [debug]: Compiled SQL for node model.raqib_sf.stg_diagnosis at target/.lsp/compiled/models/staging/stg_diagnosis.sql
20:26:29.153317 [debug]: Compiled SQL for node model.raqib_sf.stg_providers at target/.lsp/compiled/models/staging/stg_providers.sql
20:26:29.153319 [debug]: Compiled SQL for node model.raqib_sf.stg_admissions at target/.lsp/compiled/models/staging/stg_admissions.sql
20:26:29.153348 [debug]: Compiled SQL for node model.raqib_sf.stg_services at target/.lsp/compiled/models/staging/stg_services.sql
20:26:29.153346 [debug]: Compiled SQL for node model.raqib_sf.stg_patients at target/.lsp/compiled/models/staging/stg_patients.sql
20:26:29.153345 [debug]: Compiled SQL for node model.raqib_sf.stg_emergency_contacts at target/.lsp/compiled/models/staging/stg_emergency_contacts.sql
20:26:29.153407 [debug]: Compiled SQL for node model.raqib_sf.stg_lab_specimen_types at target/.lsp/compiled/models/staging/stg_lab_specimen_types.sql
20:26:29.153424 [debug]: Compiled SQL for node model.raqib_sf.stg_lab_events at target/.lsp/compiled/models/staging/stg_lab_events.sql
20:26:29.153437 [debug]: Finished rendering [  0.00s] model dbt_dev_staging.stg_transfers [success]
20:26:29.153493 [info ]: Started analyzing (12 nodes)
20:26:29.153523 [debug]: Started analyzing model dbt_dev_staging.stg_transfers
20:26:29.153574 [debug]: Finished rendering [  0.00s] model dbt_dev_staging.stg_admissions [success]
20:26:29.153618 [info ]: Started model dbt_dev_intermediate.int_admissions
20:26:29.153669 [debug]: Started rendering model dbt_dev_intermediate.int_admissions
20:26:29.153759 [debug]: Started analyzing model dbt_dev_staging.stg_admissions
20:26:29.153838 [debug]: Finished rendering [  0.00s] model dbt_dev_staging.stg_services [success]
20:26:29.153902 [debug]: Started analyzing model dbt_dev_staging.stg_services
20:26:29.153941 [debug]: Finished rendering [  0.00s] model dbt_dev_staging.stg_providers [success]
20:26:29.153972 [info ]: Started model dbt_dev_intermediate.int_providers
20:26:29.153990 [debug]: Started rendering model dbt_dev_intermediate.int_providers
20:26:29.154053 [debug]: Started analyzing model dbt_dev_staging.stg_providers
20:26:29.154123 [debug]: Finished rendering [  0.00s] model dbt_dev_staging.stg_patients [success]
20:26:29.154162 [debug]: Started analyzing model dbt_dev_staging.stg_patients
20:26:29.154206 [debug]: Finished rendering [  0.00s] model dbt_dev_staging.stg_lab_specimen_types [success]
20:26:29.154245 [debug]: Started analyzing model dbt_dev_staging.stg_lab_specimen_types
20:26:29.154280 [debug]: Finished rendering [  0.00s] model dbt_dev_staging.stg_lab_events [success]
20:26:29.154308 [debug]: Started analyzing model dbt_dev_staging.stg_lab_events
20:26:29.154556 [debug]: Compiled SQL for node model.raqib_sf.int_admissions at target/.lsp/compiled/models/intermediate/int_admissions.sql
20:26:29.154625 [debug]: Finished rendering [  0.00s] model dbt_dev_staging.stg_emergency_contacts [success]
20:26:29.154661 [debug]: Started analyzing model dbt_dev_staging.stg_emergency_contacts
20:26:29.154719 [debug]: Finished rendering [  0.00s] model dbt_dev_staging.stg_diagnosis [success]
20:26:29.154800 [debug]: Compiled SQL for node model.raqib_sf.int_providers at target/.lsp/compiled/models/intermediate/int_providers.sql
20:26:29.154800 [debug]: Started analyzing model dbt_dev_staging.stg_diagnosis
20:26:29.154944 [error]: dbt1501: Failed to render SQL not a key type: Source not found for source name: raw, table name: drugs
(in models/staging/stg_drugs.sql:3:10)
  --> models/staging/stg_drugs.sql:3:10
20:26:29.154992 [debug]: Started analyzing model dbt_dev_staging.stg_drugs
20:26:29.155031 [info ]:     Failed [  0.00s] model dbt_dev_staging.stg_drugs (ephemeral)
20:26:29.155076 [debug]: Finished analyzing [  0.00s] model dbt_dev_staging.stg_drugs [skipped]
20:26:29.155110 [info ]:  Succeeded [  0.00s] model dbt_dev_staging.stg_transfers (ephemeral)
20:26:29.155143 [debug]: Finished analyzing [  0.00s] model dbt_dev_staging.stg_transfers [success]
20:26:29.155175 [info ]:  Succeeded [  0.00s] model dbt_dev_staging.stg_lab_specimen_types (ephemeral)
20:26:29.155205 [debug]: Finished analyzing [  0.00s] model dbt_dev_staging.stg_lab_specimen_types [success]
20:26:29.155233 [debug]: Finished rendering [  0.00s] model dbt_dev_intermediate.int_admissions [success]
20:26:29.155264 [debug]: Started analyzing model dbt_dev_intermediate.int_admissions
20:26:29.155365 [debug]: Finished rendering [  0.00s] model dbt_dev_staging.stg_drugs [error]
20:26:29.155370 [debug]: Finished rendering [  0.00s] model dbt_dev_intermediate.int_providers [success]
20:26:29.155391 [info ]: Finished rendering [  0.00s] (12 nodes, 0 skipped, 1 errors)
20:26:29.155420 [debug]: Started analyzing model dbt_dev_intermediate.int_providers
20:26:29.155455 [info ]:  Succeeded [  0.00s] model dbt_dev_staging.stg_admissions (ephemeral)
20:26:29.155492 [debug]: Finished analyzing [  0.00s] model dbt_dev_staging.stg_admissions [success]
20:26:29.155605 [info ]:  Succeeded [  0.00s] model dbt_dev_staging.stg_emergency_contacts (ephemeral)
20:26:29.155647 [debug]: Finished analyzing [  0.00s] model dbt_dev_staging.stg_emergency_contacts [success]
20:26:29.156813 [info ]:  Succeeded [  0.00s] model dbt_dev_intermediate.int_admissions (view)
20:26:29.156859 [debug]: Finished analyzing [  0.00s] model dbt_dev_intermediate.int_admissions [success]
20:26:29.157074 [info ]:  Succeeded [  0.01s] model dbt_dev_staging.stg_lab_events (ephemeral)
20:26:29.157123 [debug]: Finished analyzing [  0.00s] model dbt_dev_staging.stg_lab_events [success]
20:26:29.159411 [info ]:  Succeeded [  0.01s] model dbt_dev_staging.stg_providers (ephemeral)
20:26:29.159453 [debug]: Finished analyzing [  0.01s] model dbt_dev_staging.stg_providers [success]
20:26:29.160033 [info ]:  Succeeded [  0.01s] model dbt_dev_intermediate.int_providers (view)
20:26:29.160065 [debug]: Finished analyzing [  0.00s] model dbt_dev_intermediate.int_providers [success]
20:26:29.162186 [info ]:  Succeeded [  0.01s] model dbt_dev_staging.stg_patients (ephemeral)
20:26:29.162224 [debug]: Finished analyzing [  0.01s] model dbt_dev_staging.stg_patients [success]
20:26:29.164970 [info ]:  Succeeded [  0.01s] model dbt_dev_staging.stg_services (ephemeral)
20:26:29.165014 [debug]: Finished analyzing [  0.01s] model dbt_dev_staging.stg_services [success]
20:26:29.172578 [info ]:  Succeeded [  0.02s] model dbt_dev_staging.stg_diagnosis (ephemeral)
20:26:29.172636 [debug]: Finished analyzing [  0.02s] model dbt_dev_staging.stg_diagnosis [success]
20:26:29.172649 [info ]: Finished analyzing [  0.02s] (12 nodes, 1 skipped, 0 errors)
20:26:29.181095 [info ]: Started scheduling
20:26:29.181178 [info ]: Finished scheduling [  0.00s]
20:26:29.184466 [info ]: Cached model count updated: 12 models (accurate)
20:27:26.155747 [info ]: Started loading project
20:27:26.156334 [info ]: Loading profiles.yml
20:27:26.163075 [info ]: Started parsing
20:27:26.197715 [info ]: Finished loading project [  0.04s]
20:27:26.199744 [debug]: Finished parsing models/schema.yml [  0.00s]
20:27:26.205785 [debug]: Finished parsing models/staging/stg_diagnosis.sql [  0.00s]
20:27:26.207273 [debug]: Finished parsing models/staging/stg_drugs.sql [  0.00s]
20:27:26.208970 [debug]: Finished parsing models/staging/stg_emergency_contacts.sql [  0.00s]
20:27:26.210434 [debug]: Finished parsing models/staging/stg_lab_events.sql [  0.00s]
20:27:26.211943 [debug]: Finished parsing models/staging/stg_lab_specimen_types.sql [  0.00s]
20:27:26.213409 [debug]: Finished parsing models/staging/stg_patients.sql [  0.00s]
20:27:26.214574 [debug]: Finished parsing models/staging/stg_providers.sql [  0.00s]
20:27:26.215993 [debug]: Finished parsing models/staging/stg_services.sql [  0.00s]
20:27:26.235835 [debug]: Finished parsing models/staging/stg_transfers.sql [  0.02s]
20:27:26.237676 [error]: dbt1048: Source 'raw.drugs' not found in project. Searched for 'drugs'
  --> models/staging/stg_drugs.sql:3:10
20:27:26.244764 [info ]: Cached model count updated: 12 models (estimate)
20:27:26.244784 [info ]: Cached model count updated: 12 models (accurate)
20:27:26.244833 [info ]: Started scheduling
20:27:26.244902 [info ]: Finished scheduling [  0.00s]
20:27:26.244919 [debug]: Compilation - 0 nodes selected: {}
20:27:26.244934 [warn ]: dbt1600: The selection criterion '' does not match any enabled nodes
20:27:26.244946 [warn ]: dbt1601: Nothing to do. Try checking your model configs and model specification args
20:27:26.640109 [info ]: Started building task graph
20:27:26.640145 [info ]: Finished building task graph [  0.00s]
20:27:26.647294 [info ]: Started scheduling
20:27:26.647382 [info ]: Finished scheduling [  0.00s]
20:27:26.649414 [info ]: Cached model count updated: 12 models (accurate)
20:27:26.649539 [info ]: Finished parsing [  0.49s]
20:27:27.795123 [info ]: Started loading project
20:27:27.795773 [info ]: Loading profiles.yml
20:27:27.835097 [info ]: Cached model count updated: 12 models (estimate)
20:27:27.835146 [info ]: Cached model count updated: 12 models (accurate)
20:27:27.835270 [info ]: Started scheduling
20:27:27.835511 [info ]: Finished scheduling [  0.00s]
20:27:27.835544 [debug]: Compilation - 0 nodes selected: {}
20:27:27.835583 [warn ]: dbt1600: The selection criterion '' does not match any enabled nodes
20:27:27.835605 [warn ]: dbt1601: Nothing to do. Try checking your model configs and model specification args
20:27:28.235487 [info ]: Started building task graph
20:27:28.235524 [info ]: Finished building task graph [  0.00s]
20:27:28.242926 [info ]: Started scheduling
20:27:28.243008 [info ]: Finished scheduling [  0.00s]
20:27:28.243417 [info ]: Finished loading project [  0.45s]
20:27:28.246331 [info ]: Cached model count updated: 12 models (accurate)
20:27:29.380982 [info ]: Started loading project
20:27:29.381592 [info ]: Loading profiles.yml
20:27:29.425823 [info ]: Cached model count updated: 12 models (estimate)
20:27:29.425849 [info ]: Cached model count updated: 12 models (accurate)
20:27:29.425903 [info ]: Started scheduling
20:27:29.426124 [info ]: Finished scheduling [  0.00s]
20:27:29.426145 [debug]: Compilation - 12 nodes selected: {"model.raqib_sf.int_admissions", "model.raqib_sf.int_providers", "model.raqib_sf.stg_admissions", "model.raqib_sf.stg_diagnosis", "model.raqib_sf.stg_drugs", "model.raqib_sf.stg_emergency_contacts", "model.raqib_sf.stg_lab_events", "model.raqib_sf.stg_lab_specimen_types", "model.raqib_sf.stg_patients", "model.raqib_sf.stg_providers", "model.raqib_sf.stg_services", "model.raqib_sf.stg_transfers"}
20:27:29.845852 [info ]: Started building task graph
20:27:29.846069 [info ]: Finished building task graph [  0.00s]
20:27:29.846288 [info ]: Started rendering (12 nodes)
20:27:29.846312 [info ]: Started model dbt_dev_staging.stg_transfers
20:27:29.846331 [debug]: Started rendering model dbt_dev_staging.stg_transfers
20:27:29.846367 [info ]: Started model dbt_dev_staging.stg_services
20:27:29.846384 [debug]: Started rendering model dbt_dev_staging.stg_services
20:27:29.846400 [info ]: Finished loading project [  0.47s]
20:27:29.846409 [info ]: Started model dbt_dev_staging.stg_patients
20:27:29.846430 [debug]: Started rendering model dbt_dev_staging.stg_patients
20:27:29.846466 [info ]: Started model dbt_dev_staging.stg_lab_specimen_types
20:27:29.846484 [debug]: Started rendering model dbt_dev_staging.stg_lab_specimen_types
20:27:29.846515 [info ]: Started model dbt_dev_staging.stg_lab_events
20:27:29.846534 [debug]: Started rendering model dbt_dev_staging.stg_lab_events
20:27:29.846561 [info ]: Started model dbt_dev_staging.stg_emergency_contacts
20:27:29.846587 [debug]: Started rendering model dbt_dev_staging.stg_emergency_contacts
20:27:29.846618 [info ]: Started model dbt_dev_staging.stg_drugs
20:27:29.846643 [debug]: Started rendering model dbt_dev_staging.stg_drugs
20:27:29.846668 [info ]: Started model dbt_dev_staging.stg_diagnosis
20:27:29.846688 [debug]: Started rendering model dbt_dev_staging.stg_diagnosis
20:27:29.846716 [info ]: Started model dbt_dev_staging.stg_providers
20:27:29.846734 [debug]: Started rendering model dbt_dev_staging.stg_providers
20:27:29.846760 [info ]: Started model dbt_dev_staging.stg_admissions
20:27:29.846779 [debug]: Started rendering model dbt_dev_staging.stg_admissions
20:27:29.848996 [error]: dbt1501: Failed to render SQL not a key type: Source not found for source name: raw, table name: drugs
(in models/staging/stg_drugs.sql:3:10)
  --> models/staging/stg_drugs.sql:3:10
20:27:29.849070 [info ]: Started analyzing (12 nodes)
20:27:29.849084 [debug]: Started analyzing model dbt_dev_staging.stg_drugs
20:27:29.849110 [info ]:     Failed [  0.00s] model dbt_dev_staging.stg_drugs (ephemeral)
20:27:29.849139 [debug]: Finished analyzing [  0.00s] model dbt_dev_staging.stg_drugs [skipped]
20:27:29.849197 [debug]: Finished rendering [  0.00s] model dbt_dev_staging.stg_drugs [error]
20:27:29.850375 [debug]: Compiled SQL for node model.raqib_sf.stg_admissions at target/.lsp/compiled/models/staging/stg_admissions.sql
20:27:29.850647 [debug]: Finished rendering [  0.00s] model dbt_dev_staging.stg_admissions [success]
20:27:29.851014 [info ]: Started model dbt_dev_intermediate.int_admissions
20:27:29.851050 [debug]: Started rendering model dbt_dev_intermediate.int_admissions
20:27:29.851094 [debug]: Started analyzing model dbt_dev_staging.stg_admissions
20:27:29.852386 [debug]: Compiled SQL for node model.raqib_sf.stg_lab_events at target/.lsp/compiled/models/staging/stg_lab_events.sql
20:27:29.852716 [debug]: Compiled SQL for node model.raqib_sf.int_admissions at target/.lsp/compiled/models/intermediate/int_admissions.sql
20:27:29.853171 [debug]: Finished rendering [  0.00s] model dbt_dev_intermediate.int_admissions [success]
20:27:29.853232 [debug]: Started analyzing model dbt_dev_intermediate.int_admissions
20:27:29.853297 [debug]: Finished rendering [  0.01s] model dbt_dev_staging.stg_lab_events [success]
20:27:29.853338 [debug]: Started analyzing model dbt_dev_staging.stg_lab_events
20:27:29.853423 [debug]: Compiled SQL for node model.raqib_sf.stg_lab_specimen_types at target/.lsp/compiled/models/staging/stg_lab_specimen_types.sql
20:27:29.853500 [debug]: Compiled SQL for node model.raqib_sf.stg_patients at target/.lsp/compiled/models/staging/stg_patients.sql
20:27:29.853672 [debug]: Compiled SQL for node model.raqib_sf.stg_transfers at target/.lsp/compiled/models/staging/stg_transfers.sql
20:27:29.853788 [debug]: Finished rendering [  0.01s] model dbt_dev_staging.stg_lab_specimen_types [success]
20:27:29.853796 [debug]: Compiled SQL for node model.raqib_sf.stg_services at target/.lsp/compiled/models/staging/stg_services.sql
20:27:29.853832 [debug]: Started analyzing model dbt_dev_staging.stg_lab_specimen_types
20:27:29.853904 [info ]:  Succeeded [  0.01s] model dbt_dev_staging.stg_admissions (ephemeral)
20:27:29.854004 [debug]: Finished analyzing [  0.00s] model dbt_dev_staging.stg_admissions [success]
20:27:29.854041 [debug]: Finished rendering [  0.01s] model dbt_dev_staging.stg_patients [success]
20:27:29.854069 [debug]: Started analyzing model dbt_dev_staging.stg_patients
20:27:29.854117 [debug]: Finished rendering [  0.01s] model dbt_dev_staging.stg_services [success]
20:27:29.854189 [debug]: Started analyzing model dbt_dev_staging.stg_services
20:27:29.854273 [info ]:  Succeeded [  0.01s] model dbt_dev_staging.stg_lab_specimen_types (ephemeral)
20:27:29.854317 [debug]: Finished analyzing [  0.00s] model dbt_dev_staging.stg_lab_specimen_types [success]
20:27:29.854355 [debug]: Finished rendering [  0.01s] model dbt_dev_staging.stg_transfers [success]
20:27:29.854387 [debug]: Started analyzing model dbt_dev_staging.stg_transfers
20:27:29.854780 [info ]:  Succeeded [  0.00s] model dbt_dev_intermediate.int_admissions (view)
20:27:29.855020 [debug]: Finished analyzing [  0.00s] model dbt_dev_intermediate.int_admissions [success]
20:27:29.855120 [debug]: Compiled SQL for node model.raqib_sf.stg_providers at target/.lsp/compiled/models/staging/stg_providers.sql
20:27:29.855290 [debug]: Compiled SQL for node model.raqib_sf.stg_emergency_contacts at target/.lsp/compiled/models/staging/stg_emergency_contacts.sql
20:27:29.855463 [debug]: Compiled SQL for node model.raqib_sf.stg_diagnosis at target/.lsp/compiled/models/staging/stg_diagnosis.sql
20:27:29.855463 [info ]:  Succeeded [  0.01s] model dbt_dev_staging.stg_transfers (ephemeral)
20:27:29.855710 [debug]: Finished analyzing [  0.00s] model dbt_dev_staging.stg_transfers [success]
20:27:29.856152 [debug]: Finished rendering [  0.01s] model dbt_dev_staging.stg_providers [success]
20:27:29.856238 [info ]: Started model dbt_dev_intermediate.int_providers
20:27:29.856281 [debug]: Started rendering model dbt_dev_intermediate.int_providers
20:27:29.856332 [debug]: Started analyzing model dbt_dev_staging.stg_providers
20:27:29.856371 [debug]: Finished rendering [  0.01s] model dbt_dev_staging.stg_emergency_contacts [success]
20:27:29.856408 [debug]: Started analyzing model dbt_dev_staging.stg_emergency_contacts
20:27:29.856442 [debug]: Finished rendering [  0.01s] model dbt_dev_staging.stg_diagnosis [success]
20:27:29.856470 [debug]: Started analyzing model dbt_dev_staging.stg_diagnosis
20:27:29.856501 [info ]:  Succeeded [  0.01s] model dbt_dev_staging.stg_lab_events (ephemeral)
20:27:29.856546 [debug]: Finished analyzing [  0.00s] model dbt_dev_staging.stg_lab_events [success]
20:27:29.856889 [info ]:  Succeeded [  0.01s] model dbt_dev_staging.stg_emergency_contacts (ephemeral)
20:27:29.856928 [debug]: Finished analyzing [  0.00s] model dbt_dev_staging.stg_emergency_contacts [success]
20:27:29.858291 [debug]: Compiled SQL for node model.raqib_sf.int_providers at target/.lsp/compiled/models/intermediate/int_providers.sql
20:27:29.858512 [debug]: Finished rendering [  0.00s] model dbt_dev_intermediate.int_providers [success]
20:27:29.858540 [info ]: Finished rendering [  0.01s] (12 nodes, 0 skipped, 1 errors)
20:27:29.858573 [debug]: Started analyzing model dbt_dev_intermediate.int_providers
20:27:29.861429 [info ]:  Succeeded [  0.01s] model dbt_dev_staging.stg_providers (ephemeral)
20:27:29.861470 [debug]: Finished analyzing [  0.01s] model dbt_dev_staging.stg_providers [success]
20:27:29.864651 [info ]:  Succeeded [  0.01s] model dbt_dev_intermediate.int_providers (view)
20:27:29.864707 [debug]: Finished analyzing [  0.01s] model dbt_dev_intermediate.int_providers [success]
20:27:29.865591 [info ]:  Succeeded [  0.02s] model dbt_dev_staging.stg_patients (ephemeral)
20:27:29.865626 [debug]: Finished analyzing [  0.01s] model dbt_dev_staging.stg_patients [success]
20:27:29.870022 [info ]:  Succeeded [  0.02s] model dbt_dev_staging.stg_services (ephemeral)
20:27:29.870066 [debug]: Finished analyzing [  0.02s] model dbt_dev_staging.stg_services [success]
20:27:29.878175 [info ]:  Succeeded [  0.03s] model dbt_dev_staging.stg_diagnosis (ephemeral)
20:27:29.878216 [debug]: Finished analyzing [  0.02s] model dbt_dev_staging.stg_diagnosis [success]
20:27:29.878226 [info ]: Finished analyzing [  0.03s] (12 nodes, 1 skipped, 0 errors)
20:27:29.885381 [info ]: Started scheduling
20:27:29.885461 [info ]: Finished scheduling [  0.00s]
20:27:29.889076 [info ]: Cached model count updated: 12 models (accurate)
20:27:58.362534 [info ]: Started loading project
20:27:58.363555 [info ]: Loading profiles.yml
20:27:58.373312 [info ]: Started parsing
20:27:58.422502 [info ]: Finished loading project [  0.06s]
20:27:58.427853 [error]: dbt1013: YAML error: could not find expected ':' at line 150 column 12, while scanning a simple key at line 149 column 1
  --> models/schema.yml:150:12
20:27:58.429544 [debug]: Finished parsing models/schema.yml [  0.01s]
20:27:58.431259 [debug]: Finished parsing models/staging/stg_diagnosis.sql [  0.00s]
20:27:58.432808 [debug]: Finished parsing models/staging/stg_drugs.sql [  0.00s]
20:27:58.433800 [debug]: Finished parsing models/staging/stg_emergency_contacts.sql [  0.00s]
20:27:58.435187 [debug]: Finished parsing models/staging/stg_lab_events.sql [  0.00s]
20:27:58.435947 [debug]: Finished parsing models/staging/stg_lab_specimen_types.sql [  0.00s]
20:27:58.436662 [debug]: Finished parsing models/staging/stg_patients.sql [  0.00s]
20:27:58.437437 [debug]: Finished parsing models/staging/stg_providers.sql [  0.00s]
20:27:58.438286 [debug]: Finished parsing models/staging/stg_services.sql [  0.00s]
20:27:58.448306 [debug]: Finished parsing models/staging/stg_transfers.sql [  0.01s]
20:27:58.449259 [error]: dbt1048: Source 'raw.drugs' not found in project. Searched for 'drugs'
  --> models/staging/stg_drugs.sql:3:10
20:27:58.452760 [info ]: Cached model count updated: 12 models (estimate)
20:27:58.452779 [info ]: Cached model count updated: 12 models (accurate)
20:27:58.452827 [info ]: Started scheduling
20:27:58.452896 [info ]: Finished scheduling [  0.00s]
20:27:58.452911 [debug]: Compilation - 0 nodes selected: {}
20:27:58.452928 [warn ]: dbt1600: The selection criterion '' does not match any enabled nodes
20:27:58.452938 [warn ]: dbt1601: Nothing to do. Try checking your model configs and model specification args
20:27:59.141224 [info ]: Started building task graph
20:27:59.141261 [info ]: Finished building task graph [  0.00s]
20:27:59.150450 [info ]: Started scheduling
20:27:59.150624 [info ]: Finished scheduling [  0.00s]
20:27:59.152535 [info ]: Cached model count updated: 12 models (accurate)
20:27:59.152643 [info ]: Finished parsing [  0.78s]
20:28:00.296451 [info ]: Started loading project
20:28:00.296948 [info ]: Loading profiles.yml
20:28:00.340532 [info ]: Cached model count updated: 12 models (estimate)
20:28:00.340572 [info ]: Cached model count updated: 12 models (accurate)
20:28:00.340660 [info ]: Started scheduling
20:28:00.341162 [info ]: Finished scheduling [  0.00s]
20:28:00.341220 [debug]: Compilation - 12 nodes selected: {"model.raqib_sf.int_admissions", "model.raqib_sf.int_providers", "model.raqib_sf.stg_admissions", "model.raqib_sf.stg_diagnosis", "model.raqib_sf.stg_drugs", "model.raqib_sf.stg_emergency_contacts", "model.raqib_sf.stg_lab_events", "model.raqib_sf.stg_lab_specimen_types", "model.raqib_sf.stg_patients", "model.raqib_sf.stg_providers", "model.raqib_sf.stg_services", "model.raqib_sf.stg_transfers"}
20:28:00.748781 [info ]: Started building task graph
20:28:00.748966 [info ]: Finished building task graph [  0.00s]
20:28:00.749200 [info ]: Started rendering (12 nodes)
20:28:00.749225 [info ]: Started model dbt_dev_staging.stg_transfers
20:28:00.749243 [debug]: Started rendering model dbt_dev_staging.stg_transfers
20:28:00.749278 [info ]: Started model dbt_dev_staging.stg_services
20:28:00.749292 [debug]: Started rendering model dbt_dev_staging.stg_services
20:28:00.749312 [info ]: Started model dbt_dev_staging.stg_patients
20:28:00.749323 [debug]: Started rendering model dbt_dev_staging.stg_patients
20:28:00.749319 [info ]: Finished loading project [  0.45s]
20:28:00.749348 [info ]: Started model dbt_dev_staging.stg_lab_specimen_types
20:28:00.749369 [debug]: Started rendering model dbt_dev_staging.stg_lab_specimen_types
20:28:00.749410 [info ]: Started model dbt_dev_staging.stg_lab_events
20:28:00.749445 [debug]: Started rendering model dbt_dev_staging.stg_lab_events
20:28:00.749634 [info ]: Started model dbt_dev_staging.stg_emergency_contacts
20:28:00.749691 [debug]: Started rendering model dbt_dev_staging.stg_emergency_contacts
20:28:00.749724 [info ]: Started model dbt_dev_staging.stg_drugs
20:28:00.749747 [debug]: Started rendering model dbt_dev_staging.stg_drugs
20:28:00.749779 [info ]: Started model dbt_dev_staging.stg_diagnosis
20:28:00.749800 [debug]: Started rendering model dbt_dev_staging.stg_diagnosis
20:28:00.749837 [info ]: Started model dbt_dev_staging.stg_providers
20:28:00.749857 [debug]: Started rendering model dbt_dev_staging.stg_providers
20:28:00.749889 [info ]: Started model dbt_dev_staging.stg_admissions
20:28:00.749909 [debug]: Started rendering model dbt_dev_staging.stg_admissions
20:28:00.751292 [error]: dbt1501: Failed to render SQL not a key type: Source not found for source name: raw, table name: drugs
(in models/staging/stg_drugs.sql:3:10)
  --> models/staging/stg_drugs.sql:3:10
20:28:00.751629 [info ]: Started analyzing (12 nodes)
20:28:00.751659 [debug]: Started analyzing model dbt_dev_staging.stg_drugs
20:28:00.751815 [info ]:     Failed [  0.00s] model dbt_dev_staging.stg_drugs (ephemeral)
20:28:00.751861 [debug]: Finished analyzing [  0.00s] model dbt_dev_staging.stg_drugs [skipped]
20:28:00.751943 [debug]: Finished rendering [  0.00s] model dbt_dev_staging.stg_drugs [error]
20:28:00.751962 [debug]: Compiled SQL for node model.raqib_sf.stg_services at target/.lsp/compiled/models/staging/stg_services.sql
20:28:00.752033 [debug]: Compiled SQL for node model.raqib_sf.stg_patients at target/.lsp/compiled/models/staging/stg_patients.sql
20:28:00.752059 [debug]: Compiled SQL for node model.raqib_sf.stg_admissions at target/.lsp/compiled/models/staging/stg_admissions.sql
20:28:00.752235 [debug]: Finished rendering [  0.00s] model dbt_dev_staging.stg_admissions [success]
20:28:00.752273 [debug]: Compiled SQL for node model.raqib_sf.stg_lab_events at target/.lsp/compiled/models/staging/stg_lab_events.sql
20:28:00.752279 [info ]: Started model dbt_dev_intermediate.int_admissions
20:28:00.752305 [debug]: Started rendering model dbt_dev_intermediate.int_admissions
20:28:00.752345 [debug]: Started analyzing model dbt_dev_staging.stg_admissions
20:28:00.752395 [debug]: Finished rendering [  0.00s] model dbt_dev_staging.stg_services [success]
20:28:00.752407 [debug]: Compiled SQL for node model.raqib_sf.stg_emergency_contacts at target/.lsp/compiled/models/staging/stg_emergency_contacts.sql
20:28:00.752512 [debug]: Compiled SQL for node model.raqib_sf.stg_lab_specimen_types at target/.lsp/compiled/models/staging/stg_lab_specimen_types.sql
20:28:00.752571 [debug]: Started analyzing model dbt_dev_staging.stg_services
20:28:00.752591 [debug]: Compiled SQL for node model.raqib_sf.stg_providers at target/.lsp/compiled/models/staging/stg_providers.sql
20:28:00.752620 [debug]: Finished rendering [  0.00s] model dbt_dev_staging.stg_patients [success]
20:28:00.752670 [debug]: Started analyzing model dbt_dev_staging.stg_patients
20:28:00.752835 [debug]: Compiled SQL for node model.raqib_sf.int_admissions at target/.lsp/compiled/models/intermediate/int_admissions.sql
20:28:00.752856 [debug]: Finished rendering [  0.00s] model dbt_dev_staging.stg_lab_events [success]
20:28:00.752898 [debug]: Started analyzing model dbt_dev_staging.stg_lab_events
20:28:00.752932 [debug]: Finished rendering [  0.00s] model dbt_dev_staging.stg_emergency_contacts [success]
20:28:00.752971 [debug]: Started analyzing model dbt_dev_staging.stg_emergency_contacts
20:28:00.752996 [debug]: Compiled SQL for node model.raqib_sf.stg_transfers at target/.lsp/compiled/models/staging/stg_transfers.sql
20:28:00.753041 [debug]: Finished rendering [  0.00s] model dbt_dev_staging.stg_lab_specimen_types [success]
20:28:00.753124 [debug]: Started analyzing model dbt_dev_staging.stg_lab_specimen_types
20:28:00.753170 [debug]: Finished rendering [  0.00s] model dbt_dev_staging.stg_providers [success]
20:28:00.753211 [info ]: Started model dbt_dev_intermediate.int_providers
20:28:00.753236 [debug]: Started rendering model dbt_dev_intermediate.int_providers
20:28:00.753407 [debug]: Started analyzing model dbt_dev_staging.stg_providers
20:28:00.753444 [debug]: Finished rendering [  0.00s] model dbt_dev_intermediate.int_admissions [success]
20:28:00.753508 [debug]: Started analyzing model dbt_dev_intermediate.int_admissions
20:28:00.753542 [debug]: Finished rendering [  0.00s] model dbt_dev_staging.stg_transfers [success]
20:28:00.753573 [debug]: Started analyzing model dbt_dev_staging.stg_transfers
20:28:00.753897 [info ]:  Succeeded [  0.00s] model dbt_dev_staging.stg_emergency_contacts (ephemeral)
20:28:00.754011 [debug]: Finished analyzing [  0.00s] model dbt_dev_staging.stg_emergency_contacts [success]
20:28:00.754070 [info ]:  Succeeded [  0.00s] model dbt_dev_staging.stg_admissions (ephemeral)
20:28:00.754105 [debug]: Finished analyzing [  0.00s] model dbt_dev_staging.stg_admissions [success]
20:28:00.754285 [info ]:  Succeeded [  0.00s] model dbt_dev_staging.stg_lab_specimen_types (ephemeral)
20:28:00.754293 [debug]: Compiled SQL for node model.raqib_sf.int_providers at target/.lsp/compiled/models/intermediate/int_providers.sql
20:28:00.754328 [debug]: Finished analyzing [  0.00s] model dbt_dev_staging.stg_lab_specimen_types [success]
20:28:00.754392 [debug]: Finished rendering [  0.00s] model dbt_dev_intermediate.int_providers [success]
20:28:00.754433 [debug]: Started analyzing model dbt_dev_intermediate.int_providers
20:28:00.754677 [info ]:  Succeeded [  0.01s] model dbt_dev_staging.stg_transfers (ephemeral)
20:28:00.754716 [debug]: Finished analyzing [  0.00s] model dbt_dev_staging.stg_transfers [success]
20:28:00.755055 [debug]: Compiled SQL for node model.raqib_sf.stg_diagnosis at target/.lsp/compiled/models/staging/stg_diagnosis.sql
20:28:00.755131 [info ]:  Succeeded [  0.00s] model dbt_dev_intermediate.int_admissions (view)
20:28:00.755184 [debug]: Finished analyzing [  0.00s] model dbt_dev_intermediate.int_admissions [success]
20:28:00.755491 [info ]:  Succeeded [  0.01s] model dbt_dev_staging.stg_lab_events (ephemeral)
20:28:00.755543 [debug]: Finished analyzing [  0.00s] model dbt_dev_staging.stg_lab_events [success]
20:28:00.755593 [debug]: Finished rendering [  0.01s] model dbt_dev_staging.stg_diagnosis [success]
20:28:00.755612 [info ]: Finished rendering [  0.01s] (12 nodes, 0 skipped, 1 errors)
20:28:00.755647 [debug]: Started analyzing model dbt_dev_staging.stg_diagnosis
20:28:00.759049 [info ]:  Succeeded [  0.01s] model dbt_dev_staging.stg_providers (ephemeral)
20:28:00.759092 [debug]: Finished analyzing [  0.01s] model dbt_dev_staging.stg_providers [success]
20:28:00.759948 [info ]:  Succeeded [  0.01s] model dbt_dev_intermediate.int_providers (view)
20:28:00.759980 [debug]: Finished analyzing [  0.01s] model dbt_dev_intermediate.int_providers [success]
20:28:00.762966 [info ]:  Succeeded [  0.01s] model dbt_dev_staging.stg_patients (ephemeral)
20:28:00.763016 [debug]: Finished analyzing [  0.01s] model dbt_dev_staging.stg_patients [success]
20:28:00.764986 [info ]:  Succeeded [  0.01s] model dbt_dev_staging.stg_services (ephemeral)
20:28:00.765024 [debug]: Finished analyzing [  0.01s] model dbt_dev_staging.stg_services [success]
20:28:00.773316 [info ]:  Succeeded [  0.02s] model dbt_dev_staging.stg_diagnosis (ephemeral)
20:28:00.773375 [debug]: Finished analyzing [  0.02s] model dbt_dev_staging.stg_diagnosis [success]
20:28:00.773388 [info ]: Finished analyzing [  0.02s] (12 nodes, 1 skipped, 0 errors)
20:28:00.781980 [info ]: Started scheduling
20:28:00.782067 [info ]: Finished scheduling [  0.00s]
20:28:00.785277 [info ]: Cached model count updated: 12 models (accurate)
20:28:54.407056 [info ]: Started loading project
20:28:54.407569 [info ]: Loading profiles.yml
20:28:54.419456 [info ]: Started parsing
20:28:54.473034 [info ]: Finished loading project [  0.07s]
20:28:54.476609 [debug]: Finished parsing models/schema.yml [  0.00s]
20:28:54.492460 [debug]: Finished parsing models/staging/stg_diagnosis.sql [  0.00s]
20:28:54.495682 [debug]: Finished parsing models/staging/stg_drugs.sql [  0.00s]
20:28:54.498171 [debug]: Finished parsing models/staging/stg_emergency_contacts.sql [  0.00s]
20:28:54.505689 [debug]: Finished parsing models/staging/stg_lab_events.sql [  0.01s]
20:28:54.509389 [debug]: Finished parsing models/staging/stg_lab_specimen_types.sql [  0.00s]
20:28:54.511639 [debug]: Finished parsing models/staging/stg_patients.sql [  0.00s]
20:28:54.513483 [debug]: Finished parsing models/staging/stg_providers.sql [  0.00s]
20:28:54.515387 [debug]: Finished parsing models/staging/stg_services.sql [  0.00s]
20:28:54.537624 [debug]: Finished parsing models/staging/stg_transfers.sql [  0.02s]
20:28:54.539950 [error]: dbt1048: Source 'raw.drugs' not found in project. Searched for 'drugs'
  --> models/staging/stg_drugs.sql:3:10
20:28:54.547336 [info ]: Cached model count updated: 12 models (estimate)
20:28:54.547366 [info ]: Cached model count updated: 12 models (accurate)
20:28:54.547451 [info ]: Started scheduling
20:28:54.547569 [info ]: Finished scheduling [  0.00s]
20:28:54.547595 [debug]: Compilation - 0 nodes selected: {}
20:28:54.547618 [warn ]: dbt1600: The selection criterion '' does not match any enabled nodes
20:28:54.547637 [warn ]: dbt1601: Nothing to do. Try checking your model configs and model specification args
20:28:55.053575 [info ]: Started building task graph
20:28:55.053614 [info ]: Finished building task graph [  0.00s]
20:28:55.061190 [info ]: Started scheduling
20:28:55.061290 [info ]: Finished scheduling [  0.00s]
20:28:55.063303 [info ]: Cached model count updated: 12 models (accurate)
20:28:55.063364 [info ]: Finished parsing [  0.64s]
20:28:56.198654 [info ]: Started loading project
20:28:56.199362 [info ]: Loading profiles.yml
20:28:56.239527 [info ]: Cached model count updated: 12 models (estimate)
20:28:56.239556 [info ]: Cached model count updated: 12 models (accurate)
20:28:56.239615 [info ]: Started scheduling
20:28:56.239693 [info ]: Finished scheduling [  0.00s]
20:28:56.239711 [debug]: Compilation - 0 nodes selected: {}
20:28:56.239726 [warn ]: dbt1600: The selection criterion '' does not match any enabled nodes
20:28:56.239737 [warn ]: dbt1601: Nothing to do. Try checking your model configs and model specification args
20:28:56.643723 [info ]: Started building task graph
20:28:56.643760 [info ]: Finished building task graph [  0.00s]
20:28:56.651169 [info ]: Started scheduling
20:28:56.651257 [info ]: Finished scheduling [  0.00s]
20:28:56.651659 [info ]: Finished loading project [  0.45s]
20:28:56.655706 [info ]: Cached model count updated: 12 models (accurate)
20:28:57.801668 [info ]: Started loading project
20:28:57.802158 [info ]: Loading profiles.yml
20:28:57.838773 [info ]: Cached model count updated: 12 models (estimate)
20:28:57.838806 [info ]: Cached model count updated: 12 models (accurate)
20:28:57.838864 [info ]: Started scheduling
20:28:57.839111 [info ]: Finished scheduling [  0.00s]
20:28:57.839134 [debug]: Compilation - 12 nodes selected: {"model.raqib_sf.int_admissions", "model.raqib_sf.int_providers", "model.raqib_sf.stg_admissions", "model.raqib_sf.stg_diagnosis", "model.raqib_sf.stg_drugs", "model.raqib_sf.stg_emergency_contacts", "model.raqib_sf.stg_lab_events", "model.raqib_sf.stg_lab_specimen_types", "model.raqib_sf.stg_patients", "model.raqib_sf.stg_providers", "model.raqib_sf.stg_services", "model.raqib_sf.stg_transfers"}
20:28:58.323953 [info ]: Started building task graph
20:28:58.324141 [info ]: Finished building task graph [  0.00s]
20:28:58.324395 [info ]: Started rendering (12 nodes)
20:28:58.324423 [info ]: Started model dbt_dev_staging.stg_transfers
20:28:58.324441 [debug]: Started rendering model dbt_dev_staging.stg_transfers
20:28:58.324479 [info ]: Started model dbt_dev_staging.stg_services
20:28:58.324495 [debug]: Started rendering model dbt_dev_staging.stg_services
20:28:58.324517 [info ]: Started model dbt_dev_staging.stg_patients
20:28:58.324524 [info ]: Finished loading project [  0.52s]
20:28:58.324534 [debug]: Started rendering model dbt_dev_staging.stg_patients
20:28:58.324566 [info ]: Started model dbt_dev_staging.stg_lab_specimen_types
20:28:58.324587 [debug]: Started rendering model dbt_dev_staging.stg_lab_specimen_types
20:28:58.324614 [info ]: Started model dbt_dev_staging.stg_lab_events
20:28:58.324634 [debug]: Started rendering model dbt_dev_staging.stg_lab_events
20:28:58.324674 [info ]: Started model dbt_dev_staging.stg_emergency_contacts
20:28:58.324697 [debug]: Started rendering model dbt_dev_staging.stg_emergency_contacts
20:28:58.324754 [info ]: Started model dbt_dev_staging.stg_drugs
20:28:58.324785 [debug]: Started rendering model dbt_dev_staging.stg_drugs
20:28:58.324861 [info ]: Started model dbt_dev_staging.stg_diagnosis
20:28:58.324906 [debug]: Started rendering model dbt_dev_staging.stg_diagnosis
20:28:58.324971 [info ]: Started model dbt_dev_staging.stg_providers
20:28:58.325026 [debug]: Started rendering model dbt_dev_staging.stg_providers
20:28:58.325059 [info ]: Started model dbt_dev_staging.stg_admissions
20:28:58.325063 [debug]: Compiled SQL for node model.raqib_sf.stg_transfers at target/.lsp/compiled/models/staging/stg_transfers.sql
20:28:58.325080 [debug]: Started rendering model dbt_dev_staging.stg_admissions
20:28:58.325299 [debug]: Compiled SQL for node model.raqib_sf.stg_lab_specimen_types at target/.lsp/compiled/models/staging/stg_lab_specimen_types.sql
20:28:58.325299 [debug]: Compiled SQL for node model.raqib_sf.stg_services at target/.lsp/compiled/models/staging/stg_services.sql
20:28:58.325330 [debug]: Compiled SQL for node model.raqib_sf.stg_patients at target/.lsp/compiled/models/staging/stg_patients.sql
20:28:58.325362 [debug]: Finished rendering [  0.00s] model dbt_dev_staging.stg_transfers [success]
20:28:58.325405 [info ]: Started analyzing (12 nodes)
20:28:58.325421 [debug]: Started analyzing model dbt_dev_staging.stg_transfers
20:28:58.325459 [debug]: Finished rendering [  0.00s] model dbt_dev_staging.stg_lab_specimen_types [success]
20:28:58.325485 [debug]: Compiled SQL for node model.raqib_sf.stg_emergency_contacts at target/.lsp/compiled/models/staging/stg_emergency_contacts.sql
20:28:58.325498 [debug]: Started analyzing model dbt_dev_staging.stg_lab_specimen_types
20:28:58.325533 [debug]: Finished rendering [  0.00s] model dbt_dev_staging.stg_patients [success]
20:28:58.325554 [debug]: Compiled SQL for node model.raqib_sf.stg_admissions at target/.lsp/compiled/models/staging/stg_admissions.sql
20:28:58.325562 [debug]: Started analyzing model dbt_dev_staging.stg_patients
20:28:58.325796 [debug]: Compiled SQL for node model.raqib_sf.stg_providers at target/.lsp/compiled/models/staging/stg_providers.sql
20:28:58.325823 [debug]: Compiled SQL for node model.raqib_sf.stg_diagnosis at target/.lsp/compiled/models/staging/stg_diagnosis.sql
20:28:58.326146 [debug]: Finished rendering [  0.00s] model dbt_dev_staging.stg_emergency_contacts [success]
20:28:58.326194 [debug]: Started analyzing model dbt_dev_staging.stg_emergency_contacts
20:28:58.326357 [debug]: Finished rendering [  0.00s] model dbt_dev_staging.stg_providers [success]
20:28:58.326408 [debug]: Started analyzing model dbt_dev_staging.stg_providers
20:28:58.326458 [info ]: Started model dbt_dev_intermediate.int_providers
20:28:58.326505 [debug]: Started rendering model dbt_dev_intermediate.int_providers
20:28:58.326554 [debug]: Finished rendering [  0.00s] model dbt_dev_staging.stg_admissions [success]
20:28:58.326605 [info ]: Started model dbt_dev_intermediate.int_admissions
20:28:58.326628 [debug]: Started rendering model dbt_dev_intermediate.int_admissions
20:28:58.326722 [debug]: Started analyzing model dbt_dev_staging.stg_admissions
20:28:58.326771 [debug]: Compiled SQL for node model.raqib_sf.stg_lab_events at target/.lsp/compiled/models/staging/stg_lab_events.sql
20:28:58.326783 [debug]: Finished rendering [  0.00s] model dbt_dev_staging.stg_services [success]
20:28:58.326817 [debug]: Started analyzing model dbt_dev_staging.stg_services
20:28:58.326854 [debug]: Finished rendering [  0.00s] model dbt_dev_staging.stg_diagnosis [success]
20:28:58.326887 [debug]: Started analyzing model dbt_dev_staging.stg_diagnosis
20:28:58.326977 [debug]: Compiled SQL for node model.raqib_sf.int_providers at target/.lsp/compiled/models/intermediate/int_providers.sql
20:28:58.326942 [error]: dbt1501: Failed to render SQL not a key type: Source not found for source name: raw, table name: drugs
(in models/staging/stg_drugs.sql:3:10)
  --> models/staging/stg_drugs.sql:3:10
20:28:58.327028 [debug]: Started analyzing model dbt_dev_staging.stg_drugs
20:28:58.327060 [info ]:     Failed [  0.00s] model dbt_dev_staging.stg_drugs (ephemeral)
20:28:58.327098 [debug]: Finished analyzing [  0.00s] model dbt_dev_staging.stg_drugs [skipped]
20:28:58.327132 [info ]:  Succeeded [  0.00s] model dbt_dev_staging.stg_transfers (ephemeral)
20:28:58.327176 [debug]: Finished analyzing [  0.00s] model dbt_dev_staging.stg_transfers [success]
20:28:58.327209 [info ]:  Succeeded [  0.00s] model dbt_dev_staging.stg_lab_specimen_types (ephemeral)
20:28:58.327243 [debug]: Finished analyzing [  0.00s] model dbt_dev_staging.stg_lab_specimen_types [success]
20:28:58.327278 [info ]:  Succeeded [  0.00s] model dbt_dev_staging.stg_emergency_contacts (ephemeral)
20:28:58.327315 [debug]: Finished analyzing [  0.00s] model dbt_dev_staging.stg_emergency_contacts [success]
20:28:58.327347 [debug]: Finished rendering [  0.00s] model dbt_dev_staging.stg_lab_events [success]
20:28:58.327377 [debug]: Started analyzing model dbt_dev_staging.stg_lab_events
20:28:58.327412 [debug]: Finished rendering [  0.00s] model dbt_dev_intermediate.int_providers [success]
20:28:58.327456 [debug]: Started analyzing model dbt_dev_intermediate.int_providers
20:28:58.327514 [debug]: Finished rendering [  0.00s] model dbt_dev_staging.stg_drugs [error]
20:28:58.327914 [info ]:  Succeeded [  0.00s] model dbt_dev_staging.stg_admissions (ephemeral)
20:28:58.327982 [debug]: Finished analyzing [  0.00s] model dbt_dev_staging.stg_admissions [success]
20:28:58.328523 [debug]: Compiled SQL for node model.raqib_sf.int_admissions at target/.lsp/compiled/models/intermediate/int_admissions.sql
20:28:58.328826 [debug]: Finished rendering [  0.00s] model dbt_dev_intermediate.int_admissions [success]
20:28:58.328867 [info ]: Finished rendering [  0.00s] (12 nodes, 0 skipped, 1 errors)
20:28:58.328999 [debug]: Started analyzing model dbt_dev_intermediate.int_admissions
20:28:58.329957 [info ]:  Succeeded [  0.00s] model dbt_dev_staging.stg_lab_events (ephemeral)
20:28:58.330023 [debug]: Finished analyzing [  0.00s] model dbt_dev_staging.stg_lab_events [success]
20:28:58.330558 [info ]:  Succeeded [  0.00s] model dbt_dev_intermediate.int_admissions (view)
20:28:58.330712 [debug]: Finished analyzing [  0.00s] model dbt_dev_intermediate.int_admissions [success]
20:28:58.334005 [info ]:  Succeeded [  0.01s] model dbt_dev_staging.stg_providers (ephemeral)
20:28:58.334059 [debug]: Finished analyzing [  0.01s] model dbt_dev_staging.stg_providers [success]
20:28:58.334484 [info ]:  Succeeded [  0.01s] model dbt_dev_intermediate.int_providers (view)
20:28:58.334551 [debug]: Finished analyzing [  0.01s] model dbt_dev_intermediate.int_providers [success]
20:28:58.336990 [info ]:  Succeeded [  0.01s] model dbt_dev_staging.stg_patients (ephemeral)
20:28:58.337028 [debug]: Finished analyzing [  0.01s] model dbt_dev_staging.stg_patients [success]
20:28:58.340630 [info ]:  Succeeded [  0.01s] model dbt_dev_staging.stg_services (ephemeral)
20:28:58.340677 [debug]: Finished analyzing [  0.01s] model dbt_dev_staging.stg_services [success]
20:28:58.347258 [info ]:  Succeeded [  0.02s] model dbt_dev_staging.stg_diagnosis (ephemeral)
20:28:58.347306 [debug]: Finished analyzing [  0.02s] model dbt_dev_staging.stg_diagnosis [success]
20:28:58.347319 [info ]: Finished analyzing [  0.02s] (12 nodes, 1 skipped, 0 errors)
20:28:58.355342 [info ]: Started scheduling
20:28:58.355431 [info ]: Finished scheduling [  0.00s]
20:28:58.359347 [info ]: Cached model count updated: 12 models (accurate)
==================== 2026-06-01T06:55:35.965685Z | 06fcffa2-216e-455a-9777-cd66a22b5b53 ====================
06:55:35.970591 [info ]: Starting dbt LSP server
06:55:35.971795 [info ]: Connecting to LSP client on port 8000
06:55:35.972500 [info ]: Successfully connected to LSP client
06:55:35.972528 [info ]: Creating LSP service...
06:55:36.439053 [info ]: Creating LSP server...
06:55:36.439154 [info ]: Starting LSP server...
06:55:36.873999 [info ]: Loading profiles.yml
06:55:37.125256 [info ]: Started loading project
06:55:37.128813 [info ]: Loading profiles.yml
06:55:37.717576 [debug]:    Started loading packages
06:55:37.724334 [debug]:     Loaded [  0.01s] packages
06:55:37.740233 [info ]: Started parsing
06:55:37.835850 [info ]: Finished loading project [  0.71s]
06:55:37.858055 [debug]: Finished parsing models/schema.yml [  0.01s]
06:55:37.859660 [debug]: Finished parsing models/sources.yml [  0.00s]
06:55:37.899205 [debug]: Finished parsing models/intermediate/int_admissions.sql [  0.02s]
06:55:37.900354 [debug]: Finished parsing models/intermediate/int_providers.sql [  0.00s]
06:55:37.901836 [debug]: Finished parsing models/staging/stg_admissions.sql [  0.00s]
06:55:37.903032 [debug]: Finished parsing models/staging/stg_diagnosis.sql [  0.00s]
06:55:37.904153 [debug]: Finished parsing models/staging/stg_drugs.sql [  0.00s]
06:55:37.905479 [debug]: Finished parsing models/staging/stg_emergency_contacts.sql [  0.00s]
06:55:37.906977 [debug]: Finished parsing models/staging/stg_lab_events.sql [  0.00s]
06:55:37.909226 [debug]: Finished parsing models/staging/stg_lab_specimen_types.sql [  0.00s]
06:55:37.912676 [debug]: Finished parsing models/staging/stg_patients.sql [  0.00s]
06:55:37.914965 [debug]: Finished parsing models/staging/stg_providers.sql [  0.00s]
06:55:37.916981 [debug]: Finished parsing models/staging/stg_services.sql [  0.00s]
06:55:37.941412 [debug]: Finished parsing models/staging/stg_transfers.sql [  0.02s]
06:55:37.947454 [error]: dbt1048: Source 'raw.drugs' not found in project. Searched for 'drugs'
  --> models/staging/stg_drugs.sql:3:10
06:55:37.954024 [info ]: Cached model count updated: 12 models (estimate)
06:55:37.954049 [info ]: Cached model count updated: 12 models (accurate)
06:55:37.956241 [info ]: Started scheduling
06:55:37.965527 [info ]: Finished scheduling [  0.01s]
06:55:37.965842 [debug]: Compilation - 1 nodes selected: {"model.raqib_sf.stg_drugs"}
06:55:37.966579 [info ]: Started scheduling
06:55:37.967115 [info ]: Finished scheduling [  0.00s]
06:55:37.973094 [debug]: Initializing schema store with entry: Frontier(CanonicalFqn { catalog: "RAW", schema: "PUBLIC", table: "EMERGENCY_CONTACTS" }) and interval: None
06:55:37.973408 [debug]: Initializing schema store with entry: Frontier(CanonicalFqn { catalog: "RAW", schema: "PUBLIC", table: "PROVIDERS" }) and interval: None
06:55:37.973423 [debug]: Initializing schema store with entry: Frontier(CanonicalFqn { catalog: "RAW", schema: "PUBLIC", table: "SERVICES" }) and interval: None
06:55:37.973434 [debug]: Initializing schema store with entry: Frontier(CanonicalFqn { catalog: "RAW", schema: "PUBLIC", table: "TRANSFERS" }) and interval: None
06:55:37.973446 [debug]: Initializing schema store with entry: Frontier(CanonicalFqn { catalog: "RAW", schema: "PUBLIC", table: "LAB_SPECIMEN_TYPES" }) and interval: None
06:55:37.973458 [debug]: Initializing schema store with entry: Frontier(CanonicalFqn { catalog: "RAW", schema: "PUBLIC", table: "PATIENTS" }) and interval: None
06:55:37.973469 [debug]: Initializing schema store with entry: Frontier(CanonicalFqn { catalog: "RAW", schema: "PUBLIC", table: "LAB_EVENTS" }) and interval: None
06:55:37.973479 [debug]: Initializing schema store with entry: Frontier(CanonicalFqn { catalog: "RAW", schema: "PUBLIC", table: "ADMISSIONS" }) and interval: None
06:55:37.973490 [debug]: Initializing schema store with entry: Frontier(CanonicalFqn { catalog: "RAW", schema: "PUBLIC", table: "DIAGNOSIS" }) and interval: None
06:55:38.377372 [info ]: Started building task graph
06:55:38.380931 [info ]: Finished building task graph [  0.00s]
06:55:38.388649 [info ]: Started rendering (1 nodes)
06:55:38.389181 [info ]: Started model dbt_dev_staging.stg_drugs
06:55:38.390389 [debug]: Started rendering model dbt_dev_staging.stg_drugs
06:55:38.390850 [info ]: Finished parsing [  0.65s]
06:55:38.398042 [error]: dbt1501: Failed to render SQL not a key type: Source not found for source name: raw, table name: drugs
(in models/staging/stg_drugs.sql:3:10)
  --> models/staging/stg_drugs.sql:3:10
06:55:38.398916 [info ]: Started analyzing (1 nodes)
06:55:38.398944 [debug]: Started analyzing model dbt_dev_staging.stg_drugs
06:55:38.399013 [info ]:     Failed [  0.01s] model dbt_dev_staging.stg_drugs (ephemeral)
06:55:38.399362 [debug]: Finished analyzing [  0.00s] model dbt_dev_staging.stg_drugs [skipped]
06:55:38.399408 [info ]: Finished analyzing [  0.00s] (1 nodes, 1 skipped, 0 errors)
06:55:38.415744 [info ]: Started scheduling
06:55:38.415857 [info ]: Finished scheduling [  0.00s]
06:55:38.418041 [info ]: Cached model count updated: 12 models (accurate)
06:55:38.418109 [debug]: Finished rendering [  0.03s] model dbt_dev_staging.stg_drugs [error]
06:55:38.418172 [info ]: Finished rendering [  0.03s] (1 nodes, 0 skipped, 1 errors)
06:55:39.584588 [info ]: Started loading project
06:55:39.585237 [info ]: Loading profiles.yml
06:55:39.628318 [info ]: Cached model count updated: 12 models (estimate)
06:55:39.628351 [info ]: Cached model count updated: 12 models (accurate)
06:55:39.628484 [info ]: Started scheduling
06:55:39.628649 [info ]: Finished scheduling [  0.00s]
06:55:39.628680 [debug]: Compilation - 1 nodes selected: {"model.raqib_sf.stg_drugs"}
06:55:40.010902 [info ]: Started building task graph
06:55:40.010964 [info ]: Finished building task graph [  0.00s]
06:55:40.011098 [info ]: Started rendering (1 nodes)
06:55:40.011131 [info ]: Started model dbt_dev_staging.stg_drugs
06:55:40.011146 [debug]: Started rendering model dbt_dev_staging.stg_drugs
06:55:40.011213 [info ]: Finished loading project [  0.43s]
06:55:40.011997 [error]: dbt1501: Failed to render SQL not a key type: Source not found for source name: raw, table name: drugs
(in models/staging/stg_drugs.sql:3:10)
  --> models/staging/stg_drugs.sql:3:10
06:55:40.012057 [info ]: Started analyzing (1 nodes)
06:55:40.012067 [debug]: Started analyzing model dbt_dev_staging.stg_drugs
06:55:40.012090 [info ]:     Failed [-------] model dbt_dev_staging.stg_drugs (ephemeral)
06:55:40.012122 [debug]: Finished analyzing [  0.00s] model dbt_dev_staging.stg_drugs [skipped]
06:55:40.012137 [info ]: Finished analyzing [  0.00s] (1 nodes, 1 skipped, 0 errors)
06:55:40.020785 [info ]: Started scheduling
06:55:40.020869 [info ]: Finished scheduling [  0.00s]
06:55:40.026306 [info ]: Cached model count updated: 12 models (accurate)
06:55:40.026382 [debug]: Finished rendering [  0.02s] model dbt_dev_staging.stg_drugs [error]
06:55:40.026403 [info ]: Finished rendering [  0.02s] (1 nodes, 0 skipped, 1 errors)
06:55:41.238245 [info ]: Started loading project
06:55:41.238725 [info ]: Loading profiles.yml
06:55:41.274725 [info ]: Cached model count updated: 12 models (estimate)
06:55:41.274757 [info ]: Cached model count updated: 12 models (accurate)
06:55:41.274810 [info ]: Started scheduling
06:55:41.275035 [info ]: Finished scheduling [  0.00s]
06:55:41.275057 [debug]: Compilation - 12 nodes selected: {"model.raqib_sf.int_admissions", "model.raqib_sf.int_providers", "model.raqib_sf.stg_admissions", "model.raqib_sf.stg_diagnosis", "model.raqib_sf.stg_drugs", "model.raqib_sf.stg_emergency_contacts", "model.raqib_sf.stg_lab_events", "model.raqib_sf.stg_lab_specimen_types", "model.raqib_sf.stg_patients", "model.raqib_sf.stg_providers", "model.raqib_sf.stg_services", "model.raqib_sf.stg_transfers"}
06:55:41.648283 [info ]: Started building task graph
06:55:41.650396 [info ]: Finished building task graph [  0.00s]
06:55:41.650650 [info ]: Started rendering (12 nodes)
06:55:41.650675 [info ]: Started model dbt_dev_staging.stg_transfers
06:55:41.650691 [debug]: Started rendering model dbt_dev_staging.stg_transfers
06:55:41.650724 [info ]: Started model dbt_dev_staging.stg_services
06:55:41.650738 [debug]: Started rendering model dbt_dev_staging.stg_services
06:55:41.650758 [info ]: Started model dbt_dev_staging.stg_patients
06:55:41.650775 [debug]: Started rendering model dbt_dev_staging.stg_patients
06:55:41.650776 [info ]: Finished loading project [  0.41s]
06:55:41.650810 [info ]: Started model dbt_dev_staging.stg_lab_specimen_types
06:55:41.650832 [debug]: Started rendering model dbt_dev_staging.stg_lab_specimen_types
06:55:41.650861 [info ]: Started model dbt_dev_staging.stg_lab_events
06:55:41.650883 [debug]: Started rendering model dbt_dev_staging.stg_lab_events
06:55:41.650954 [info ]: Started model dbt_dev_staging.stg_emergency_contacts
06:55:41.650983 [debug]: Started rendering model dbt_dev_staging.stg_emergency_contacts
06:55:41.651038 [info ]: Started model dbt_dev_staging.stg_drugs
06:55:41.651064 [debug]: Started rendering model dbt_dev_staging.stg_drugs
06:55:41.651097 [info ]: Started model dbt_dev_staging.stg_diagnosis
06:55:41.651118 [debug]: Started rendering model dbt_dev_staging.stg_diagnosis
06:55:41.651147 [info ]: Started model dbt_dev_staging.stg_providers
06:55:41.651167 [debug]: Started rendering model dbt_dev_staging.stg_providers
06:55:41.651196 [info ]: Started model dbt_dev_staging.stg_admissions
06:55:41.652368 [debug]: Started rendering model dbt_dev_staging.stg_admissions
06:55:41.653645 [error]: dbt1501: Failed to render SQL not a key type: Source not found for source name: raw, table name: drugs
(in models/staging/stg_drugs.sql:3:10)
  --> models/staging/stg_drugs.sql:3:10
06:55:41.653821 [info ]: Started analyzing (12 nodes)
06:55:41.653886 [debug]: Started analyzing model dbt_dev_staging.stg_drugs
06:55:41.653934 [info ]:     Failed [  0.00s] model dbt_dev_staging.stg_drugs (ephemeral)
06:55:41.653995 [debug]: Finished analyzing [  0.00s] model dbt_dev_staging.stg_drugs [skipped]
06:55:41.654066 [debug]: Finished rendering [  0.00s] model dbt_dev_staging.stg_drugs [error]
06:55:41.657630 [debug]: Compiled SQL for node model.raqib_sf.stg_services at target/.lsp/compiled/models/staging/stg_services.sql
06:55:41.657682 [debug]: Compiled SQL for node model.raqib_sf.stg_patients at target/.lsp/compiled/models/staging/stg_patients.sql
06:55:41.657672 [debug]: Compiled SQL for node model.raqib_sf.stg_transfers at target/.lsp/compiled/models/staging/stg_transfers.sql
06:55:41.657706 [debug]: Compiled SQL for node model.raqib_sf.stg_admissions at target/.lsp/compiled/models/staging/stg_admissions.sql
06:55:41.657649 [debug]: Compiled SQL for node model.raqib_sf.stg_providers at target/.lsp/compiled/models/staging/stg_providers.sql
06:55:41.657655 [debug]: Compiled SQL for node model.raqib_sf.stg_lab_events at target/.lsp/compiled/models/staging/stg_lab_events.sql
06:55:41.657646 [debug]: Compiled SQL for node model.raqib_sf.stg_diagnosis at target/.lsp/compiled/models/staging/stg_diagnosis.sql
06:55:41.657667 [debug]: Compiled SQL for node model.raqib_sf.stg_lab_specimen_types at target/.lsp/compiled/models/staging/stg_lab_specimen_types.sql
06:55:41.657689 [debug]: Compiled SQL for node model.raqib_sf.stg_emergency_contacts at target/.lsp/compiled/models/staging/stg_emergency_contacts.sql
06:55:41.658703 [debug]: Finished rendering [  0.01s] model dbt_dev_staging.stg_lab_events [success]
06:55:41.658751 [debug]: Started analyzing model dbt_dev_staging.stg_lab_events
06:55:41.658991 [debug]: Finished rendering [  0.01s] model dbt_dev_staging.stg_diagnosis [success]
06:55:41.659075 [debug]: Started analyzing model dbt_dev_staging.stg_diagnosis
06:55:41.659116 [debug]: Finished rendering [  0.01s] model dbt_dev_staging.stg_emergency_contacts [success]
06:55:41.659146 [debug]: Started analyzing model dbt_dev_staging.stg_emergency_contacts
06:55:41.659179 [debug]: Finished rendering [  0.01s] model dbt_dev_staging.stg_patients [success]
06:55:41.659210 [debug]: Started analyzing model dbt_dev_staging.stg_patients
06:55:41.659243 [debug]: Finished rendering [  0.01s] model dbt_dev_staging.stg_providers [success]
06:55:41.659278 [info ]: Started model dbt_dev_intermediate.int_providers
06:55:41.659306 [debug]: Started rendering model dbt_dev_intermediate.int_providers
06:55:41.659334 [debug]: Started analyzing model dbt_dev_staging.stg_providers
06:55:41.659368 [debug]: Finished rendering [  0.01s] model dbt_dev_staging.stg_transfers [success]
06:55:41.659396 [debug]: Started analyzing model dbt_dev_staging.stg_transfers
06:55:41.659472 [debug]: Finished rendering [  0.01s] model dbt_dev_staging.stg_services [success]
06:55:41.659513 [debug]: Started analyzing model dbt_dev_staging.stg_services
06:55:41.659632 [debug]: Finished rendering [  0.01s] model dbt_dev_staging.stg_admissions [success]
06:55:41.659739 [info ]: Started model dbt_dev_intermediate.int_admissions
06:55:41.659811 [debug]: Started rendering model dbt_dev_intermediate.int_admissions
06:55:41.659845 [debug]: Started analyzing model dbt_dev_staging.stg_admissions
06:55:41.659880 [debug]: Finished rendering [  0.01s] model dbt_dev_staging.stg_lab_specimen_types [success]
06:55:41.659912 [debug]: Started analyzing model dbt_dev_staging.stg_lab_specimen_types
06:55:41.661981 [debug]: Compiled SQL for node model.raqib_sf.int_providers at target/.lsp/compiled/models/intermediate/int_providers.sql
06:55:41.662157 [debug]: Compiled SQL for node model.raqib_sf.int_admissions at target/.lsp/compiled/models/intermediate/int_admissions.sql
06:55:41.726004 [info ]:  Succeeded [  0.07s] model dbt_dev_staging.stg_emergency_contacts (ephemeral)
06:55:41.726087 [debug]: Finished analyzing [  0.07s] model dbt_dev_staging.stg_emergency_contacts [success]
06:55:41.726188 [debug]: Finished rendering [  0.07s] model dbt_dev_intermediate.int_providers [success]
06:55:41.726228 [debug]: Started analyzing model dbt_dev_intermediate.int_providers
06:55:41.729026 [info ]:  Succeeded [  0.08s] model dbt_dev_staging.stg_lab_events (ephemeral)
06:55:41.729077 [debug]: Finished analyzing [  0.07s] model dbt_dev_staging.stg_lab_events [success]
06:55:41.729289 [debug]: Finished rendering [  0.07s] model dbt_dev_intermediate.int_admissions [success]
06:55:41.729382 [info ]: Finished rendering [  0.08s] (12 nodes, 0 skipped, 1 errors)
06:55:41.729423 [debug]: Started analyzing model dbt_dev_intermediate.int_admissions
06:55:41.732777 [info ]:  Succeeded [  0.08s] model dbt_dev_staging.stg_transfers (ephemeral)
06:55:41.732868 [debug]: Finished analyzing [  0.07s] model dbt_dev_staging.stg_transfers [success]
06:55:41.733220 [info ]:  Succeeded [  0.08s] model dbt_dev_staging.stg_lab_specimen_types (ephemeral)
06:55:41.733257 [debug]: Finished analyzing [  0.07s] model dbt_dev_staging.stg_lab_specimen_types [success]
06:55:41.739644 [info ]:  Succeeded [  0.09s] model dbt_dev_staging.stg_admissions (ephemeral)
06:55:41.739700 [debug]: Finished analyzing [  0.08s] model dbt_dev_staging.stg_admissions [success]
06:55:41.745540 [info ]:  Succeeded [  0.09s] model dbt_dev_intermediate.int_admissions (view)
06:55:41.745590 [debug]: Finished analyzing [  0.02s] model dbt_dev_intermediate.int_admissions [success]
06:55:41.749067 [info ]:  Succeeded [  0.09s] model dbt_dev_intermediate.int_providers (view)
06:55:41.749121 [debug]: Finished analyzing [  0.02s] model dbt_dev_intermediate.int_providers [success]
06:55:41.749255 [info ]:  Succeeded [  0.10s] model dbt_dev_staging.stg_providers (ephemeral)
06:55:41.749301 [debug]: Finished analyzing [  0.09s] model dbt_dev_staging.stg_providers [success]
06:55:41.762831 [info ]:  Succeeded [  0.11s] model dbt_dev_staging.stg_services (ephemeral)
06:55:41.762883 [debug]: Finished analyzing [  0.10s] model dbt_dev_staging.stg_services [success]
06:55:41.770779 [info ]:  Succeeded [  0.12s] model dbt_dev_staging.stg_patients (ephemeral)
06:55:41.770813 [debug]: Finished analyzing [  0.11s] model dbt_dev_staging.stg_patients [success]
06:55:41.791696 [info ]:  Succeeded [  0.14s] model dbt_dev_staging.stg_diagnosis (ephemeral)
06:55:41.791792 [debug]: Finished analyzing [  0.13s] model dbt_dev_staging.stg_diagnosis [success]
06:55:41.791814 [info ]: Finished analyzing [  0.14s] (12 nodes, 1 skipped, 0 errors)
06:55:41.808264 [info ]: Started scheduling
06:55:41.808438 [info ]: Finished scheduling [  0.00s]
06:55:41.812615 [info ]: Cached model count updated: 12 models (accurate)
07:27:35.055238 [info ]: Started loading project
07:27:35.057874 [info ]: Loading profiles.yml
07:27:35.077059 [info ]: Started loading project
07:27:35.077463 [info ]: Loading profiles.yml
07:27:35.077544 [info ]: Finished loading project [  0.02s]
07:27:35.664806 [debug]:    Started loading packages
07:27:35.666988 [debug]:     Loaded [  0.00s] packages
07:27:35.669812 [info ]: Started parsing
07:27:35.744547 [info ]: Finished loading project [  0.67s]
07:27:35.749403 [debug]: Finished parsing models/schema.yml [  0.00s]
07:27:35.750338 [debug]: Finished parsing models/sources.yml [  0.00s]
07:27:35.755320 [debug]: Finished parsing models/intermediate/int_admissions.sql [  0.00s]
07:27:35.756255 [debug]: Finished parsing models/intermediate/int_providers.sql [  0.00s]
07:27:35.757928 [debug]: Finished parsing models/staging/stg_admissions.sql [  0.00s]
07:27:35.759494 [debug]: Finished parsing models/staging/stg_diagnosis.sql [  0.00s]
07:27:35.761105 [debug]: Finished parsing models/staging/stg_drugs.sql [  0.00s]
07:27:35.762800 [debug]: Finished parsing models/staging/stg_emergency_contacts.sql [  0.00s]
07:27:35.764290 [debug]: Finished parsing models/staging/stg_lab_events.sql [  0.00s]
07:27:35.766100 [debug]: Finished parsing models/staging/stg_lab_specimen_types.sql [  0.00s]
07:27:35.768041 [debug]: Finished parsing models/staging/stg_patients.sql [  0.00s]
07:27:35.769759 [debug]: Finished parsing models/staging/stg_providers.sql [  0.00s]
07:27:35.771053 [debug]: Finished parsing models/staging/stg_services.sql [  0.00s]
07:27:35.782780 [debug]: Finished parsing models/staging/stg_transfers.sql [  0.01s]
07:27:35.785782 [error]: dbt1048: Source 'raw.drugs' not found in project. Searched for 'drugs'
  --> models/staging/stg_drugs.sql:3:10
07:27:35.787505 [info ]: Cached model count updated: 12 models (estimate)
07:27:35.787522 [info ]: Cached model count updated: 12 models (accurate)
07:27:35.787603 [info ]: Started scheduling
07:27:35.787703 [info ]: Finished scheduling [  0.00s]
07:27:35.787733 [debug]: Compilation - 0 nodes selected: {}
07:27:35.788624 [warn ]: dbt1600: The selection criterion '' does not match any enabled nodes
07:27:35.789221 [warn ]: dbt1601: Nothing to do. Try checking your model configs and model specification args
07:27:35.789244 [info ]: Started scheduling
07:27:35.789461 [info ]: Finished scheduling [  0.00s]
07:27:35.789837 [debug]: Initializing schema store with entry: Frontier(CanonicalFqn { catalog: "RAW", schema: "PUBLIC", table: "PATIENTS" }) and interval: None
07:27:35.789878 [debug]: Initializing schema store with entry: Frontier(CanonicalFqn { catalog: "RAW", schema: "PUBLIC", table: "SERVICES" }) and interval: None
07:27:35.789893 [debug]: Initializing schema store with entry: Frontier(CanonicalFqn { catalog: "RAW", schema: "PUBLIC", table: "TRANSFERS" }) and interval: None
07:27:35.789906 [debug]: Initializing schema store with entry: Frontier(CanonicalFqn { catalog: "RAW", schema: "PUBLIC", table: "EMERGENCY_CONTACTS" }) and interval: None
07:27:35.789918 [debug]: Initializing schema store with entry: Frontier(CanonicalFqn { catalog: "RAW", schema: "PUBLIC", table: "LAB_EVENTS" }) and interval: None
07:27:35.789929 [debug]: Initializing schema store with entry: Frontier(CanonicalFqn { catalog: "RAW", schema: "PUBLIC", table: "LAB_SPECIMEN_TYPES" }) and interval: None
07:27:35.789940 [debug]: Initializing schema store with entry: Frontier(CanonicalFqn { catalog: "RAW", schema: "PUBLIC", table: "ADMISSIONS" }) and interval: None
07:27:35.789955 [debug]: Initializing schema store with entry: Frontier(CanonicalFqn { catalog: "RAW", schema: "PUBLIC", table: "PROVIDERS" }) and interval: None
07:27:35.789966 [debug]: Initializing schema store with entry: Frontier(CanonicalFqn { catalog: "RAW", schema: "PUBLIC", table: "DIAGNOSIS" }) and interval: None
07:27:36.176874 [info ]: Started building task graph
07:27:36.176947 [info ]: Finished building task graph [  0.00s]
07:27:36.185110 [info ]: Started scheduling
07:27:36.185198 [info ]: Finished scheduling [  0.00s]
07:27:36.199167 [info ]: Cached model count updated: 12 models (accurate)
07:27:36.199225 [info ]: Finished parsing [  0.53s]
07:27:37.353185 [info ]: Started loading project
07:27:37.353779 [info ]: Loading profiles.yml
07:27:37.394978 [info ]: Cached model count updated: 12 models (estimate)
07:27:37.395006 [info ]: Cached model count updated: 12 models (accurate)
07:27:37.395128 [info ]: Started scheduling
07:27:37.395533 [info ]: Finished scheduling [  0.00s]
07:27:37.395590 [debug]: Compilation - 12 nodes selected: {"model.raqib_sf.int_admissions", "model.raqib_sf.int_providers", "model.raqib_sf.stg_admissions", "model.raqib_sf.stg_diagnosis", "model.raqib_sf.stg_drugs", "model.raqib_sf.stg_emergency_contacts", "model.raqib_sf.stg_lab_events", "model.raqib_sf.stg_lab_specimen_types", "model.raqib_sf.stg_patients", "model.raqib_sf.stg_providers", "model.raqib_sf.stg_services", "model.raqib_sf.stg_transfers"}
07:27:37.837875 [info ]: Started building task graph
07:27:37.838114 [info ]: Finished building task graph [  0.00s]
07:27:37.838565 [info ]: Started rendering (12 nodes)
07:27:37.838621 [info ]: Started model dbt_dev_staging.stg_transfers
07:27:37.838700 [debug]: Started rendering model dbt_dev_staging.stg_transfers
07:27:37.838789 [info ]: Started model dbt_dev_staging.stg_services
07:27:37.838821 [debug]: Started rendering model dbt_dev_staging.stg_services
07:27:37.838871 [info ]: Started model dbt_dev_staging.stg_patients
07:27:37.838886 [info ]: Finished loading project [  0.49s]
07:27:37.838902 [debug]: Started rendering model dbt_dev_staging.stg_patients
07:27:37.838957 [info ]: Started model dbt_dev_staging.stg_lab_specimen_types
07:27:37.838984 [debug]: Started rendering model dbt_dev_staging.stg_lab_specimen_types
07:27:37.839029 [info ]: Started model dbt_dev_staging.stg_lab_events
07:27:37.839190 [debug]: Started rendering model dbt_dev_staging.stg_lab_events
07:27:37.839339 [info ]: Started model dbt_dev_staging.stg_emergency_contacts
07:27:37.839449 [debug]: Started rendering model dbt_dev_staging.stg_emergency_contacts
07:27:37.839508 [info ]: Started model dbt_dev_staging.stg_drugs
07:27:37.839532 [debug]: Started rendering model dbt_dev_staging.stg_drugs
07:27:37.839576 [info ]: Started model dbt_dev_staging.stg_diagnosis
07:27:37.839609 [debug]: Started rendering model dbt_dev_staging.stg_diagnosis
07:27:37.839656 [info ]: Started model dbt_dev_staging.stg_providers
07:27:37.839682 [debug]: Started rendering model dbt_dev_staging.stg_providers
07:27:37.839726 [info ]: Started model dbt_dev_staging.stg_admissions
07:27:37.839753 [debug]: Started rendering model dbt_dev_staging.stg_admissions
07:27:37.843437 [error]: dbt1501: Failed to render SQL not a key type: Source not found for source name: raw, table name: drugs
(in models/staging/stg_drugs.sql:3:10)
  --> models/staging/stg_drugs.sql:3:10
07:27:37.843726 [info ]: Started analyzing (12 nodes)
07:27:37.843772 [debug]: Started analyzing model dbt_dev_staging.stg_drugs
07:27:37.843827 [info ]:     Failed [  0.00s] model dbt_dev_staging.stg_drugs (ephemeral)
07:27:37.843888 [debug]: Finished analyzing [  0.00s] model dbt_dev_staging.stg_drugs [skipped]
07:27:37.843967 [debug]: Finished rendering [  0.00s] model dbt_dev_staging.stg_drugs [error]
07:27:37.844190 [debug]: Compiled SQL for node model.raqib_sf.stg_services at target/.lsp/compiled/models/staging/stg_services.sql
07:27:37.844499 [debug]: Finished rendering [  0.01s] model dbt_dev_staging.stg_services [success]
07:27:37.844582 [debug]: Started analyzing model dbt_dev_staging.stg_services
07:27:37.845333 [debug]: Compiled SQL for node model.raqib_sf.stg_lab_specimen_types at target/.lsp/compiled/models/staging/stg_lab_specimen_types.sql
07:27:37.845402 [debug]: Compiled SQL for node model.raqib_sf.stg_transfers at target/.lsp/compiled/models/staging/stg_transfers.sql
07:27:37.846119 [debug]: Compiled SQL for node model.raqib_sf.stg_patients at target/.lsp/compiled/models/staging/stg_patients.sql
07:27:37.846150 [debug]: Finished rendering [  0.01s] model dbt_dev_staging.stg_lab_specimen_types [success]
07:27:37.846211 [debug]: Started analyzing model dbt_dev_staging.stg_lab_specimen_types
07:27:37.846253 [debug]: Finished rendering [  0.01s] model dbt_dev_staging.stg_transfers [success]
07:27:37.846282 [debug]: Started analyzing model dbt_dev_staging.stg_transfers
07:27:37.846449 [debug]: Finished rendering [  0.01s] model dbt_dev_staging.stg_patients [success]
07:27:37.846489 [debug]: Started analyzing model dbt_dev_staging.stg_patients
07:27:37.847927 [debug]: Compiled SQL for node model.raqib_sf.stg_providers at target/.lsp/compiled/models/staging/stg_providers.sql
07:27:37.848269 [debug]: Finished rendering [  0.01s] model dbt_dev_staging.stg_providers [success]
07:27:37.848360 [info ]: Started model dbt_dev_intermediate.int_providers
07:27:37.848412 [debug]: Started rendering model dbt_dev_intermediate.int_providers
07:27:37.848449 [debug]: Started analyzing model dbt_dev_staging.stg_providers
07:27:37.849169 [debug]: Compiled SQL for node model.raqib_sf.stg_admissions at target/.lsp/compiled/models/staging/stg_admissions.sql
07:27:37.849366 [debug]: Compiled SQL for node model.raqib_sf.stg_diagnosis at target/.lsp/compiled/models/staging/stg_diagnosis.sql
07:27:37.849395 [info ]:  Succeeded [  0.01s] model dbt_dev_staging.stg_lab_specimen_types (ephemeral)
07:27:37.849450 [debug]: Finished analyzing [  0.00s] model dbt_dev_staging.stg_lab_specimen_types [success]
07:27:37.849780 [debug]: Compiled SQL for node model.raqib_sf.stg_emergency_contacts at target/.lsp/compiled/models/staging/stg_emergency_contacts.sql
07:27:37.850091 [debug]: Compiled SQL for node model.raqib_sf.stg_lab_events at target/.lsp/compiled/models/staging/stg_lab_events.sql
07:27:37.850110 [debug]: Finished rendering [  0.01s] model dbt_dev_staging.stg_admissions [success]
07:27:37.850226 [info ]: Started model dbt_dev_intermediate.int_admissions
07:27:37.850275 [debug]: Started rendering model dbt_dev_intermediate.int_admissions
07:27:37.850308 [debug]: Started analyzing model dbt_dev_staging.stg_admissions
07:27:37.850344 [debug]: Finished rendering [  0.01s] model dbt_dev_staging.stg_emergency_contacts [success]
07:27:37.850375 [debug]: Started analyzing model dbt_dev_staging.stg_emergency_contacts
07:27:37.850406 [debug]: Finished rendering [  0.01s] model dbt_dev_staging.stg_diagnosis [success]
07:27:37.850432 [debug]: Started analyzing model dbt_dev_staging.stg_diagnosis
07:27:37.850580 [debug]: Compiled SQL for node model.raqib_sf.int_providers at target/.lsp/compiled/models/intermediate/int_providers.sql
07:27:37.851128 [debug]: Finished rendering [  0.01s] model dbt_dev_staging.stg_lab_events [success]
07:27:37.851256 [debug]: Started analyzing model dbt_dev_staging.stg_lab_events
07:27:37.851339 [info ]:  Succeeded [  0.01s] model dbt_dev_staging.stg_transfers (ephemeral)
07:27:37.851415 [debug]: Finished analyzing [  0.01s] model dbt_dev_staging.stg_transfers [success]
07:27:37.851480 [debug]: Finished rendering [  0.00s] model dbt_dev_intermediate.int_providers [success]
07:27:37.851514 [debug]: Started analyzing model dbt_dev_intermediate.int_providers
07:27:37.851554 [info ]:  Succeeded [  0.01s] model dbt_dev_staging.stg_emergency_contacts (ephemeral)
07:27:37.851598 [debug]: Finished analyzing [  0.00s] model dbt_dev_staging.stg_emergency_contacts [success]
07:27:37.854552 [debug]: Compiled SQL for node model.raqib_sf.int_admissions at target/.lsp/compiled/models/intermediate/int_admissions.sql
07:27:37.855076 [debug]: Finished rendering [  0.00s] model dbt_dev_intermediate.int_admissions [success]
07:27:37.855108 [info ]: Finished rendering [  0.02s] (12 nodes, 0 skipped, 1 errors)
07:27:37.855142 [debug]: Started analyzing model dbt_dev_intermediate.int_admissions
07:27:37.855179 [info ]:  Succeeded [  0.01s] model dbt_dev_staging.stg_admissions (ephemeral)
07:27:37.855215 [debug]: Finished analyzing [  0.00s] model dbt_dev_staging.stg_admissions [success]
07:27:37.855424 [info ]:  Succeeded [  0.01s] model dbt_dev_staging.stg_lab_events (ephemeral)
07:27:37.855756 [debug]: Finished analyzing [  0.00s] model dbt_dev_staging.stg_lab_events [success]
07:27:37.857671 [info ]:  Succeeded [  0.01s] model dbt_dev_intermediate.int_admissions (view)
07:27:37.857725 [debug]: Finished analyzing [  0.00s] model dbt_dev_intermediate.int_admissions [success]
07:27:37.859654 [info ]:  Succeeded [  0.02s] model dbt_dev_staging.stg_providers (ephemeral)
07:27:37.859759 [debug]: Finished analyzing [  0.01s] model dbt_dev_staging.stg_providers [success]
07:27:37.861351 [info ]:  Succeeded [  0.01s] model dbt_dev_intermediate.int_providers (view)
07:27:37.861407 [debug]: Finished analyzing [  0.01s] model dbt_dev_intermediate.int_providers [success]
07:27:37.865541 [info ]:  Succeeded [  0.03s] model dbt_dev_staging.stg_patients (ephemeral)
07:27:37.865593 [debug]: Finished analyzing [  0.02s] model dbt_dev_staging.stg_patients [success]
07:27:37.870774 [info ]:  Succeeded [  0.03s] model dbt_dev_staging.stg_services (ephemeral)
07:27:37.870897 [debug]: Finished analyzing [  0.03s] model dbt_dev_staging.stg_services [success]
07:27:37.880817 [info ]:  Succeeded [  0.04s] model dbt_dev_staging.stg_diagnosis (ephemeral)
07:27:37.880888 [debug]: Finished analyzing [  0.03s] model dbt_dev_staging.stg_diagnosis [success]
07:27:37.880904 [info ]: Finished analyzing [  0.04s] (12 nodes, 1 skipped, 0 errors)
07:27:37.891185 [info ]: Started scheduling
07:27:37.891281 [info ]: Finished scheduling [  0.00s]
07:27:37.895029 [info ]: Cached model count updated: 12 models (accurate)
07:29:07.431794 [info ]: Started loading project
07:29:07.432469 [info ]: Loading profiles.yml
07:29:07.436542 [info ]: Started loading project
07:29:07.436892 [info ]: Loading profiles.yml
07:29:07.436935 [info ]: Finished loading project [  0.01s]
07:29:07.975459 [debug]:    Started loading packages
07:29:07.977753 [debug]:     Loaded [  0.00s] packages
07:29:07.978975 [info ]: Started parsing
07:29:08.033044 [info ]: Finished loading project [  0.60s]
07:29:08.035823 [debug]: Finished parsing models/schema.yml [  0.00s]
07:29:08.037049 [debug]: Finished parsing models/sources.yml [  0.00s]
07:29:08.040555 [debug]: Finished parsing models/intermediate/int_admissions.sql [  0.00s]
07:29:08.041581 [debug]: Finished parsing models/intermediate/int_providers.sql [  0.00s]
07:29:08.042557 [debug]: Finished parsing models/staging/stg_admissions.sql [  0.00s]
07:29:08.043511 [debug]: Finished parsing models/staging/stg_diagnosis.sql [  0.00s]
07:29:08.044636 [debug]: Finished parsing models/staging/stg_drugs.sql [  0.00s]
07:29:08.045596 [debug]: Finished parsing models/staging/stg_emergency_contacts.sql [  0.00s]
07:29:08.046721 [debug]: Finished parsing models/staging/stg_lab_events.sql [  0.00s]
07:29:08.047811 [debug]: Finished parsing models/staging/stg_lab_specimen_types.sql [  0.00s]
07:29:08.048873 [debug]: Finished parsing models/staging/stg_patients.sql [  0.00s]
07:29:08.049636 [debug]: Finished parsing models/staging/stg_prescriptions.sql [  0.00s]
07:29:08.050535 [debug]: Finished parsing models/staging/stg_providers.sql [  0.00s]
07:29:08.051456 [debug]: Finished parsing models/staging/stg_services.sql [  0.00s]
07:29:08.064267 [debug]: Finished parsing models/staging/stg_transfers.sql [  0.01s]
07:29:08.065300 [error]: dbt1048: Source 'raw.drugs' not found in project. Searched for 'drugs'
  --> models/staging/stg_drugs.sql:3:10
07:29:08.067042 [info ]: Cached model count updated: 13 models (estimate)
07:29:08.067061 [info ]: Cached model count updated: 13 models (accurate)
07:29:08.067113 [info ]: Started scheduling
07:29:08.067448 [info ]: Finished scheduling [  0.00s]
07:29:08.067469 [debug]: Compilation - 0 nodes selected: {}
07:29:08.067486 [warn ]: dbt1600: The selection criterion '' does not match any enabled nodes
07:29:08.067497 [warn ]: dbt1601: Nothing to do. Try checking your model configs and model specification args
07:29:08.067507 [info ]: Started scheduling
07:29:08.067748 [info ]: Finished scheduling [  0.00s]
07:29:08.067867 [debug]: Initializing schema store with entry: Frontier(CanonicalFqn { catalog: "RAW", schema: "PUBLIC", table: "DIAGNOSIS" }) and interval: None
07:29:08.067895 [debug]: Initializing schema store with entry: Frontier(CanonicalFqn { catalog: "RAW", schema: "PUBLIC", table: "EMERGENCY_CONTACTS" }) and interval: None
07:29:08.067908 [debug]: Initializing schema store with entry: Frontier(CanonicalFqn { catalog: "RAW", schema: "PUBLIC", table: "PATIENTS" }) and interval: None
07:29:08.067918 [debug]: Initializing schema store with entry: Frontier(CanonicalFqn { catalog: "RAW", schema: "PUBLIC", table: "TRANSFERS" }) and interval: None
07:29:08.067929 [debug]: Initializing schema store with entry: Frontier(CanonicalFqn { catalog: "RAW", schema: "PUBLIC", table: "LAB_EVENTS" }) and interval: None
07:29:08.067952 [debug]: Initializing schema store with entry: Frontier(CanonicalFqn { catalog: "RAW", schema: "PUBLIC", table: "SERVICES" }) and interval: None
07:29:08.067964 [debug]: Initializing schema store with entry: Frontier(CanonicalFqn { catalog: "RAW", schema: "PUBLIC", table: "LAB_SPECIMEN_TYPES" }) and interval: None
07:29:08.067974 [debug]: Initializing schema store with entry: Frontier(CanonicalFqn { catalog: "RAW", schema: "PUBLIC", table: "PROVIDERS" }) and interval: None
07:29:08.067987 [debug]: Initializing schema store with entry: Frontier(CanonicalFqn { catalog: "RAW", schema: "PUBLIC", table: "ADMISSIONS" }) and interval: None
07:29:08.468120 [info ]: Started building task graph
07:29:08.468156 [info ]: Finished building task graph [  0.00s]
07:29:08.475721 [info ]: Started scheduling
07:29:08.475809 [info ]: Finished scheduling [  0.00s]
07:29:08.483031 [info ]: Cached model count updated: 13 models (accurate)
07:29:08.483102 [info ]: Finished parsing [  0.50s]
07:29:08.696809 [info ]: Waiting for lease on 'target' directory
07:29:09.009973 [info ]: Started loading project
07:29:09.010529 [info ]: Loading profiles.yml
07:29:09.049047 [info ]: Cached model count updated: 13 models (estimate)
07:29:09.049077 [info ]: Cached model count updated: 13 models (accurate)
07:29:09.049155 [info ]: Started scheduling
07:29:09.049320 [info ]: Finished scheduling [  0.00s]
07:29:09.049350 [debug]: Compilation - 0 nodes selected: {}
07:29:09.049379 [warn ]: dbt1600: The selection criterion '+fqn:model.raqib_sf.stg_prescriptions' does not match any enabled nodes
07:29:09.049395 [warn ]: dbt1601: Nothing to do. Try checking your model configs and model specification args
07:29:09.468553 [info ]: Started building task graph
07:29:09.468633 [info ]: Finished building task graph [  0.00s]
07:29:09.476067 [info ]: Started scheduling
07:29:09.476156 [info ]: Finished scheduling [  0.00s]
07:29:09.476682 [info ]: Finished loading project [  0.47s]
07:29:09.477415 [info ]: Cached model count updated: 13 models (accurate)
07:29:09.482421 [info ]: Waiting for lease on 'target' directory
07:29:09.591102 [info ]: Started loading project
07:29:09.591762 [info ]: Loading profiles.yml
07:29:09.647460 [info ]: Cached model count updated: 13 models (estimate)
07:29:09.647499 [info ]: Cached model count updated: 13 models (accurate)
07:29:09.647595 [info ]: Started scheduling
07:29:09.648003 [info ]: Finished scheduling [  0.00s]
07:29:09.648063 [debug]: Compilation - 0 nodes selected: {}
07:29:09.648101 [warn ]: dbt1600: The selection criterion '+fqn:model.raqib_sf.stg_prescriptions' does not match any enabled nodes
07:29:09.648119 [warn ]: dbt1601: Nothing to do. Try checking your model configs and model specification args
07:29:10.109900 [info ]: Started building task graph
07:29:10.109937 [info ]: Finished building task graph [  0.00s]
07:29:10.117178 [info ]: Started scheduling
07:29:10.117258 [info ]: Finished scheduling [  0.00s]
07:29:10.117662 [info ]: Finished loading project [  0.53s]
07:29:10.118326 [info ]: Cached model count updated: 13 models (accurate)
07:29:11.282437 [info ]: Started loading project
07:29:11.282887 [info ]: Loading profiles.yml
07:29:11.322739 [info ]: Cached model count updated: 13 models (estimate)
07:29:11.322765 [info ]: Cached model count updated: 13 models (accurate)
07:29:11.322827 [info ]: Started scheduling
07:29:11.322948 [info ]: Finished scheduling [  0.00s]
07:29:11.322968 [debug]: Compilation - 0 nodes selected: {}
07:29:11.322988 [warn ]: dbt1600: The selection criterion '+fqn:model.raqib_sf.stg_prescriptions+' does not match any enabled nodes
07:29:11.322999 [warn ]: dbt1601: Nothing to do. Try checking your model configs and model specification args
07:29:11.750536 [info ]: Started building task graph
07:29:11.750574 [info ]: Finished building task graph [  0.00s]
07:29:11.757879 [info ]: Started scheduling
07:29:11.757958 [info ]: Finished scheduling [  0.00s]
07:29:11.758412 [info ]: Finished loading project [  0.48s]
07:29:11.762133 [info ]: Cached model count updated: 13 models (accurate)
07:29:12.944128 [info ]: Started loading project
07:29:12.944611 [info ]: Loading profiles.yml
07:29:12.982943 [info ]: Cached model count updated: 13 models (estimate)
07:29:12.982973 [info ]: Cached model count updated: 13 models (accurate)
07:29:12.983029 [info ]: Started scheduling
07:29:12.983264 [info ]: Finished scheduling [  0.00s]
07:29:12.983287 [debug]: Compilation - 12 nodes selected: {"model.raqib_sf.int_admissions", "model.raqib_sf.int_providers", "model.raqib_sf.stg_admissions", "model.raqib_sf.stg_diagnosis", "model.raqib_sf.stg_drugs", "model.raqib_sf.stg_emergency_contacts", "model.raqib_sf.stg_lab_events", "model.raqib_sf.stg_lab_specimen_types", "model.raqib_sf.stg_patients", "model.raqib_sf.stg_providers", "model.raqib_sf.stg_services", "model.raqib_sf.stg_transfers"}
07:29:13.391079 [info ]: Started building task graph
07:29:13.391250 [info ]: Finished building task graph [  0.00s]
07:29:13.391465 [info ]: Started rendering (12 nodes)
07:29:13.391489 [info ]: Started model dbt_dev_staging.stg_transfers
07:29:13.391505 [debug]: Started rendering model dbt_dev_staging.stg_transfers
07:29:13.391537 [info ]: Started model dbt_dev_staging.stg_services
07:29:13.391553 [debug]: Started rendering model dbt_dev_staging.stg_services
07:29:13.391570 [info ]: Started model dbt_dev_staging.stg_patients
07:29:13.391585 [debug]: Started rendering model dbt_dev_staging.stg_patients
07:29:13.391595 [info ]: Finished loading project [  0.45s]
07:29:13.391615 [info ]: Started model dbt_dev_staging.stg_lab_specimen_types
07:29:13.391634 [debug]: Started rendering model dbt_dev_staging.stg_lab_specimen_types
07:29:13.391660 [info ]: Started model dbt_dev_staging.stg_lab_events
07:29:13.391680 [debug]: Started rendering model dbt_dev_staging.stg_lab_events
07:29:13.391707 [info ]: Started model dbt_dev_staging.stg_emergency_contacts
07:29:13.391726 [debug]: Started rendering model dbt_dev_staging.stg_emergency_contacts
07:29:13.391833 [info ]: Started model dbt_dev_staging.stg_drugs
07:29:13.391855 [debug]: Started rendering model dbt_dev_staging.stg_drugs
07:29:13.391891 [info ]: Started model dbt_dev_staging.stg_diagnosis
07:29:13.391914 [debug]: Started rendering model dbt_dev_staging.stg_diagnosis
07:29:13.391945 [info ]: Started model dbt_dev_staging.stg_providers
07:29:13.391964 [debug]: Started rendering model dbt_dev_staging.stg_providers
07:29:13.391990 [info ]: Started model dbt_dev_staging.stg_admissions
07:29:13.392010 [debug]: Started rendering model dbt_dev_staging.stg_admissions
07:29:13.393332 [error]: dbt1501: Failed to render SQL not a key type: Source not found for source name: raw, table name: drugs
(in models/staging/stg_drugs.sql:3:10)
  --> models/staging/stg_drugs.sql:3:10
07:29:13.393404 [info ]: Started analyzing (12 nodes)
07:29:13.393427 [debug]: Started analyzing model dbt_dev_staging.stg_drugs
07:29:13.393464 [info ]:     Failed [  0.00s] model dbt_dev_staging.stg_drugs (ephemeral)
07:29:13.393511 [debug]: Finished analyzing [  0.00s] model dbt_dev_staging.stg_drugs [skipped]
07:29:13.393563 [debug]: Finished rendering [  0.00s] model dbt_dev_staging.stg_drugs [error]
07:29:13.396462 [debug]: Compiled SQL for node model.raqib_sf.stg_lab_specimen_types at target/.lsp/compiled/models/staging/stg_lab_specimen_types.sql
07:29:13.396736 [debug]: Finished rendering [  0.01s] model dbt_dev_staging.stg_lab_specimen_types [success]
07:29:13.396913 [debug]: Compiled SQL for node model.raqib_sf.stg_services at target/.lsp/compiled/models/staging/stg_services.sql
07:29:13.396917 [debug]: Started analyzing model dbt_dev_staging.stg_lab_specimen_types
07:29:13.397167 [debug]: Compiled SQL for node model.raqib_sf.stg_emergency_contacts at target/.lsp/compiled/models/staging/stg_emergency_contacts.sql
07:29:13.397335 [debug]: Finished rendering [  0.01s] model dbt_dev_staging.stg_services [success]
07:29:13.397331 [debug]: Compiled SQL for node model.raqib_sf.stg_providers at target/.lsp/compiled/models/staging/stg_providers.sql
07:29:13.397395 [debug]: Started analyzing model dbt_dev_staging.stg_services
07:29:13.397426 [debug]: Compiled SQL for node model.raqib_sf.stg_diagnosis at target/.lsp/compiled/models/staging/stg_diagnosis.sql
07:29:13.397494 [debug]: Compiled SQL for node model.raqib_sf.stg_lab_events at target/.lsp/compiled/models/staging/stg_lab_events.sql
07:29:13.397529 [debug]: Finished rendering [  0.01s] model dbt_dev_staging.stg_emergency_contacts [success]
07:29:13.397593 [debug]: Started analyzing model dbt_dev_staging.stg_emergency_contacts
07:29:13.397641 [debug]: Compiled SQL for node model.raqib_sf.stg_admissions at target/.lsp/compiled/models/staging/stg_admissions.sql
07:29:13.397717 [info ]:  Succeeded [  0.01s] model dbt_dev_staging.stg_lab_specimen_types (ephemeral)
07:29:13.397759 [debug]: Finished analyzing [  0.00s] model dbt_dev_staging.stg_lab_specimen_types [success]
07:29:13.397826 [debug]: Finished rendering [  0.01s] model dbt_dev_staging.stg_providers [success]
07:29:13.397930 [info ]: Started model dbt_dev_intermediate.int_providers
07:29:13.397943 [debug]: Compiled SQL for node model.raqib_sf.stg_transfers at target/.lsp/compiled/models/staging/stg_transfers.sql
07:29:13.397961 [debug]: Started rendering model dbt_dev_intermediate.int_providers
07:29:13.397996 [debug]: Started analyzing model dbt_dev_staging.stg_providers
07:29:13.398045 [debug]: Compiled SQL for node model.raqib_sf.stg_patients at target/.lsp/compiled/models/staging/stg_patients.sql
07:29:13.398484 [info ]:  Succeeded [  0.01s] model dbt_dev_staging.stg_emergency_contacts (ephemeral)
07:29:13.398546 [debug]: Finished analyzing [  0.00s] model dbt_dev_staging.stg_emergency_contacts [success]
07:29:13.398586 [debug]: Finished rendering [  0.01s] model dbt_dev_staging.stg_diagnosis [success]
07:29:13.398619 [debug]: Started analyzing model dbt_dev_staging.stg_diagnosis
07:29:13.398699 [debug]: Finished rendering [  0.01s] model dbt_dev_staging.stg_lab_events [success]
07:29:13.398757 [debug]: Started analyzing model dbt_dev_staging.stg_lab_events
07:29:13.398868 [debug]: Finished rendering [  0.01s] model dbt_dev_staging.stg_admissions [success]
07:29:13.398907 [info ]: Started model dbt_dev_intermediate.int_admissions
07:29:13.398931 [debug]: Started rendering model dbt_dev_intermediate.int_admissions
07:29:13.398961 [debug]: Started analyzing model dbt_dev_staging.stg_admissions
07:29:13.398992 [debug]: Finished rendering [  0.01s] model dbt_dev_staging.stg_transfers [success]
07:29:13.399046 [debug]: Started analyzing model dbt_dev_staging.stg_transfers
07:29:13.399077 [debug]: Finished rendering [  0.01s] model dbt_dev_staging.stg_patients [success]
07:29:13.399105 [debug]: Started analyzing model dbt_dev_staging.stg_patients
07:29:13.399733 [debug]: Compiled SQL for node model.raqib_sf.int_providers at target/.lsp/compiled/models/intermediate/int_providers.sql
07:29:13.399930 [debug]: Finished rendering [  0.00s] model dbt_dev_intermediate.int_providers [success]
07:29:13.399969 [debug]: Started analyzing model dbt_dev_intermediate.int_providers
07:29:13.400631 [info ]:  Succeeded [  0.01s] model dbt_dev_staging.stg_transfers (ephemeral)
07:29:13.400675 [debug]: Finished analyzing [  0.00s] model dbt_dev_staging.stg_transfers [success]
07:29:13.400714 [info ]:  Succeeded [  0.01s] model dbt_dev_staging.stg_admissions (ephemeral)
07:29:13.400746 [debug]: Finished analyzing [  0.00s] model dbt_dev_staging.stg_admissions [success]
07:29:13.401786 [info ]:  Succeeded [  0.01s] model dbt_dev_staging.stg_lab_events (ephemeral)
07:29:13.401840 [debug]: Compiled SQL for node model.raqib_sf.int_admissions at target/.lsp/compiled/models/intermediate/int_admissions.sql
07:29:13.402012 [debug]: Finished analyzing [  0.00s] model dbt_dev_staging.stg_lab_events [success]
07:29:13.402256 [debug]: Finished rendering [  0.00s] model dbt_dev_intermediate.int_admissions [success]
07:29:13.402281 [info ]: Finished rendering [  0.01s] (12 nodes, 0 skipped, 1 errors)
07:29:13.402313 [debug]: Started analyzing model dbt_dev_intermediate.int_admissions
07:29:13.403717 [info ]:  Succeeded [  0.00s] model dbt_dev_intermediate.int_admissions (view)
07:29:13.403888 [debug]: Finished analyzing [  0.00s] model dbt_dev_intermediate.int_admissions [success]
07:29:13.405455 [info ]:  Succeeded [  0.01s] model dbt_dev_staging.stg_providers (ephemeral)
07:29:13.405506 [debug]: Finished analyzing [  0.01s] model dbt_dev_staging.stg_providers [success]
07:29:13.406435 [info ]:  Succeeded [  0.01s] model dbt_dev_intermediate.int_providers (view)
07:29:13.406470 [debug]: Finished analyzing [  0.01s] model dbt_dev_intermediate.int_providers [success]
07:29:13.408514 [info ]:  Succeeded [  0.02s] model dbt_dev_staging.stg_patients (ephemeral)
07:29:13.408549 [debug]: Finished analyzing [  0.01s] model dbt_dev_staging.stg_patients [success]
07:29:13.411198 [info ]:  Succeeded [  0.02s] model dbt_dev_staging.stg_services (ephemeral)
07:29:13.411232 [debug]: Finished analyzing [  0.01s] model dbt_dev_staging.stg_services [success]
07:29:13.417982 [info ]:  Succeeded [  0.03s] model dbt_dev_staging.stg_diagnosis (ephemeral)
07:29:13.418024 [debug]: Finished analyzing [  0.02s] model dbt_dev_staging.stg_diagnosis [success]
07:29:13.418035 [info ]: Finished analyzing [  0.02s] (12 nodes, 1 skipped, 0 errors)
07:29:13.426634 [info ]: Started scheduling
07:29:13.426719 [info ]: Finished scheduling [  0.00s]
07:29:13.430557 [info ]: Cached model count updated: 13 models (accurate)
07:29:39.892772 [info ]: Started loading project
07:29:39.893355 [info ]: Loading profiles.yml
07:29:39.908797 [info ]: Started parsing
07:29:39.945226 [info ]: Finished loading project [  0.05s]
07:29:39.947849 [debug]: Finished parsing models/schema.yml [  0.00s]
07:29:39.951734 [debug]: Finished parsing models/staging/stg_diagnosis.sql [  0.00s]
07:29:39.952722 [debug]: Finished parsing models/staging/stg_drugs.sql [  0.00s]
07:29:39.953677 [debug]: Finished parsing models/staging/stg_emergency_contacts.sql [  0.00s]
07:29:39.954425 [debug]: Finished parsing models/staging/stg_lab_events.sql [  0.00s]
07:29:39.955295 [debug]: Finished parsing models/staging/stg_lab_specimen_types.sql [  0.00s]
07:29:39.956075 [debug]: Finished parsing models/staging/stg_patients.sql [  0.00s]
07:29:39.956853 [debug]: Finished parsing models/staging/stg_prescriptions.sql [  0.00s]
07:29:39.957706 [debug]: Finished parsing models/staging/stg_providers.sql [  0.00s]
07:29:39.958824 [debug]: Finished parsing models/staging/stg_services.sql [  0.00s]
07:29:39.968491 [debug]: Finished parsing models/staging/stg_transfers.sql [  0.01s]
07:29:39.971522 [error]: dbt1048: Source 'raw.drugs' not found in project. Searched for 'drugs'
  --> models/staging/stg_drugs.sql:3:10
07:29:39.976588 [info ]: Cached model count updated: 13 models (estimate)
07:29:39.976611 [info ]: Cached model count updated: 13 models (accurate)
07:29:39.976689 [info ]: Started scheduling
07:29:39.976869 [info ]: Finished scheduling [  0.00s]
07:29:39.976905 [debug]: Compilation - 1 nodes selected: {"model.raqib_sf.stg_prescriptions"}
07:29:40.329250 [info ]: Started building task graph
07:29:40.329310 [info ]: Finished building task graph [  0.00s]
07:29:40.329448 [info ]: Started rendering (1 nodes)
07:29:40.329471 [info ]: Started model dbt_dev_staging.stg_prescriptions
07:29:40.329488 [debug]: Started rendering model dbt_dev_staging.stg_prescriptions
07:29:40.329559 [info ]: Finished parsing [  0.42s]
07:29:40.332665 [debug]: Compiled SQL for node model.raqib_sf.stg_prescriptions at target/.lsp/compiled/models/staging/stg_prescriptions.sql
07:29:40.332893 [debug]: Finished rendering [  0.00s] model dbt_dev_staging.stg_prescriptions [success]
07:29:40.332914 [info ]: Finished rendering [  0.00s] (1 nodes, 0 skipped, 0 errors)
07:29:40.332942 [info ]: Started analyzing (1 nodes)
07:29:40.332954 [debug]: Started analyzing model dbt_dev_staging.stg_prescriptions
07:29:40.334269 [info ]:  Succeeded [  0.00s] model dbt_dev_staging.stg_prescriptions (ephemeral)
07:29:40.334309 [debug]: Finished analyzing [  0.00s] model dbt_dev_staging.stg_prescriptions [success]
07:29:40.334330 [info ]: Finished analyzing [  0.00s] (1 nodes, 0 skipped, 0 errors)
07:29:40.341413 [info ]: Started scheduling
07:29:40.341589 [info ]: Finished scheduling [  0.00s]
07:29:40.345209 [info ]: Cached model count updated: 13 models (accurate)
07:29:41.509265 [info ]: Started loading project
07:29:41.509856 [info ]: Loading profiles.yml
07:29:41.547768 [info ]: Cached model count updated: 13 models (estimate)
07:29:41.547799 [info ]: Cached model count updated: 13 models (accurate)
07:29:41.547877 [info ]: Started scheduling
07:29:41.548050 [info ]: Finished scheduling [  0.00s]
07:29:41.548077 [debug]: Compilation - 1 nodes selected: {"model.raqib_sf.stg_prescriptions"}
07:29:41.927629 [info ]: Started building task graph
07:29:41.927708 [info ]: Finished building task graph [  0.00s]
07:29:41.927851 [info ]: Started rendering (1 nodes)
07:29:41.927885 [info ]: Started model dbt_dev_staging.stg_prescriptions
07:29:41.927901 [debug]: Started rendering model dbt_dev_staging.stg_prescriptions
07:29:41.927949 [info ]: Finished loading project [  0.42s]
07:29:41.929268 [debug]: Compiled SQL for node model.raqib_sf.stg_prescriptions at target/.lsp/compiled/models/staging/stg_prescriptions.sql
07:29:41.929364 [debug]: Finished rendering [  0.00s] model dbt_dev_staging.stg_prescriptions [success]
07:29:41.929387 [info ]: Finished rendering [  0.00s] (1 nodes, 0 skipped, 0 errors)
07:29:41.929409 [info ]: Started analyzing (1 nodes)
07:29:41.929419 [debug]: Started analyzing model dbt_dev_staging.stg_prescriptions
07:29:41.929752 [info ]:  Succeeded [  0.00s] model dbt_dev_staging.stg_prescriptions (ephemeral)
07:29:41.929796 [debug]: Finished analyzing [  0.00s] model dbt_dev_staging.stg_prescriptions [success]
07:29:41.929806 [info ]: Finished analyzing [  0.00s] (1 nodes, 0 skipped, 0 errors)
07:29:41.937066 [info ]: Started scheduling
07:29:41.937147 [info ]: Finished scheduling [  0.00s]
07:29:41.941118 [info ]: Cached model count updated: 13 models (accurate)
07:29:43.086524 [info ]: Started loading project
07:29:43.087467 [info ]: Loading profiles.yml
07:29:43.140335 [info ]: Cached model count updated: 13 models (estimate)
07:29:43.140362 [info ]: Cached model count updated: 13 models (accurate)
07:29:43.140416 [info ]: Started scheduling
07:29:43.140658 [info ]: Finished scheduling [  0.00s]
07:29:43.140679 [debug]: Compilation - 13 nodes selected: {"model.raqib_sf.int_admissions", "model.raqib_sf.int_providers", "model.raqib_sf.stg_admissions", "model.raqib_sf.stg_diagnosis", "model.raqib_sf.stg_drugs", "model.raqib_sf.stg_emergency_contacts", "model.raqib_sf.stg_lab_events", "model.raqib_sf.stg_lab_specimen_types", "model.raqib_sf.stg_patients", "model.raqib_sf.stg_prescriptions", "model.raqib_sf.stg_providers", "model.raqib_sf.stg_services", "model.raqib_sf.stg_transfers"}
07:29:43.595510 [info ]: Started building task graph
07:29:43.595692 [info ]: Finished building task graph [  0.00s]
07:29:43.595972 [info ]: Started rendering (13 nodes)
07:29:43.595999 [info ]: Started model dbt_dev_staging.stg_transfers
07:29:43.596016 [debug]: Started rendering model dbt_dev_staging.stg_transfers
07:29:43.596053 [info ]: Started model dbt_dev_staging.stg_services
07:29:43.596072 [debug]: Started rendering model dbt_dev_staging.stg_services
07:29:43.596093 [info ]: Finished loading project [  0.51s]
07:29:43.596107 [info ]: Started model dbt_dev_staging.stg_prescriptions
07:29:43.596128 [debug]: Started rendering model dbt_dev_staging.stg_prescriptions
07:29:43.596209 [info ]: Started model dbt_dev_staging.stg_patients
07:29:43.596236 [debug]: Started rendering model dbt_dev_staging.stg_patients
07:29:43.596276 [info ]: Started model dbt_dev_staging.stg_lab_specimen_types
07:29:43.596320 [debug]: Started rendering model dbt_dev_staging.stg_lab_specimen_types
07:29:43.596528 [info ]: Started model dbt_dev_staging.stg_lab_events
07:29:43.596624 [debug]: Started rendering model dbt_dev_staging.stg_lab_events
07:29:43.596692 [info ]: Started model dbt_dev_staging.stg_emergency_contacts
07:29:43.596693 [debug]: Compiled SQL for node model.raqib_sf.stg_prescriptions at target/.lsp/compiled/models/staging/stg_prescriptions.sql
07:29:43.596718 [debug]: Started rendering model dbt_dev_staging.stg_emergency_contacts
07:29:43.596726 [debug]: Compiled SQL for node model.raqib_sf.stg_transfers at target/.lsp/compiled/models/staging/stg_transfers.sql
07:29:43.596752 [info ]: Started model dbt_dev_staging.stg_drugs
07:29:43.596904 [debug]: Compiled SQL for node model.raqib_sf.stg_services at target/.lsp/compiled/models/staging/stg_services.sql
07:29:43.596917 [debug]: Started rendering model dbt_dev_staging.stg_drugs
07:29:43.597003 [info ]: Started model dbt_dev_staging.stg_diagnosis
07:29:43.597045 [debug]: Started rendering model dbt_dev_staging.stg_diagnosis
07:29:43.597090 [info ]: Started model dbt_dev_staging.stg_providers
07:29:43.597151 [debug]: Compiled SQL for node model.raqib_sf.stg_patients at target/.lsp/compiled/models/staging/stg_patients.sql
07:29:43.597111 [debug]: Started rendering model dbt_dev_staging.stg_providers
07:29:43.597219 [info ]: Started model dbt_dev_staging.stg_admissions
07:29:43.597242 [debug]: Started rendering model dbt_dev_staging.stg_admissions
07:29:43.597300 [debug]: Finished rendering [  0.00s] model dbt_dev_staging.stg_prescriptions [success]
07:29:43.597439 [info ]: Started analyzing (13 nodes)
07:29:43.597454 [debug]: Started analyzing model dbt_dev_staging.stg_prescriptions
07:29:43.597507 [debug]: Finished rendering [  0.00s] model dbt_dev_staging.stg_transfers [success]
07:29:43.597580 [debug]: Started analyzing model dbt_dev_staging.stg_transfers
07:29:43.597594 [debug]: Compiled SQL for node model.raqib_sf.stg_lab_specimen_types at target/.lsp/compiled/models/staging/stg_lab_specimen_types.sql
07:29:43.597664 [debug]: Finished rendering [  0.00s] model dbt_dev_staging.stg_services [success]
07:29:43.597766 [debug]: Started analyzing model dbt_dev_staging.stg_services
07:29:43.597832 [debug]: Finished rendering [  0.00s] model dbt_dev_staging.stg_patients [success]
07:29:43.597887 [debug]: Started analyzing model dbt_dev_staging.stg_patients
07:29:43.597942 [debug]: Finished rendering [  0.00s] model dbt_dev_staging.stg_lab_specimen_types [success]
07:29:43.597973 [debug]: Started analyzing model dbt_dev_staging.stg_lab_specimen_types
07:29:43.598108 [debug]: Compiled SQL for node model.raqib_sf.stg_lab_events at target/.lsp/compiled/models/staging/stg_lab_events.sql
07:29:43.597891 [debug]: Compiled SQL for node model.raqib_sf.stg_emergency_contacts at target/.lsp/compiled/models/staging/stg_emergency_contacts.sql
07:29:43.598294 [debug]: Finished rendering [  0.00s] model dbt_dev_staging.stg_lab_events [success]
07:29:43.598530 [debug]: Started analyzing model dbt_dev_staging.stg_lab_events
07:29:43.598639 [debug]: Finished rendering [  0.00s] model dbt_dev_staging.stg_emergency_contacts [success]
07:29:43.598683 [debug]: Started analyzing model dbt_dev_staging.stg_emergency_contacts
07:29:43.598742 [debug]: Compiled SQL for node model.raqib_sf.stg_diagnosis at target/.lsp/compiled/models/staging/stg_diagnosis.sql
07:29:43.599167 [info ]:  Succeeded [  0.00s] model dbt_dev_staging.stg_prescriptions (ephemeral)
07:29:43.599257 [debug]: Finished analyzing [  0.00s] model dbt_dev_staging.stg_prescriptions [success]
07:29:43.599304 [info ]:  Succeeded [  0.00s] model dbt_dev_staging.stg_emergency_contacts (ephemeral)
07:29:43.599338 [debug]: Finished analyzing [  0.00s] model dbt_dev_staging.stg_emergency_contacts [success]
07:29:43.599380 [debug]: Finished rendering [  0.00s] model dbt_dev_staging.stg_diagnosis [success]
07:29:43.599423 [debug]: Started analyzing model dbt_dev_staging.stg_diagnosis
07:29:43.599493 [info ]:  Succeeded [  0.00s] model dbt_dev_staging.stg_transfers (ephemeral)
07:29:43.599544 [debug]: Finished analyzing [  0.00s] model dbt_dev_staging.stg_transfers [success]
07:29:43.599583 [info ]:  Succeeded [  0.00s] model dbt_dev_staging.stg_lab_specimen_types (ephemeral)
07:29:43.599613 [debug]: Finished analyzing [  0.00s] model dbt_dev_staging.stg_lab_specimen_types [success]
07:29:43.600336 [debug]: Compiled SQL for node model.raqib_sf.stg_providers at target/.lsp/compiled/models/staging/stg_providers.sql
07:29:43.600436 [debug]: Finished rendering [  0.00s] model dbt_dev_staging.stg_providers [success]
07:29:43.600622 [debug]: Started analyzing model dbt_dev_staging.stg_providers
07:29:43.600745 [info ]: Started model dbt_dev_intermediate.int_providers
07:29:43.600784 [debug]: Started rendering model dbt_dev_intermediate.int_providers
07:29:43.601195 [info ]:  Succeeded [  0.00s] model dbt_dev_staging.stg_lab_events (ephemeral)
07:29:43.601248 [debug]: Finished analyzing [  0.00s] model dbt_dev_staging.stg_lab_events [success]
07:29:43.601707 [debug]: Compiled SQL for node model.raqib_sf.int_providers at target/.lsp/compiled/models/intermediate/int_providers.sql
07:29:43.601923 [debug]: Finished rendering [  0.00s] model dbt_dev_intermediate.int_providers [success]
07:29:43.601986 [debug]: Started analyzing model dbt_dev_intermediate.int_providers
07:29:43.603402 [error]: dbt1501: Failed to render SQL not a key type: Source not found for source name: raw, table name: drugs
(in models/staging/stg_drugs.sql:3:10)
  --> models/staging/stg_drugs.sql:3:10
07:29:43.603463 [debug]: Started analyzing model dbt_dev_staging.stg_drugs
07:29:43.603497 [info ]:     Failed [  0.01s] model dbt_dev_staging.stg_drugs (ephemeral)
07:29:43.603541 [debug]: Finished analyzing [  0.00s] model dbt_dev_staging.stg_drugs [skipped]
07:29:43.603608 [debug]: Finished rendering [  0.01s] model dbt_dev_staging.stg_drugs [error]
07:29:43.604270 [debug]: Compiled SQL for node model.raqib_sf.stg_admissions at target/.lsp/compiled/models/staging/stg_admissions.sql
07:29:43.606745 [debug]: Finished rendering [  0.01s] model dbt_dev_staging.stg_admissions [success]
07:29:43.606798 [debug]: Started analyzing model dbt_dev_staging.stg_admissions
07:29:43.606855 [info ]: Started model dbt_dev_intermediate.int_admissions
07:29:43.606888 [debug]: Started rendering model dbt_dev_intermediate.int_admissions
07:29:43.607276 [info ]:  Succeeded [  0.01s] model dbt_dev_staging.stg_providers (ephemeral)
07:29:43.607325 [debug]: Finished analyzing [  0.01s] model dbt_dev_staging.stg_providers [success]
07:29:43.609455 [info ]:  Succeeded [  0.01s] model dbt_dev_staging.stg_admissions (ephemeral)
07:29:43.609577 [debug]: Compiled SQL for node model.raqib_sf.int_admissions at target/.lsp/compiled/models/intermediate/int_admissions.sql
07:29:43.609559 [debug]: Finished analyzing [  0.00s] model dbt_dev_staging.stg_admissions [success]
07:29:43.609774 [debug]: Finished rendering [  0.00s] model dbt_dev_intermediate.int_admissions [success]
07:29:43.609794 [info ]: Finished rendering [  0.01s] (13 nodes, 0 skipped, 1 errors)
07:29:43.609826 [debug]: Started analyzing model dbt_dev_intermediate.int_admissions
07:29:43.610575 [info ]:  Succeeded [  0.01s] model dbt_dev_staging.stg_patients (ephemeral)
07:29:43.610628 [debug]: Finished analyzing [  0.01s] model dbt_dev_staging.stg_patients [success]
07:29:43.610671 [info ]:  Succeeded [  0.01s] model dbt_dev_intermediate.int_providers (view)
07:29:43.610705 [debug]: Finished analyzing [  0.01s] model dbt_dev_intermediate.int_providers [success]
07:29:43.611034 [info ]:  Succeeded [  0.00s] model dbt_dev_intermediate.int_admissions (view)
07:29:43.611075 [debug]: Finished analyzing [  0.00s] model dbt_dev_intermediate.int_admissions [success]
07:29:43.616695 [info ]:  Succeeded [  0.02s] model dbt_dev_staging.stg_services (ephemeral)
07:29:43.616751 [debug]: Finished analyzing [  0.02s] model dbt_dev_staging.stg_services [success]
07:29:43.622522 [info ]:  Succeeded [  0.03s] model dbt_dev_staging.stg_diagnosis (ephemeral)
07:29:43.622566 [debug]: Finished analyzing [  0.02s] model dbt_dev_staging.stg_diagnosis [success]
07:29:43.622593 [info ]: Finished analyzing [  0.03s] (13 nodes, 1 skipped, 0 errors)
07:29:43.630809 [info ]: Started scheduling
07:29:43.630921 [info ]: Finished scheduling [  0.00s]
07:29:43.634575 [info ]: Cached model count updated: 13 models (accurate)
07:32:31.645348 [info ]: Started loading project
07:32:31.646041 [info ]: Loading profiles.yml
07:32:31.650509 [info ]: Started loading project
07:32:31.650872 [info ]: Loading profiles.yml
07:32:31.650925 [info ]: Finished loading project [  0.01s]
07:32:32.136792 [debug]:    Started loading packages
07:32:32.138417 [debug]:     Loaded [  0.00s] packages
07:32:32.139879 [info ]: Started parsing
07:32:32.224086 [info ]: Finished loading project [  0.57s]
07:32:32.229219 [debug]: Finished parsing models/schema.yml [  0.00s]
07:32:32.230605 [debug]: Finished parsing models/sources.yml [  0.00s]
07:32:32.234456 [debug]: Finished parsing models/intermediate/int_admissions.sql [  0.00s]
07:32:32.235416 [debug]: Finished parsing models/intermediate/int_providers.sql [  0.00s]
07:32:32.236637 [debug]: Finished parsing models/staging/stg_admissions.sql [  0.00s]
07:32:32.237875 [debug]: Finished parsing models/staging/stg_diagnosis.sql [  0.00s]
07:32:32.238964 [debug]: Finished parsing models/staging/stg_drugs.sql [  0.00s]
07:32:32.240020 [debug]: Finished parsing models/staging/stg_emergency_contacts.sql [  0.00s]
07:32:32.241082 [debug]: Finished parsing models/staging/stg_lab_events.sql [  0.00s]
07:32:32.242177 [debug]: Finished parsing models/staging/stg_lab_specimen_types.sql [  0.00s]
07:32:32.243128 [debug]: Finished parsing models/staging/stg_patients.sql [  0.00s]
07:32:32.244361 [debug]: Finished parsing models/staging/stg_prescriptions.sql [  0.00s]
07:32:32.245736 [debug]: Finished parsing models/staging/stg_providers.sql [  0.00s]
07:32:32.246884 [debug]: Finished parsing models/staging/stg_services.sql [  0.00s]
07:32:32.259832 [debug]: Finished parsing models/staging/stg_transfers.sql [  0.01s]
07:32:32.260877 [error]: dbt1048: Source 'raw.drugs' not found in project. Searched for 'drugs'
  --> models/staging/stg_drugs.sql:3:10
07:32:32.262810 [info ]: Cached model count updated: 13 models (estimate)
07:32:32.262830 [info ]: Cached model count updated: 13 models (accurate)
07:32:32.262882 [info ]: Started scheduling
07:32:32.262961 [info ]: Finished scheduling [  0.00s]
07:32:32.262978 [debug]: Compilation - 0 nodes selected: {}
07:32:32.262994 [warn ]: dbt1600: The selection criterion '' does not match any enabled nodes
07:32:32.263005 [warn ]: dbt1601: Nothing to do. Try checking your model configs and model specification args
07:32:32.263017 [info ]: Started scheduling
07:32:32.263284 [info ]: Finished scheduling [  0.00s]
07:32:32.263469 [debug]: Initializing schema store with entry: Frontier(CanonicalFqn { catalog: "RAW", schema: "PUBLIC", table: "ADMISSIONS" }) and interval: None
07:32:32.263501 [debug]: Initializing schema store with entry: Frontier(CanonicalFqn { catalog: "RAW", schema: "PUBLIC", table: "PROVIDERS" }) and interval: None
07:32:32.263515 [debug]: Initializing schema store with entry: Frontier(CanonicalFqn { catalog: "RAW", schema: "PUBLIC", table: "LAB_EVENTS" }) and interval: None
07:32:32.263534 [debug]: Initializing schema store with entry: Frontier(CanonicalFqn { catalog: "RAW", schema: "PUBLIC", table: "PATIENTS" }) and interval: None
07:32:32.263556 [debug]: Initializing schema store with entry: Frontier(CanonicalFqn { catalog: "RAW", schema: "PUBLIC", table: "PRESCRIPTIONS" }) and interval: None
07:32:32.263605 [debug]: Initializing schema store with entry: Frontier(CanonicalFqn { catalog: "RAW", schema: "PUBLIC", table: "TRANSFERS" }) and interval: None
07:32:32.263620 [debug]: Initializing schema store with entry: Frontier(CanonicalFqn { catalog: "RAW", schema: "PUBLIC", table: "LAB_SPECIMEN_TYPES" }) and interval: None
07:32:32.263633 [debug]: Initializing schema store with entry: Frontier(CanonicalFqn { catalog: "RAW", schema: "PUBLIC", table: "SERVICES" }) and interval: None
07:32:32.263645 [debug]: Initializing schema store with entry: Frontier(CanonicalFqn { catalog: "RAW", schema: "PUBLIC", table: "EMERGENCY_CONTACTS" }) and interval: None
07:32:32.263660 [debug]: Initializing schema store with entry: Frontier(CanonicalFqn { catalog: "RAW", schema: "PUBLIC", table: "DIAGNOSIS" }) and interval: None
07:32:32.668227 [info ]: Started building task graph
07:32:32.668262 [info ]: Finished building task graph [  0.00s]
07:32:32.674638 [info ]: Started scheduling
07:32:32.674722 [info ]: Finished scheduling [  0.00s]
07:32:32.686631 [info ]: Cached model count updated: 13 models (accurate)
07:32:32.686929 [info ]: Finished parsing [  0.55s]
07:32:33.832768 [info ]: Started loading project
07:32:33.833442 [info ]: Loading profiles.yml
07:32:33.871985 [info ]: Cached model count updated: 13 models (estimate)
07:32:33.872015 [info ]: Cached model count updated: 13 models (accurate)
07:32:33.872071 [info ]: Started scheduling
07:32:33.872335 [info ]: Finished scheduling [  0.00s]
07:32:33.872358 [debug]: Compilation - 13 nodes selected: {"model.raqib_sf.int_admissions", "model.raqib_sf.int_providers", "model.raqib_sf.stg_admissions", "model.raqib_sf.stg_diagnosis", "model.raqib_sf.stg_drugs", "model.raqib_sf.stg_emergency_contacts", "model.raqib_sf.stg_lab_events", "model.raqib_sf.stg_lab_specimen_types", "model.raqib_sf.stg_patients", "model.raqib_sf.stg_prescriptions", "model.raqib_sf.stg_providers", "model.raqib_sf.stg_services", "model.raqib_sf.stg_transfers"}
07:32:34.275026 [info ]: Started building task graph
07:32:34.275231 [info ]: Finished building task graph [  0.00s]
07:32:34.275496 [info ]: Started rendering (13 nodes)
07:32:34.275533 [info ]: Started model dbt_dev_staging.stg_transfers
07:32:34.275549 [debug]: Started rendering model dbt_dev_staging.stg_transfers
07:32:34.275585 [info ]: Started model dbt_dev_staging.stg_services
07:32:34.275600 [debug]: Started rendering model dbt_dev_staging.stg_services
07:32:34.275618 [info ]: Started model dbt_dev_staging.stg_prescriptions
07:32:34.275618 [info ]: Finished loading project [  0.44s]
07:32:34.275637 [debug]: Started rendering model dbt_dev_staging.stg_prescriptions
07:32:34.275672 [info ]: Started model dbt_dev_staging.stg_patients
07:32:34.275691 [debug]: Started rendering model dbt_dev_staging.stg_patients
07:32:34.275805 [info ]: Started model dbt_dev_staging.stg_lab_specimen_types
07:32:34.275870 [debug]: Started rendering model dbt_dev_staging.stg_lab_specimen_types
07:32:34.275975 [info ]: Started model dbt_dev_staging.stg_lab_events
07:32:34.276020 [debug]: Started rendering model dbt_dev_staging.stg_lab_events
07:32:34.276064 [info ]: Started model dbt_dev_staging.stg_emergency_contacts
07:32:34.276112 [debug]: Started rendering model dbt_dev_staging.stg_emergency_contacts
07:32:34.276154 [info ]: Started model dbt_dev_staging.stg_drugs
07:32:34.276185 [debug]: Started rendering model dbt_dev_staging.stg_drugs
07:32:34.276228 [info ]: Started model dbt_dev_staging.stg_diagnosis
07:32:34.276251 [debug]: Started rendering model dbt_dev_staging.stg_diagnosis
07:32:34.276282 [info ]: Started model dbt_dev_staging.stg_providers
07:32:34.276302 [debug]: Started rendering model dbt_dev_staging.stg_providers
07:32:34.276334 [info ]: Started model dbt_dev_staging.stg_admissions
07:32:34.276355 [debug]: Started rendering model dbt_dev_staging.stg_admissions
07:32:34.278345 [error]: dbt1501: Failed to render SQL not a key type: Source not found for source name: raw, table name: drugs
(in models/staging/stg_drugs.sql:3:10)
  --> models/staging/stg_drugs.sql:3:10
07:32:34.278399 [info ]: Started analyzing (13 nodes)
07:32:34.278411 [debug]: Started analyzing model dbt_dev_staging.stg_drugs
07:32:34.278432 [info ]:     Failed [  0.00s] model dbt_dev_staging.stg_drugs (ephemeral)
07:32:34.278460 [debug]: Finished analyzing [  0.00s] model dbt_dev_staging.stg_drugs [skipped]
07:32:34.278503 [debug]: Finished rendering [  0.00s] model dbt_dev_staging.stg_drugs [error]
07:32:34.281974 [debug]: Compiled SQL for node model.raqib_sf.stg_prescriptions at target/.lsp/compiled/models/staging/stg_prescriptions.sql
07:32:34.282077 [debug]: Compiled SQL for node model.raqib_sf.stg_providers at target/.lsp/compiled/models/staging/stg_providers.sql
07:32:34.282234 [debug]: Finished rendering [  0.01s] model dbt_dev_staging.stg_prescriptions [success]
07:32:34.282338 [debug]: Started analyzing model dbt_dev_staging.stg_prescriptions
07:32:34.282519 [debug]: Finished rendering [  0.01s] model dbt_dev_staging.stg_providers [success]
07:32:34.282547 [debug]: Compiled SQL for node model.raqib_sf.stg_diagnosis at target/.lsp/compiled/models/staging/stg_diagnosis.sql
07:32:34.282751 [info ]: Started model dbt_dev_intermediate.int_providers
07:32:34.282779 [debug]: Started rendering model dbt_dev_intermediate.int_providers
07:32:34.282854 [debug]: Started analyzing model dbt_dev_staging.stg_providers
07:32:34.282909 [debug]: Compiled SQL for node model.raqib_sf.stg_admissions at target/.lsp/compiled/models/staging/stg_admissions.sql
07:32:34.282935 [debug]: Compiled SQL for node model.raqib_sf.stg_lab_specimen_types at target/.lsp/compiled/models/staging/stg_lab_specimen_types.sql
07:32:34.283079 [debug]: Compiled SQL for node model.raqib_sf.stg_emergency_contacts at target/.lsp/compiled/models/staging/stg_emergency_contacts.sql
07:32:34.283101 [debug]: Compiled SQL for node model.raqib_sf.stg_patients at target/.lsp/compiled/models/staging/stg_patients.sql
07:32:34.282884 [debug]: Compiled SQL for node model.raqib_sf.stg_lab_events at target/.lsp/compiled/models/staging/stg_lab_events.sql
07:32:34.283157 [debug]: Finished rendering [  0.01s] model dbt_dev_staging.stg_diagnosis [success]
07:32:34.283223 [debug]: Started analyzing model dbt_dev_staging.stg_diagnosis
07:32:34.283276 [debug]: Started analyzing model dbt_dev_staging.stg_lab_specimen_types
07:32:34.283330 [debug]: Finished rendering [  0.01s] model dbt_dev_staging.stg_lab_specimen_types [success]
07:32:34.283372 [debug]: Compiled SQL for node model.raqib_sf.stg_transfers at target/.lsp/compiled/models/staging/stg_transfers.sql
07:32:34.283398 [debug]: Finished rendering [  0.01s] model dbt_dev_staging.stg_emergency_contacts [success]
07:32:34.283437 [debug]: Started analyzing model dbt_dev_staging.stg_emergency_contacts
07:32:34.283583 [debug]: Finished rendering [  0.01s] model dbt_dev_staging.stg_patients [success]
07:32:34.283606 [debug]: Compiled SQL for node model.raqib_sf.stg_services at target/.lsp/compiled/models/staging/stg_services.sql
07:32:34.283645 [debug]: Started analyzing model dbt_dev_staging.stg_patients
07:32:34.283690 [debug]: Finished rendering [  0.01s] model dbt_dev_staging.stg_lab_events [success]
07:32:34.283730 [debug]: Started analyzing model dbt_dev_staging.stg_lab_events
07:32:34.283834 [debug]: Finished rendering [  0.01s] model dbt_dev_staging.stg_transfers [success]
07:32:34.283945 [debug]: Started analyzing model dbt_dev_staging.stg_transfers
07:32:34.284029 [debug]: Finished rendering [  0.01s] model dbt_dev_staging.stg_admissions [success]
07:32:34.284102 [info ]: Started model dbt_dev_intermediate.int_admissions
07:32:34.284128 [debug]: Started rendering model dbt_dev_intermediate.int_admissions
07:32:34.284221 [debug]: Started analyzing model dbt_dev_staging.stg_admissions
07:32:34.284312 [info ]:  Succeeded [  0.01s] model dbt_dev_staging.stg_emergency_contacts (ephemeral)
07:32:34.284355 [debug]: Finished analyzing [  0.00s] model dbt_dev_staging.stg_emergency_contacts [success]
07:32:34.284911 [info ]:  Succeeded [  0.01s] model dbt_dev_staging.stg_prescriptions (ephemeral)
07:32:34.284962 [debug]: Finished analyzing [  0.00s] model dbt_dev_staging.stg_prescriptions [success]
07:32:34.285091 [info ]:  Succeeded [  0.01s] model dbt_dev_staging.stg_lab_specimen_types (ephemeral)
07:32:34.285130 [debug]: Finished analyzing [  0.00s] model dbt_dev_staging.stg_lab_specimen_types [success]
07:32:34.285165 [info ]:  Succeeded [  0.01s] model dbt_dev_staging.stg_transfers (ephemeral)
07:32:34.285197 [debug]: Finished analyzing [  0.00s] model dbt_dev_staging.stg_transfers [success]
07:32:34.286616 [debug]: Finished rendering [  0.01s] model dbt_dev_staging.stg_services [success]
07:32:34.286685 [debug]: Started analyzing model dbt_dev_staging.stg_services
07:32:34.286728 [info ]:  Succeeded [  0.01s] model dbt_dev_staging.stg_admissions (ephemeral)
07:32:34.286771 [debug]: Finished analyzing [  0.00s] model dbt_dev_staging.stg_admissions [success]
07:32:34.286899 [debug]: Compiled SQL for node model.raqib_sf.int_providers at target/.lsp/compiled/models/intermediate/int_providers.sql
07:32:34.287076 [info ]:  Succeeded [  0.01s] model dbt_dev_staging.stg_lab_events (ephemeral)
07:32:34.287135 [debug]: Finished analyzing [  0.00s] model dbt_dev_staging.stg_lab_events [success]
07:32:34.287221 [debug]: Finished rendering [  0.00s] model dbt_dev_intermediate.int_providers [success]
07:32:34.287267 [debug]: Started analyzing model dbt_dev_intermediate.int_providers
07:32:34.289169 [debug]: Compiled SQL for node model.raqib_sf.int_admissions at target/.lsp/compiled/models/intermediate/int_admissions.sql
07:32:34.289877 [debug]: Finished rendering [  0.01s] model dbt_dev_intermediate.int_admissions [success]
07:32:34.289923 [info ]: Finished rendering [  0.01s] (13 nodes, 0 skipped, 1 errors)
07:32:34.289976 [debug]: Started analyzing model dbt_dev_intermediate.int_admissions
07:32:34.290905 [info ]:  Succeeded [  0.01s] model dbt_dev_staging.stg_providers (ephemeral)
07:32:34.291258 [debug]: Finished analyzing [  0.01s] model dbt_dev_staging.stg_providers [success]
07:32:34.291708 [info ]:  Succeeded [  0.01s] model dbt_dev_intermediate.int_admissions (view)
07:32:34.291777 [debug]: Finished analyzing [  0.00s] model dbt_dev_intermediate.int_admissions [success]
07:32:34.293671 [info ]:  Succeeded [  0.01s] model dbt_dev_intermediate.int_providers (view)
07:32:34.293720 [debug]: Finished analyzing [  0.01s] model dbt_dev_intermediate.int_providers [success]
07:32:34.296850 [info ]:  Succeeded [  0.02s] model dbt_dev_staging.stg_patients (ephemeral)
07:32:34.296906 [debug]: Finished analyzing [  0.01s] model dbt_dev_staging.stg_patients [success]
07:32:34.301584 [info ]:  Succeeded [  0.02s] model dbt_dev_staging.stg_services (ephemeral)
07:32:34.301622 [debug]: Finished analyzing [  0.01s] model dbt_dev_staging.stg_services [success]
07:32:34.308749 [info ]:  Succeeded [  0.03s] model dbt_dev_staging.stg_diagnosis (ephemeral)
07:32:34.308802 [debug]: Finished analyzing [  0.03s] model dbt_dev_staging.stg_diagnosis [success]
07:32:34.308813 [info ]: Finished analyzing [  0.03s] (13 nodes, 1 skipped, 0 errors)
07:32:34.317105 [info ]: Started scheduling
07:32:34.317193 [info ]: Finished scheduling [  0.00s]
07:32:34.320552 [info ]: Cached model count updated: 13 models (accurate)
07:43:52.267170 [info ]: Started loading project
07:43:52.268277 [info ]: Loading profiles.yml
07:43:52.291134 [info ]: Started parsing
07:43:52.348048 [info ]: Finished loading project [  0.08s]
07:43:52.352056 [debug]: Finished parsing models/schema.yml [  0.00s]
07:43:52.356505 [debug]: Finished parsing models/staging/stg_admissions.sql [  0.00s]
07:43:52.357698 [debug]: Finished parsing models/staging/stg_diagnosis.sql [  0.00s]
07:43:52.358944 [debug]: Finished parsing models/staging/stg_drugs.sql [  0.00s]
07:43:52.360068 [debug]: Finished parsing models/staging/stg_emergency_contacts.sql [  0.00s]
07:43:52.360985 [debug]: Finished parsing models/staging/stg_lab_events.sql [  0.00s]
07:43:52.362116 [debug]: Finished parsing models/staging/stg_lab_specimen_types.sql [  0.00s]
07:43:52.363289 [debug]: Finished parsing models/staging/stg_patients.sql [  0.00s]
07:43:52.364315 [debug]: Finished parsing models/staging/stg_providers.sql [  0.00s]
07:43:52.365371 [debug]: Finished parsing models/staging/stg_services.sql [  0.00s]
07:43:52.375822 [debug]: Finished parsing models/staging/stg_transfers.sql [  0.01s]
07:43:52.377061 [error]: dbt1048: Source 'raw.drugs' not found in project. Searched for 'drugs'
  --> models/staging/stg_drugs.sql:3:10
07:43:52.381289 [info ]: Cached model count updated: 13 models (estimate)
07:43:52.381305 [info ]: Cached model count updated: 13 models (accurate)
07:43:52.381412 [info ]: Started scheduling
07:43:52.381500 [info ]: Finished scheduling [  0.00s]
07:43:52.381529 [debug]: Compilation - 0 nodes selected: {}
07:43:52.381549 [warn ]: dbt1600: The selection criterion '' does not match any enabled nodes
07:43:52.381561 [warn ]: dbt1601: Nothing to do. Try checking your model configs and model specification args
07:43:52.773403 [info ]: Started building task graph
07:43:52.773452 [info ]: Finished building task graph [  0.00s]
07:43:52.782330 [info ]: Started scheduling
07:43:52.782411 [info ]: Finished scheduling [  0.00s]
07:43:52.785300 [info ]: Cached model count updated: 13 models (accurate)
07:43:52.785354 [info ]: Finished parsing [  0.49s]
07:43:54.037275 [info ]: Started loading project
07:43:54.038452 [info ]: Loading profiles.yml
07:43:54.095907 [info ]: Cached model count updated: 13 models (estimate)
07:43:54.095934 [info ]: Cached model count updated: 13 models (accurate)
07:43:54.095991 [info ]: Started scheduling
07:43:54.096111 [info ]: Finished scheduling [  0.00s]
07:43:54.096140 [debug]: Compilation - 0 nodes selected: {}
07:43:54.096161 [warn ]: dbt1600: The selection criterion '' does not match any enabled nodes
07:43:54.096173 [warn ]: dbt1601: Nothing to do. Try checking your model configs and model specification args
07:43:54.521303 [info ]: Started building task graph
07:43:54.521337 [info ]: Finished building task graph [  0.00s]
07:43:54.528237 [info ]: Started scheduling
07:43:54.528323 [info ]: Finished scheduling [  0.00s]
07:43:54.528703 [info ]: Finished loading project [  0.49s]
07:43:54.532304 [info ]: Cached model count updated: 13 models (accurate)
07:43:55.682333 [info ]: Started loading project
07:43:55.682918 [info ]: Loading profiles.yml
07:43:55.749224 [info ]: Cached model count updated: 13 models (estimate)
07:43:55.749253 [info ]: Cached model count updated: 13 models (accurate)
07:43:55.749360 [info ]: Started scheduling
07:43:55.749654 [info ]: Finished scheduling [  0.00s]
07:43:55.749681 [debug]: Compilation - 13 nodes selected: {"model.raqib_sf.int_admissions", "model.raqib_sf.int_providers", "model.raqib_sf.stg_admissions", "model.raqib_sf.stg_diagnosis", "model.raqib_sf.stg_drugs", "model.raqib_sf.stg_emergency_contacts", "model.raqib_sf.stg_lab_events", "model.raqib_sf.stg_lab_specimen_types", "model.raqib_sf.stg_patients", "model.raqib_sf.stg_prescriptions", "model.raqib_sf.stg_providers", "model.raqib_sf.stg_services", "model.raqib_sf.stg_transfers"}
07:43:56.434995 [info ]: Started building task graph
07:43:56.435315 [info ]: Finished building task graph [  0.00s]
07:43:56.435639 [info ]: Started rendering (13 nodes)
07:43:56.435683 [info ]: Started model dbt_dev_staging.stg_transfers
07:43:56.435736 [debug]: Started rendering model dbt_dev_staging.stg_transfers
07:43:56.435773 [info ]: Started model dbt_dev_staging.stg_services
07:43:56.435787 [debug]: Started rendering model dbt_dev_staging.stg_services
07:43:56.435805 [info ]: Started model dbt_dev_staging.stg_prescriptions
07:43:56.435817 [debug]: Started rendering model dbt_dev_staging.stg_prescriptions
07:43:56.435836 [info ]: Started model dbt_dev_staging.stg_patients
07:43:56.435848 [debug]: Started rendering model dbt_dev_staging.stg_patients
07:43:56.435866 [info ]: Started model dbt_dev_staging.stg_lab_specimen_types
07:43:56.435882 [debug]: Started rendering model dbt_dev_staging.stg_lab_specimen_types
07:43:56.435901 [info ]: Started model dbt_dev_staging.stg_lab_events
07:43:56.435913 [debug]: Started rendering model dbt_dev_staging.stg_lab_events
07:43:56.435930 [info ]: Started model dbt_dev_staging.stg_emergency_contacts
07:43:56.435942 [debug]: Started rendering model dbt_dev_staging.stg_emergency_contacts
07:43:56.435973 [info ]: Started model dbt_dev_staging.stg_drugs
07:43:56.435990 [debug]: Started rendering model dbt_dev_staging.stg_drugs
07:43:56.436019 [info ]: Started model dbt_dev_staging.stg_diagnosis
07:43:56.436042 [debug]: Started rendering model dbt_dev_staging.stg_diagnosis
07:43:56.436065 [info ]: Finished loading project [  0.75s]
07:43:56.436071 [info ]: Started model dbt_dev_staging.stg_providers
07:43:56.436090 [debug]: Started rendering model dbt_dev_staging.stg_providers
07:43:56.436119 [info ]: Started model dbt_dev_staging.stg_admissions
07:43:56.436137 [debug]: Started rendering model dbt_dev_staging.stg_admissions
07:43:56.439068 [error]: dbt1501: Failed to render SQL not a key type: Source not found for source name: raw, table name: drugs
(in models/staging/stg_drugs.sql:3:10)
  --> models/staging/stg_drugs.sql:3:10
07:43:56.439140 [info ]: Started analyzing (13 nodes)
07:43:56.439157 [debug]: Started analyzing model dbt_dev_staging.stg_drugs
07:43:56.439242 [info ]:     Failed [  0.00s] model dbt_dev_staging.stg_drugs (ephemeral)
07:43:56.439469 [debug]: Finished analyzing [  0.00s] model dbt_dev_staging.stg_drugs [skipped]
07:43:56.439608 [debug]: Finished rendering [  0.00s] model dbt_dev_staging.stg_drugs [error]
07:43:56.439963 [debug]: Compiled SQL for node model.raqib_sf.stg_prescriptions at target/.lsp/compiled/models/staging/stg_prescriptions.sql
07:43:56.439962 [debug]: Compiled SQL for node model.raqib_sf.stg_admissions at target/.lsp/compiled/models/staging/stg_admissions.sql
07:43:56.442519 [debug]: Finished rendering [  0.01s] model dbt_dev_staging.stg_admissions [success]
07:43:56.442818 [info ]: Started model dbt_dev_intermediate.int_admissions
07:43:56.442848 [debug]: Started rendering model dbt_dev_intermediate.int_admissions
07:43:56.442938 [debug]: Started analyzing model dbt_dev_staging.stg_admissions
07:43:56.442985 [debug]: Finished rendering [  0.01s] model dbt_dev_staging.stg_prescriptions [success]
07:43:56.443019 [debug]: Started analyzing model dbt_dev_staging.stg_prescriptions
07:43:56.443982 [debug]: Compiled SQL for node model.raqib_sf.int_admissions at target/.lsp/compiled/models/intermediate/int_admissions.sql
07:43:56.444209 [debug]: Compiled SQL for node model.raqib_sf.stg_lab_events at target/.lsp/compiled/models/staging/stg_lab_events.sql
07:43:56.444517 [debug]: Finished rendering [  0.00s] model dbt_dev_intermediate.int_admissions [success]
07:43:56.444560 [debug]: Started analyzing model dbt_dev_intermediate.int_admissions
07:43:56.445084 [debug]: Finished rendering [  0.01s] model dbt_dev_staging.stg_lab_events [success]
07:43:56.445182 [debug]: Started analyzing model dbt_dev_staging.stg_lab_events
07:43:56.445865 [info ]:  Succeeded [  0.01s] model dbt_dev_staging.stg_prescriptions (ephemeral)
07:43:56.445913 [debug]: Finished analyzing [  0.00s] model dbt_dev_staging.stg_prescriptions [success]
07:43:56.446058 [debug]: Compiled SQL for node model.raqib_sf.stg_lab_specimen_types at target/.lsp/compiled/models/staging/stg_lab_specimen_types.sql
07:43:56.446180 [debug]: Compiled SQL for node model.raqib_sf.stg_patients at target/.lsp/compiled/models/staging/stg_patients.sql
07:43:56.446360 [debug]: Compiled SQL for node model.raqib_sf.stg_providers at target/.lsp/compiled/models/staging/stg_providers.sql
07:43:56.446384 [debug]: Compiled SQL for node model.raqib_sf.stg_services at target/.lsp/compiled/models/staging/stg_services.sql
07:43:56.446488 [debug]: Compiled SQL for node model.raqib_sf.stg_transfers at target/.lsp/compiled/models/staging/stg_transfers.sql
07:43:56.446583 [debug]: Finished rendering [  0.01s] model dbt_dev_staging.stg_lab_specimen_types [success]
07:43:56.446658 [debug]: Started analyzing model dbt_dev_staging.stg_lab_specimen_types
07:43:56.447184 [debug]: Compiled SQL for node model.raqib_sf.stg_diagnosis at target/.lsp/compiled/models/staging/stg_diagnosis.sql
07:43:56.447931 [debug]: Finished rendering [  0.01s] model dbt_dev_staging.stg_patients [success]
07:43:56.448002 [debug]: Started analyzing model dbt_dev_staging.stg_patients
07:43:56.448190 [info ]:  Succeeded [  0.01s] model dbt_dev_staging.stg_lab_specimen_types (ephemeral)
07:43:56.448293 [debug]: Finished analyzing [  0.00s] model dbt_dev_staging.stg_lab_specimen_types [success]
07:43:56.448333 [debug]: Finished rendering [  0.01s] model dbt_dev_staging.stg_providers [success]
07:43:56.448394 [info ]: Started model dbt_dev_intermediate.int_providers
07:43:56.448420 [debug]: Started rendering model dbt_dev_intermediate.int_providers
07:43:56.448450 [debug]: Started analyzing model dbt_dev_staging.stg_providers
07:43:56.448484 [debug]: Finished rendering [  0.01s] model dbt_dev_staging.stg_services [success]
07:43:56.448516 [debug]: Started analyzing model dbt_dev_staging.stg_services
07:43:56.448546 [debug]: Finished rendering [  0.01s] model dbt_dev_staging.stg_transfers [success]
07:43:56.448573 [debug]: Started analyzing model dbt_dev_staging.stg_transfers
07:43:56.448610 [debug]: Finished rendering [  0.01s] model dbt_dev_staging.stg_diagnosis [success]
07:43:56.448659 [debug]: Started analyzing model dbt_dev_staging.stg_diagnosis
07:43:56.448846 [info ]:  Succeeded [  0.01s] model dbt_dev_staging.stg_admissions (ephemeral)
07:43:56.448889 [debug]: Finished analyzing [  0.01s] model dbt_dev_staging.stg_admissions [success]
07:43:56.448997 [info ]:  Succeeded [  0.01s] model dbt_dev_intermediate.int_admissions (view)
07:43:56.449041 [debug]: Finished analyzing [  0.00s] model dbt_dev_intermediate.int_admissions [success]
07:43:56.449253 [debug]: Compiled SQL for node model.raqib_sf.stg_emergency_contacts at target/.lsp/compiled/models/staging/stg_emergency_contacts.sql
07:43:56.449856 [debug]: Finished rendering [  0.01s] model dbt_dev_staging.stg_emergency_contacts [success]
07:43:56.450002 [debug]: Started analyzing model dbt_dev_staging.stg_emergency_contacts
07:43:56.450887 [debug]: Compiled SQL for node model.raqib_sf.int_providers at target/.lsp/compiled/models/intermediate/int_providers.sql
07:43:56.450975 [debug]: Finished rendering [  0.00s] model dbt_dev_intermediate.int_providers [success]
07:43:56.451006 [info ]: Finished rendering [  0.02s] (13 nodes, 0 skipped, 1 errors)
07:43:56.451049 [debug]: Started analyzing model dbt_dev_intermediate.int_providers
07:43:56.452743 [info ]:  Succeeded [  0.01s] model dbt_dev_staging.stg_emergency_contacts (ephemeral)
07:43:56.452786 [debug]: Finished analyzing [  0.00s] model dbt_dev_staging.stg_emergency_contacts [success]
07:43:56.453713 [info ]:  Succeeded [  0.02s] model dbt_dev_staging.stg_lab_events (ephemeral)
07:43:56.453762 [debug]: Finished analyzing [  0.01s] model dbt_dev_staging.stg_lab_events [success]
07:43:56.458780 [info ]:  Succeeded [  0.02s] model dbt_dev_staging.stg_transfers (ephemeral)
07:43:56.458834 [debug]: Finished analyzing [  0.01s] model dbt_dev_staging.stg_transfers [success]
07:43:56.460899 [info ]:  Succeeded [  0.02s] model dbt_dev_staging.stg_providers (ephemeral)
07:43:56.460944 [debug]: Finished analyzing [  0.01s] model dbt_dev_staging.stg_providers [success]
07:43:56.462353 [info ]:  Succeeded [  0.01s] model dbt_dev_intermediate.int_providers (view)
07:43:56.462398 [debug]: Finished analyzing [  0.01s] model dbt_dev_intermediate.int_providers [success]
07:43:56.466908 [info ]:  Succeeded [  0.03s] model dbt_dev_staging.stg_patients (ephemeral)
07:43:56.466959 [debug]: Finished analyzing [  0.02s] model dbt_dev_staging.stg_patients [success]
07:43:56.472868 [info ]:  Succeeded [  0.04s] model dbt_dev_staging.stg_services (ephemeral)
07:43:56.472983 [debug]: Finished analyzing [  0.02s] model dbt_dev_staging.stg_services [success]
07:43:56.479125 [info ]:  Succeeded [  0.04s] model dbt_dev_staging.stg_diagnosis (ephemeral)
07:43:56.479169 [debug]: Finished analyzing [  0.03s] model dbt_dev_staging.stg_diagnosis [success]
07:43:56.479181 [info ]: Finished analyzing [  0.04s] (13 nodes, 1 skipped, 0 errors)
07:43:56.488380 [info ]: Started scheduling
07:43:56.488552 [info ]: Finished scheduling [  0.00s]
07:43:56.494103 [info ]: Cached model count updated: 13 models (accurate)
