[0m06:18:42.030335 [debug] [Thread-5 (]: Finished running node test.raqib_sf.unique_dim_admission_type_admission_type_key.fe1ef6a215
[0m06:18:42.032015 [debug] [Thread-5 (]: Began running node test.raqib_sf.unique_dim_emergency_contacts_contact_key.ff9339cd05
[0m06:18:42.033028 [info ] [Thread-5 (]: 125 of 154 START test unique_dim_emergency_contacts_contact_key ................ [RUN]
[0m06:18:42.034026 [debug] [Thread-5 (]: Re-using an available connection from the pool (formerly test.raqib_sf.unique_dim_admission_type_admission_type_key.fe1ef6a215, now test.raqib_sf.unique_dim_emergency_contacts_contact_key.ff9339cd05)
[0m06:18:42.035032 [debug] [Thread-5 (]: Began compiling node test.raqib_sf.unique_dim_emergency_contacts_contact_key.ff9339cd05
[0m06:18:42.041027 [debug] [Thread-5 (]: Writing injected SQL for node "test.raqib_sf.unique_dim_emergency_contacts_contact_key.ff9339cd05"
[0m06:18:42.043027 [debug] [Thread-5 (]: Began executing node test.raqib_sf.unique_dim_emergency_contacts_contact_key.ff9339cd05
[0m06:18:42.047025 [debug] [Thread-5 (]: Writing runtime sql for node "test.raqib_sf.unique_dim_emergency_contacts_contact_key.ff9339cd05"
[0m06:18:42.050029 [debug] [Thread-2 (]: SQL status: SUCCESS 1 in 0.318 seconds
[0m06:18:42.053318 [info ] [Thread-2 (]: 121 of 154 PASS unique_dim_date_date_bk ........................................ [[32mPASS[0m in 0.35s]
[0m06:18:42.055285 [debug] [Thread-2 (]: Finished running node test.raqib_sf.unique_dim_date_date_bk.6872161ad5
[0m06:18:42.056280 [debug] [Thread-2 (]: Began running node test.raqib_sf.unique_dim_lab_types_item_id.efed85b566
[0m06:18:42.058279 [debug] [Thread-5 (]: Using snowflake connection "test.raqib_sf.unique_dim_emergency_contacts_contact_key.ff9339cd05"
[0m06:18:42.060288 [debug] [Thread-5 (]: On test.raqib_sf.unique_dim_emergency_contacts_contact_key.ff9339cd05: select
      count(*) as failures,
      count(*) != 0 as should_warn,
      count(*) != 0 as should_error
    from (
      
    
  
    
    

select
    contact_key as unique_field,
    count(*) as n_records

from prod.dbt_dev_marts.dim_emergency_contacts
where contact_key is not null
group by contact_key
having count(*) > 1



  
  
      
    ) dbt_internal_test
/* {"app": "dbt", "dbt_version": "1.11.7", "profile_name": "raqib_sf", "target_name": "dev", "node_id": "test.raqib_sf.unique_dim_emergency_contacts_contact_key.ff9339cd05"} */
[0m06:18:42.059315 [info ] [Thread-2 (]: 126 of 154 START test unique_dim_lab_types_item_id ............................. [RUN]
[0m06:18:42.062319 [debug] [Thread-2 (]: Re-using an available connection from the pool (formerly test.raqib_sf.unique_dim_date_date_bk.6872161ad5, now test.raqib_sf.unique_dim_lab_types_item_id.efed85b566)
[0m06:18:42.063406 [debug] [Thread-2 (]: Began compiling node test.raqib_sf.unique_dim_lab_types_item_id.efed85b566
[0m06:18:42.070489 [debug] [Thread-2 (]: Writing injected SQL for node "test.raqib_sf.unique_dim_lab_types_item_id.efed85b566"
[0m06:18:42.072457 [debug] [Thread-2 (]: Began executing node test.raqib_sf.unique_dim_lab_types_item_id.efed85b566
[0m06:18:42.076447 [debug] [Thread-2 (]: Writing runtime sql for node "test.raqib_sf.unique_dim_lab_types_item_id.efed85b566"
[0m06:18:42.079449 [debug] [Thread-2 (]: Using snowflake connection "test.raqib_sf.unique_dim_lab_types_item_id.efed85b566"
[0m06:18:42.079957 [debug] [Thread-2 (]: On test.raqib_sf.unique_dim_lab_types_item_id.efed85b566: select
      count(*) as failures,
      count(*) != 0 as should_warn,
      count(*) != 0 as should_error
    from (
      
    
  
    
    

select
    item_id as unique_field,
    count(*) as n_records

from prod.dbt_dev_marts.dim_lab_types
where item_id is not null
group by item_id
having count(*) > 1



  
  
      
    ) dbt_internal_test
/* {"app": "dbt", "dbt_version": "1.11.7", "profile_name": "raqib_sf", "target_name": "dev", "node_id": "test.raqib_sf.unique_dim_lab_types_item_id.efed85b566"} */
[0m06:18:42.095495 [debug] [Thread-3 (]: SQL status: SUCCESS 1 in 0.360 seconds
[0m06:18:42.098062 [info ] [Thread-3 (]: 122 of 154 PASS unique_dim_date_date_key ....................................... [[32mPASS[0m in 0.39s]
[0m06:18:42.099059 [debug] [Thread-3 (]: Finished running node test.raqib_sf.unique_dim_date_date_key.0869fd48f9
[0m06:18:42.100062 [debug] [Thread-3 (]: Began running node test.raqib_sf.unique_dim_lab_types_specimen_type_key.f9a85fb5fe
[0m06:18:42.100062 [info ] [Thread-3 (]: 127 of 154 START test unique_dim_lab_types_specimen_type_key ................... [RUN]
[0m06:18:42.101065 [debug] [Thread-3 (]: Re-using an available connection from the pool (formerly test.raqib_sf.unique_dim_date_date_key.0869fd48f9, now test.raqib_sf.unique_dim_lab_types_specimen_type_key.f9a85fb5fe)
[0m06:18:42.102062 [debug] [Thread-3 (]: Began compiling node test.raqib_sf.unique_dim_lab_types_specimen_type_key.f9a85fb5fe
[0m06:18:42.107072 [debug] [Thread-3 (]: Writing injected SQL for node "test.raqib_sf.unique_dim_lab_types_specimen_type_key.f9a85fb5fe"
[0m06:18:42.109091 [debug] [Thread-3 (]: Began executing node test.raqib_sf.unique_dim_lab_types_specimen_type_key.f9a85fb5fe
[0m06:18:42.113099 [debug] [Thread-3 (]: Writing runtime sql for node "test.raqib_sf.unique_dim_lab_types_specimen_type_key.f9a85fb5fe"
[0m06:18:42.115100 [debug] [Thread-3 (]: Using snowflake connection "test.raqib_sf.unique_dim_lab_types_specimen_type_key.f9a85fb5fe"
[0m06:18:42.116100 [debug] [Thread-3 (]: On test.raqib_sf.unique_dim_lab_types_specimen_type_key.f9a85fb5fe: select
      count(*) as failures,
      count(*) != 0 as should_warn,
      count(*) != 0 as should_error
    from (
      
    
  
    
    

select
    specimen_type_key as unique_field,
    count(*) as n_records

from prod.dbt_dev_marts.dim_lab_types
where specimen_type_key is not null
group by specimen_type_key
having count(*) > 1



  
  
      
    ) dbt_internal_test
/* {"app": "dbt", "dbt_version": "1.11.7", "profile_name": "raqib_sf", "target_name": "dev", "node_id": "test.raqib_sf.unique_dim_lab_types_specimen_type_key.f9a85fb5fe"} */
[0m06:18:42.271333 [debug] [Thread-2 (]: SQL status: SUCCESS 1 in 0.191 seconds
[0m06:18:42.281782 [error] [Thread-2 (]: 126 of 154 FAIL 73 unique_dim_lab_types_item_id ................................ [[31mFAIL 73[0m in 0.22s]
[0m06:18:42.286824 [debug] [Thread-2 (]: Finished running node test.raqib_sf.unique_dim_lab_types_item_id.efed85b566
[0m06:18:42.289761 [debug] [Thread-3 (]: SQL status: SUCCESS 1 in 0.173 seconds
[0m06:18:42.291760 [debug] [Thread-2 (]: Began running node test.raqib_sf.unique_dim_location_location_key.b5757d64b6
[0m06:18:42.295953 [error] [Thread-3 (]: 127 of 154 FAIL 73 unique_dim_lab_types_specimen_type_key ...................... [[31mFAIL 73[0m in 0.19s]
[0m06:18:42.298956 [debug] [Thread-3 (]: Finished running node test.raqib_sf.unique_dim_lab_types_specimen_type_key.f9a85fb5fe
[0m06:18:42.297954 [info ] [Thread-2 (]: 128 of 154 START test unique_dim_location_location_key ......................... [RUN]
[0m06:18:42.300955 [debug] [Thread-3 (]: Began running node test.raqib_sf.unique_dim_patients_patient_id.77ebce32b2
[0m06:18:42.301954 [debug] [Thread-2 (]: Re-using an available connection from the pool (formerly test.raqib_sf.unique_dim_lab_types_item_id.efed85b566, now test.raqib_sf.unique_dim_location_location_key.b5757d64b6)
[0m06:18:42.303959 [debug] [Thread-2 (]: Began compiling node test.raqib_sf.unique_dim_location_location_key.b5757d64b6
[0m06:18:42.302953 [info ] [Thread-3 (]: 129 of 154 START test unique_dim_patients_patient_id ........................... [RUN]
[0m06:18:42.312536 [debug] [Thread-2 (]: Writing injected SQL for node "test.raqib_sf.unique_dim_location_location_key.b5757d64b6"
[0m06:18:42.312536 [debug] [Thread-3 (]: Re-using an available connection from the pool (formerly test.raqib_sf.unique_dim_lab_types_specimen_type_key.f9a85fb5fe, now test.raqib_sf.unique_dim_patients_patient_id.77ebce32b2)
[0m06:18:42.313686 [debug] [Thread-3 (]: Began compiling node test.raqib_sf.unique_dim_patients_patient_id.77ebce32b2
[0m06:18:42.321703 [debug] [Thread-3 (]: Writing injected SQL for node "test.raqib_sf.unique_dim_patients_patient_id.77ebce32b2"
[0m06:18:42.322702 [debug] [Thread-2 (]: Began executing node test.raqib_sf.unique_dim_location_location_key.b5757d64b6
[0m06:18:42.331615 [debug] [Thread-2 (]: Writing runtime sql for node "test.raqib_sf.unique_dim_location_location_key.b5757d64b6"
[0m06:18:42.333123 [debug] [Thread-3 (]: Began executing node test.raqib_sf.unique_dim_patients_patient_id.77ebce32b2
[0m06:18:42.337125 [debug] [Thread-3 (]: Writing runtime sql for node "test.raqib_sf.unique_dim_patients_patient_id.77ebce32b2"
[0m06:18:42.339436 [debug] [Thread-2 (]: Using snowflake connection "test.raqib_sf.unique_dim_location_location_key.b5757d64b6"
[0m06:18:42.339436 [debug] [Thread-2 (]: On test.raqib_sf.unique_dim_location_location_key.b5757d64b6: select
      count(*) as failures,
      count(*) != 0 as should_warn,
      count(*) != 0 as should_error
    from (
      
    
  
    
    

select
    location_key as unique_field,
    count(*) as n_records

from prod.dbt_dev_marts.dim_location
where location_key is not null
group by location_key
having count(*) > 1



  
  
      
    ) dbt_internal_test
/* {"app": "dbt", "dbt_version": "1.11.7", "profile_name": "raqib_sf", "target_name": "dev", "node_id": "test.raqib_sf.unique_dim_location_location_key.b5757d64b6"} */
[0m06:18:42.342432 [debug] [Thread-3 (]: Using snowflake connection "test.raqib_sf.unique_dim_patients_patient_id.77ebce32b2"
[0m06:18:42.343727 [debug] [Thread-3 (]: On test.raqib_sf.unique_dim_patients_patient_id.77ebce32b2: select
      count(*) as failures,
      count(*) != 0 as should_warn,
      count(*) != 0 as should_error
    from (
      
    
  
    
    

select
    patient_id as unique_field,
    count(*) as n_records

from prod.dbt_dev_marts.dim_patients
where patient_id is not null
group by patient_id
having count(*) > 1



  
  
      
    ) dbt_internal_test
/* {"app": "dbt", "dbt_version": "1.11.7", "profile_name": "raqib_sf", "target_name": "dev", "node_id": "test.raqib_sf.unique_dim_patients_patient_id.77ebce32b2"} */
[0m06:18:42.487928 [debug] [Thread-5 (]: SQL status: SUCCESS 1 in 0.427 seconds
[0m06:18:42.489957 [error] [Thread-5 (]: 125 of 154 FAIL 115063 unique_dim_emergency_contacts_contact_key ............... [[31mFAIL 115063[0m in 0.46s]
[0m06:18:42.491957 [debug] [Thread-5 (]: Finished running node test.raqib_sf.unique_dim_emergency_contacts_contact_key.ff9339cd05
[0m06:18:42.491957 [debug] [Thread-5 (]: Began running node test.raqib_sf.unique_dim_patients_patient_key.a372c8896a
[0m06:18:42.492952 [info ] [Thread-5 (]: 130 of 154 START test unique_dim_patients_patient_key .......................... [RUN]
[0m06:18:42.493951 [debug] [Thread-5 (]: Re-using an available connection from the pool (formerly test.raqib_sf.unique_dim_emergency_contacts_contact_key.ff9339cd05, now test.raqib_sf.unique_dim_patients_patient_key.a372c8896a)
[0m06:18:42.493951 [debug] [Thread-5 (]: Began compiling node test.raqib_sf.unique_dim_patients_patient_key.a372c8896a
[0m06:18:42.500029 [debug] [Thread-5 (]: Writing injected SQL for node "test.raqib_sf.unique_dim_patients_patient_key.a372c8896a"
[0m06:18:42.502531 [debug] [Thread-4 (]: SQL status: SUCCESS 1 in 0.502 seconds
[0m06:18:42.504529 [info ] [Thread-4 (]: 124 of 154 PASS unique_dim_diagnosis_diagnosis_key ............................. [[32mPASS[0m in 0.54s]
[0m06:18:42.505529 [debug] [Thread-4 (]: Finished running node test.raqib_sf.unique_dim_diagnosis_diagnosis_key.8060b0e39a
[0m06:18:42.506525 [debug] [Thread-5 (]: Began executing node test.raqib_sf.unique_dim_patients_patient_key.a372c8896a
[0m06:18:42.507531 [debug] [Thread-4 (]: Began running node test.raqib_sf.unique_dim_provider_provider_id.2644763fc5
[0m06:18:42.512097 [debug] [Thread-5 (]: Writing runtime sql for node "test.raqib_sf.unique_dim_patients_patient_key.a372c8896a"
[0m06:18:42.513055 [info ] [Thread-4 (]: 131 of 154 START test unique_dim_provider_provider_id .......................... [RUN]
[0m06:18:42.514095 [debug] [Thread-4 (]: Re-using an available connection from the pool (formerly test.raqib_sf.unique_dim_diagnosis_diagnosis_key.8060b0e39a, now test.raqib_sf.unique_dim_provider_provider_id.2644763fc5)
[0m06:18:42.515091 [debug] [Thread-4 (]: Began compiling node test.raqib_sf.unique_dim_provider_provider_id.2644763fc5
[0m06:18:42.519169 [debug] [Thread-4 (]: Writing injected SQL for node "test.raqib_sf.unique_dim_provider_provider_id.2644763fc5"
[0m06:18:42.520218 [debug] [Thread-5 (]: Using snowflake connection "test.raqib_sf.unique_dim_patients_patient_key.a372c8896a"
[0m06:18:42.521755 [debug] [Thread-5 (]: On test.raqib_sf.unique_dim_patients_patient_key.a372c8896a: select
      count(*) as failures,
      count(*) != 0 as should_warn,
      count(*) != 0 as should_error
    from (
      
    
  
    
    

select
    patient_key as unique_field,
    count(*) as n_records

from prod.dbt_dev_marts.dim_patients
where patient_key is not null
group by patient_key
having count(*) > 1



  
  
      
    ) dbt_internal_test
/* {"app": "dbt", "dbt_version": "1.11.7", "profile_name": "raqib_sf", "target_name": "dev", "node_id": "test.raqib_sf.unique_dim_patients_patient_key.a372c8896a"} */
[0m06:18:42.522770 [debug] [Thread-4 (]: Began executing node test.raqib_sf.unique_dim_provider_provider_id.2644763fc5
[0m06:18:42.528130 [debug] [Thread-4 (]: Writing runtime sql for node "test.raqib_sf.unique_dim_provider_provider_id.2644763fc5"
[0m06:18:42.530130 [debug] [Thread-4 (]: Using snowflake connection "test.raqib_sf.unique_dim_provider_provider_id.2644763fc5"
[0m06:18:42.531165 [debug] [Thread-4 (]: On test.raqib_sf.unique_dim_provider_provider_id.2644763fc5: select
      count(*) as failures,
      count(*) != 0 as should_warn,
      count(*) != 0 as should_error
    from (
      
    
  
    
    

select
    provider_id as unique_field,
    count(*) as n_records

from prod.dbt_dev_marts.dim_provider
where provider_id is not null
group by provider_id
having count(*) > 1



  
  
      
    ) dbt_internal_test
/* {"app": "dbt", "dbt_version": "1.11.7", "profile_name": "raqib_sf", "target_name": "dev", "node_id": "test.raqib_sf.unique_dim_provider_provider_id.2644763fc5"} */
[0m06:18:42.637773 [debug] [Thread-2 (]: SQL status: SUCCESS 1 in 0.297 seconds
[0m06:18:42.640774 [error] [Thread-2 (]: 128 of 154 FAIL 37 unique_dim_location_location_key ............................ [[31mFAIL 37[0m in 0.34s]
[0m06:18:42.641776 [debug] [Thread-2 (]: Finished running node test.raqib_sf.unique_dim_location_location_key.b5757d64b6
[0m06:18:42.643260 [debug] [Thread-2 (]: Began running node test.raqib_sf.unique_dim_provider_provider_key.b5fbec487b
[0m06:18:42.643260 [info ] [Thread-2 (]: 132 of 154 START test unique_dim_provider_provider_key ......................... [RUN]
[0m06:18:42.644641 [debug] [Thread-2 (]: Re-using an available connection from the pool (formerly test.raqib_sf.unique_dim_location_location_key.b5757d64b6, now test.raqib_sf.unique_dim_provider_provider_key.b5fbec487b)
[0m06:18:42.645645 [debug] [Thread-2 (]: Began compiling node test.raqib_sf.unique_dim_provider_provider_key.b5fbec487b
[0m06:18:42.652638 [debug] [Thread-2 (]: Writing injected SQL for node "test.raqib_sf.unique_dim_provider_provider_key.b5fbec487b"
[0m06:18:42.654643 [debug] [Thread-2 (]: Began executing node test.raqib_sf.unique_dim_provider_provider_key.b5fbec487b
[0m06:18:42.659816 [debug] [Thread-2 (]: Writing runtime sql for node "test.raqib_sf.unique_dim_provider_provider_key.b5fbec487b"
[0m06:18:42.662846 [debug] [Thread-2 (]: Using snowflake connection "test.raqib_sf.unique_dim_provider_provider_key.b5fbec487b"
[0m06:18:42.663354 [debug] [Thread-2 (]: On test.raqib_sf.unique_dim_provider_provider_key.b5fbec487b: select
      count(*) as failures,
      count(*) != 0 as should_warn,
      count(*) != 0 as should_error
    from (
      
    
  
    
    

select
    provider_key as unique_field,
    count(*) as n_records

from prod.dbt_dev_marts.dim_provider
where provider_key is not null
group by provider_key
having count(*) > 1



  
  
      
    ) dbt_internal_test
/* {"app": "dbt", "dbt_version": "1.11.7", "profile_name": "raqib_sf", "target_name": "dev", "node_id": "test.raqib_sf.unique_dim_provider_provider_key.b5fbec487b"} */
[0m06:18:42.719272 [debug] [Thread-3 (]: SQL status: SUCCESS 1 in 0.376 seconds
[0m06:18:42.723297 [error] [Thread-3 (]: 129 of 154 FAIL 115063 unique_dim_patients_patient_id .......................... [[31mFAIL 115063[0m in 0.41s]
[0m06:18:42.724260 [debug] [Thread-3 (]: Finished running node test.raqib_sf.unique_dim_patients_patient_id.77ebce32b2
[0m06:18:42.725778 [debug] [Thread-3 (]: Began running node test.raqib_sf.unique_dim_services_service_dim_key.bd9923c164
[0m06:18:42.725778 [info ] [Thread-3 (]: 133 of 154 START test unique_dim_services_service_dim_key ...................... [RUN]
[0m06:18:42.726848 [debug] [Thread-3 (]: Re-using an available connection from the pool (formerly test.raqib_sf.unique_dim_patients_patient_id.77ebce32b2, now test.raqib_sf.unique_dim_services_service_dim_key.bd9923c164)
[0m06:18:42.727845 [debug] [Thread-3 (]: Began compiling node test.raqib_sf.unique_dim_services_service_dim_key.bd9923c164
[0m06:18:42.735315 [debug] [Thread-3 (]: Writing injected SQL for node "test.raqib_sf.unique_dim_services_service_dim_key.bd9923c164"
[0m06:18:42.737440 [debug] [Thread-3 (]: Began executing node test.raqib_sf.unique_dim_services_service_dim_key.bd9923c164
[0m06:18:42.931431 [debug] [Thread-3 (]: Writing runtime sql for node "test.raqib_sf.unique_dim_services_service_dim_key.bd9923c164"
[0m06:18:42.933431 [debug] [Thread-5 (]: SQL status: SUCCESS 1 in 0.411 seconds
[0m06:18:42.937390 [error] [Thread-5 (]: 130 of 154 FAIL 115063 unique_dim_patients_patient_key ......................... [[31mFAIL 115063[0m in 0.44s]
[0m06:18:42.938383 [debug] [Thread-5 (]: Finished running node test.raqib_sf.unique_dim_patients_patient_key.a372c8896a
[0m06:18:42.940416 [debug] [Thread-3 (]: Using snowflake connection "test.raqib_sf.unique_dim_services_service_dim_key.bd9923c164"
[0m06:18:42.941434 [debug] [Thread-5 (]: Began running node test.raqib_sf.unique_dim_time_time_bk.a9656d9492
[0m06:18:42.942383 [debug] [Thread-3 (]: On test.raqib_sf.unique_dim_services_service_dim_key.bd9923c164: select
      count(*) as failures,
      count(*) != 0 as should_warn,
      count(*) != 0 as should_error
    from (
      
    
  
    
    

select
    service_dim_key as unique_field,
    count(*) as n_records

from prod.dbt_dev_marts.dim_services
where service_dim_key is not null
group by service_dim_key
having count(*) > 1



  
  
      
    ) dbt_internal_test
/* {"app": "dbt", "dbt_version": "1.11.7", "profile_name": "raqib_sf", "target_name": "dev", "node_id": "test.raqib_sf.unique_dim_services_service_dim_key.bd9923c164"} */
[0m06:18:42.943424 [info ] [Thread-5 (]: 134 of 154 START test unique_dim_time_time_bk .................................. [RUN]
[0m06:18:42.945421 [debug] [Thread-5 (]: Re-using an available connection from the pool (formerly test.raqib_sf.unique_dim_patients_patient_key.a372c8896a, now test.raqib_sf.unique_dim_time_time_bk.a9656d9492)
[0m06:18:42.946383 [debug] [Thread-5 (]: Began compiling node test.raqib_sf.unique_dim_time_time_bk.a9656d9492
[0m06:18:42.955425 [debug] [Thread-5 (]: Writing injected SQL for node "test.raqib_sf.unique_dim_time_time_bk.a9656d9492"
[0m06:18:42.958382 [debug] [Thread-4 (]: SQL status: SUCCESS 1 in 0.427 seconds
[0m06:18:42.962425 [error] [Thread-4 (]: 131 of 154 FAIL 4500 unique_dim_provider_provider_id ........................... [[31mFAIL 4500[0m in 0.45s]
[0m06:18:42.964383 [debug] [Thread-4 (]: Finished running node test.raqib_sf.unique_dim_provider_provider_id.2644763fc5
[0m06:18:42.965420 [debug] [Thread-4 (]: Began running node test.raqib_sf.unique_dim_time_time_key.d3eade6aef
[0m06:18:42.965420 [info ] [Thread-4 (]: 135 of 154 START test unique_dim_time_time_key ................................. [RUN]
[0m06:18:42.966421 [debug] [Thread-4 (]: Re-using an available connection from the pool (formerly test.raqib_sf.unique_dim_provider_provider_id.2644763fc5, now test.raqib_sf.unique_dim_time_time_key.d3eade6aef)
[0m06:18:42.967388 [debug] [Thread-5 (]: Began executing node test.raqib_sf.unique_dim_time_time_bk.a9656d9492
[0m06:18:42.968382 [debug] [Thread-4 (]: Began compiling node test.raqib_sf.unique_dim_time_time_key.d3eade6aef
[0m06:18:42.972379 [debug] [Thread-5 (]: Writing runtime sql for node "test.raqib_sf.unique_dim_time_time_bk.a9656d9492"
[0m06:18:42.978381 [debug] [Thread-4 (]: Writing injected SQL for node "test.raqib_sf.unique_dim_time_time_key.d3eade6aef"
[0m06:18:42.981651 [debug] [Thread-5 (]: Using snowflake connection "test.raqib_sf.unique_dim_time_time_bk.a9656d9492"
[0m06:18:42.982650 [debug] [Thread-4 (]: Began executing node test.raqib_sf.unique_dim_time_time_key.d3eade6aef
[0m06:18:42.983657 [debug] [Thread-5 (]: On test.raqib_sf.unique_dim_time_time_bk.a9656d9492: select
      count(*) as failures,
      count(*) != 0 as should_warn,
      count(*) != 0 as should_error
    from (
      
    
  
    
    

select
    time_bk as unique_field,
    count(*) as n_records

from prod.dbt_dev_marts.dim_time
where time_bk is not null
group by time_bk
having count(*) > 1



  
  
      
    ) dbt_internal_test
/* {"app": "dbt", "dbt_version": "1.11.7", "profile_name": "raqib_sf", "target_name": "dev", "node_id": "test.raqib_sf.unique_dim_time_time_bk.a9656d9492"} */
[0m06:18:42.988694 [debug] [Thread-4 (]: Writing runtime sql for node "test.raqib_sf.unique_dim_time_time_key.d3eade6aef"
[0m06:18:42.990665 [debug] [Thread-2 (]: SQL status: SUCCESS 1 in 0.327 seconds
[0m06:18:42.996696 [error] [Thread-2 (]: 132 of 154 FAIL 4500 unique_dim_provider_provider_key .......................... [[31mFAIL 4500[0m in 0.35s]
[0m06:18:42.998690 [debug] [Thread-2 (]: Finished running node test.raqib_sf.unique_dim_provider_provider_key.b5fbec487b
[0m06:18:42.999651 [debug] [Thread-4 (]: Using snowflake connection "test.raqib_sf.unique_dim_time_time_key.d3eade6aef"
[0m06:18:43.000730 [debug] [Thread-2 (]: Began running node test.raqib_sf.unique_fact_clinical_events_event_key.a3fb801d43
[0m06:18:43.002725 [debug] [Thread-4 (]: On test.raqib_sf.unique_dim_time_time_key.d3eade6aef: select
      count(*) as failures,
      count(*) != 0 as should_warn,
      count(*) != 0 as should_error
    from (
      
    
  
    
    

select
    time_key as unique_field,
    count(*) as n_records

from prod.dbt_dev_marts.dim_time
where time_key is not null
group by time_key
having count(*) > 1



  
  
      
    ) dbt_internal_test
/* {"app": "dbt", "dbt_version": "1.11.7", "profile_name": "raqib_sf", "target_name": "dev", "node_id": "test.raqib_sf.unique_dim_time_time_key.d3eade6aef"} */
[0m06:18:43.002725 [info ] [Thread-2 (]: 136 of 154 START test unique_fact_clinical_events_event_key .................... [RUN]
[0m06:18:43.005689 [debug] [Thread-2 (]: Re-using an available connection from the pool (formerly test.raqib_sf.unique_dim_provider_provider_key.b5fbec487b, now test.raqib_sf.unique_fact_clinical_events_event_key.a3fb801d43)
[0m06:18:43.006697 [debug] [Thread-2 (]: Began compiling node test.raqib_sf.unique_fact_clinical_events_event_key.a3fb801d43
[0m06:18:43.016745 [debug] [Thread-2 (]: Writing injected SQL for node "test.raqib_sf.unique_fact_clinical_events_event_key.a3fb801d43"
[0m06:18:43.018704 [debug] [Thread-2 (]: Began executing node test.raqib_sf.unique_fact_clinical_events_event_key.a3fb801d43
[0m06:18:43.056223 [debug] [Thread-2 (]: Writing runtime sql for node "test.raqib_sf.unique_fact_clinical_events_event_key.a3fb801d43"
[0m06:18:43.058222 [debug] [Thread-2 (]: Using snowflake connection "test.raqib_sf.unique_fact_clinical_events_event_key.a3fb801d43"
[0m06:18:43.059249 [debug] [Thread-2 (]: On test.raqib_sf.unique_fact_clinical_events_event_key.a3fb801d43: select
      count(*) as failures,
      count(*) != 0 as should_warn,
      count(*) != 0 as should_error
    from (
      
    
  
    
    

select
    event_key as unique_field,
    count(*) as n_records

from prod.dbt_dev_marts.fact_clinical_events
where event_key is not null
group by event_key
having count(*) > 1



  
  
      
    ) dbt_internal_test
/* {"app": "dbt", "dbt_version": "1.11.7", "profile_name": "raqib_sf", "target_name": "dev", "node_id": "test.raqib_sf.unique_fact_clinical_events_event_key.a3fb801d43"} */
[0m06:18:43.338088 [debug] [Thread-5 (]: SQL status: SUCCESS 1 in 0.348 seconds
[0m06:18:43.351104 [info ] [Thread-5 (]: 134 of 154 PASS unique_dim_time_time_bk ........................................ [[32mPASS[0m in 0.40s]
[0m06:18:43.355147 [debug] [Thread-5 (]: Finished running node test.raqib_sf.unique_dim_time_time_bk.a9656d9492
[0m06:18:43.357148 [debug] [Thread-5 (]: Began running node test.raqib_sf.unique_fact_encounters_admission_id.0de7d870c4
[0m06:18:43.359149 [info ] [Thread-5 (]: 137 of 154 START test unique_fact_encounters_admission_id ...................... [RUN]
[0m06:18:43.363109 [debug] [Thread-5 (]: Re-using an available connection from the pool (formerly test.raqib_sf.unique_dim_time_time_bk.a9656d9492, now test.raqib_sf.unique_fact_encounters_admission_id.0de7d870c4)
[0m06:18:43.365100 [debug] [Thread-5 (]: Began compiling node test.raqib_sf.unique_fact_encounters_admission_id.0de7d870c4
[0m06:18:43.382124 [debug] [Thread-5 (]: Writing injected SQL for node "test.raqib_sf.unique_fact_encounters_admission_id.0de7d870c4"
[0m06:18:43.385082 [debug] [Thread-5 (]: Began executing node test.raqib_sf.unique_fact_encounters_admission_id.0de7d870c4
[0m06:18:43.394963 [debug] [Thread-5 (]: Writing runtime sql for node "test.raqib_sf.unique_fact_encounters_admission_id.0de7d870c4"
[0m06:18:43.397908 [debug] [Thread-5 (]: Using snowflake connection "test.raqib_sf.unique_fact_encounters_admission_id.0de7d870c4"
[0m06:18:43.398946 [debug] [Thread-5 (]: On test.raqib_sf.unique_fact_encounters_admission_id.0de7d870c4: select
      count(*) as failures,
      count(*) != 0 as should_warn,
      count(*) != 0 as should_error
    from (
      
    
  
    
    

select
    admission_id as unique_field,
    count(*) as n_records

from prod.dbt_dev_marts.fact_encounters
where admission_id is not null
group by admission_id
having count(*) > 1



  
  
      
    ) dbt_internal_test
/* {"app": "dbt", "dbt_version": "1.11.7", "profile_name": "raqib_sf", "target_name": "dev", "node_id": "test.raqib_sf.unique_fact_encounters_admission_id.0de7d870c4"} */
[0m06:18:43.426459 [debug] [Thread-4 (]: SQL status: SUCCESS 1 in 0.423 seconds
[0m06:18:43.430458 [info ] [Thread-4 (]: 135 of 154 PASS unique_dim_time_time_key ....................................... [[32mPASS[0m in 0.46s]
[0m06:18:43.432017 [debug] [Thread-4 (]: Finished running node test.raqib_sf.unique_dim_time_time_key.d3eade6aef
[0m06:18:43.433320 [debug] [Thread-4 (]: Began running node test.raqib_sf.unique_fact_encounters_encounter_key.0c0b5b2225
[0m06:18:43.435584 [info ] [Thread-4 (]: 138 of 154 START test unique_fact_encounters_encounter_key ..................... [RUN]
[0m06:18:43.437576 [debug] [Thread-3 (]: SQL status: SUCCESS 1 in 0.494 seconds
[0m06:18:43.438534 [debug] [Thread-4 (]: Re-using an available connection from the pool (formerly test.raqib_sf.unique_dim_time_time_key.d3eade6aef, now test.raqib_sf.unique_fact_encounters_encounter_key.0c0b5b2225)
[0m06:18:43.444593 [debug] [Thread-4 (]: Began compiling node test.raqib_sf.unique_fact_encounters_encounter_key.0c0b5b2225
[0m06:18:43.443595 [error] [Thread-3 (]: 133 of 154 FAIL 32 unique_dim_services_service_dim_key ......................... [[31mFAIL 32[0m in 0.72s]
[0m06:18:43.465605 [debug] [Thread-4 (]: Writing injected SQL for node "test.raqib_sf.unique_fact_encounters_encounter_key.0c0b5b2225"
[0m06:18:43.468609 [debug] [Thread-3 (]: Finished running node test.raqib_sf.unique_dim_services_service_dim_key.bd9923c164
[0m06:18:43.471623 [debug] [Thread-3 (]: Began running node test.raqib_sf.unique_fact_lab_results_lab_event_key.0942015834
[0m06:18:43.475616 [info ] [Thread-3 (]: 139 of 154 START test unique_fact_lab_results_lab_event_key .................... [RUN]
[0m06:18:43.479562 [debug] [Thread-3 (]: Re-using an available connection from the pool (formerly test.raqib_sf.unique_dim_services_service_dim_key.bd9923c164, now test.raqib_sf.unique_fact_lab_results_lab_event_key.0942015834)
[0m06:18:43.482548 [debug] [Thread-3 (]: Began compiling node test.raqib_sf.unique_fact_lab_results_lab_event_key.0942015834
[0m06:18:43.484609 [debug] [Thread-4 (]: Began executing node test.raqib_sf.unique_fact_encounters_encounter_key.0c0b5b2225
[0m06:18:43.506895 [debug] [Thread-3 (]: Writing injected SQL for node "test.raqib_sf.unique_fact_lab_results_lab_event_key.0942015834"
[0m06:18:43.520447 [debug] [Thread-4 (]: Writing runtime sql for node "test.raqib_sf.unique_fact_encounters_encounter_key.0c0b5b2225"
[0m06:18:43.526468 [debug] [Thread-4 (]: Using snowflake connection "test.raqib_sf.unique_fact_encounters_encounter_key.0c0b5b2225"
[0m06:18:43.527479 [debug] [Thread-4 (]: On test.raqib_sf.unique_fact_encounters_encounter_key.0c0b5b2225: select
      count(*) as failures,
      count(*) != 0 as should_warn,
      count(*) != 0 as should_error
    from (
      
    
  
    
    

select
    encounter_key as unique_field,
    count(*) as n_records

from prod.dbt_dev_marts.fact_encounters
where encounter_key is not null
group by encounter_key
having count(*) > 1



  
  
      
    ) dbt_internal_test
/* {"app": "dbt", "dbt_version": "1.11.7", "profile_name": "raqib_sf", "target_name": "dev", "node_id": "test.raqib_sf.unique_fact_encounters_encounter_key.0c0b5b2225"} */
[0m06:18:43.529868 [debug] [Thread-3 (]: Began executing node test.raqib_sf.unique_fact_lab_results_lab_event_key.0942015834
[0m06:18:43.538420 [debug] [Thread-3 (]: Writing runtime sql for node "test.raqib_sf.unique_fact_lab_results_lab_event_key.0942015834"
[0m06:18:43.540765 [debug] [Thread-3 (]: Using snowflake connection "test.raqib_sf.unique_fact_lab_results_lab_event_key.0942015834"
[0m06:18:43.542205 [debug] [Thread-3 (]: On test.raqib_sf.unique_fact_lab_results_lab_event_key.0942015834: select
      count(*) as failures,
      count(*) != 0 as should_warn,
      count(*) != 0 as should_error
    from (
      
    
  
    
    

select
    lab_event_key as unique_field,
    count(*) as n_records

from prod.dbt_dev_marts.fact_lab_results
where lab_event_key is not null
group by lab_event_key
having count(*) > 1



  
  
      
    ) dbt_internal_test
/* {"app": "dbt", "dbt_version": "1.11.7", "profile_name": "raqib_sf", "target_name": "dev", "node_id": "test.raqib_sf.unique_fact_lab_results_lab_event_key.0942015834"} */
[0m06:18:43.587108 [debug] [Thread-2 (]: SQL status: SUCCESS 1 in 0.527 seconds
[0m06:18:43.590115 [info ] [Thread-2 (]: 136 of 154 PASS unique_fact_clinical_events_event_key .......................... [[32mPASS[0m in 0.58s]
[0m06:18:43.592064 [debug] [Thread-2 (]: Finished running node test.raqib_sf.unique_fact_clinical_events_event_key.a3fb801d43
[0m06:18:43.593067 [debug] [Thread-2 (]: Began running node test.raqib_sf.unique_fact_patient_finances_patient_key.2fcd7fc5a0
[0m06:18:43.594469 [info ] [Thread-2 (]: 140 of 154 START test unique_fact_patient_finances_patient_key ................. [RUN]
[0m06:18:43.595892 [debug] [Thread-2 (]: Re-using an available connection from the pool (formerly test.raqib_sf.unique_fact_clinical_events_event_key.a3fb801d43, now test.raqib_sf.unique_fact_patient_finances_patient_key.2fcd7fc5a0)
[0m06:18:43.596917 [debug] [Thread-2 (]: Began compiling node test.raqib_sf.unique_fact_patient_finances_patient_key.2fcd7fc5a0
[0m06:18:43.604991 [debug] [Thread-2 (]: Writing injected SQL for node "test.raqib_sf.unique_fact_patient_finances_patient_key.2fcd7fc5a0"
[0m06:18:43.609360 [debug] [Thread-2 (]: Began executing node test.raqib_sf.unique_fact_patient_finances_patient_key.2fcd7fc5a0
[0m06:18:43.615682 [debug] [Thread-2 (]: Writing runtime sql for node "test.raqib_sf.unique_fact_patient_finances_patient_key.2fcd7fc5a0"
[0m06:18:43.620422 [debug] [Thread-2 (]: Using snowflake connection "test.raqib_sf.unique_fact_patient_finances_patient_key.2fcd7fc5a0"
[0m06:18:43.622384 [debug] [Thread-2 (]: On test.raqib_sf.unique_fact_patient_finances_patient_key.2fcd7fc5a0: select
      count(*) as failures,
      count(*) != 0 as should_warn,
      count(*) != 0 as should_error
    from (
      
    
  
    
    

select
    patient_key as unique_field,
    count(*) as n_records

from prod.dbt_dev_marts.fact_patient_finances
where patient_key is not null
group by patient_key
having count(*) > 1



  
  
      
    ) dbt_internal_test
/* {"app": "dbt", "dbt_version": "1.11.7", "profile_name": "raqib_sf", "target_name": "dev", "node_id": "test.raqib_sf.unique_fact_patient_finances_patient_key.2fcd7fc5a0"} */
[0m06:18:44.077831 [debug] [Thread-2 (]: SQL status: SUCCESS 1 in 0.454 seconds
[0m06:18:44.089830 [info ] [Thread-2 (]: 140 of 154 PASS unique_fact_patient_finances_patient_key ....................... [[32mPASS[0m in 0.49s]
[0m06:18:44.093830 [debug] [Thread-2 (]: Finished running node test.raqib_sf.unique_fact_patient_finances_patient_key.2fcd7fc5a0
[0m06:18:44.095826 [debug] [Thread-2 (]: Began running node test.raqib_sf.unique_fact_patient_services_service_key.8351a52a45
[0m06:18:44.097826 [info ] [Thread-2 (]: 141 of 154 START test unique_fact_patient_services_service_key ................. [RUN]
[0m06:18:44.100821 [debug] [Thread-2 (]: Re-using an available connection from the pool (formerly test.raqib_sf.unique_fact_patient_finances_patient_key.2fcd7fc5a0, now test.raqib_sf.unique_fact_patient_services_service_key.8351a52a45)
[0m06:18:44.102850 [debug] [Thread-2 (]: Began compiling node test.raqib_sf.unique_fact_patient_services_service_key.8351a52a45
[0m06:18:44.122879 [debug] [Thread-2 (]: Writing injected SQL for node "test.raqib_sf.unique_fact_patient_services_service_key.8351a52a45"
[0m06:18:44.130960 [debug] [Thread-5 (]: SQL status: SUCCESS 1 in 0.731 seconds
[0m06:18:44.136024 [error] [Thread-5 (]: 137 of 154 FAIL 5634706 unique_fact_encounters_admission_id .................... [[31mFAIL 5634706[0m in 0.77s]
[0m06:18:44.139020 [debug] [Thread-5 (]: Finished running node test.raqib_sf.unique_fact_encounters_admission_id.0de7d870c4
[0m06:18:44.140015 [debug] [Thread-2 (]: Began executing node test.raqib_sf.unique_fact_patient_services_service_key.8351a52a45
[0m06:18:44.141021 [debug] [Thread-5 (]: Began running node test.raqib_sf.unique_fact_providers_performance_provider_id.f0d9e72931
[0m06:18:44.149616 [debug] [Thread-2 (]: Writing runtime sql for node "test.raqib_sf.unique_fact_patient_services_service_key.8351a52a45"
[0m06:18:44.150614 [info ] [Thread-5 (]: 142 of 154 START test unique_fact_providers_performance_provider_id ............ [RUN]
[0m06:18:44.152578 [debug] [Thread-5 (]: Re-using an available connection from the pool (formerly test.raqib_sf.unique_fact_encounters_admission_id.0de7d870c4, now test.raqib_sf.unique_fact_providers_performance_provider_id.f0d9e72931)
[0m06:18:44.153561 [debug] [Thread-5 (]: Began compiling node test.raqib_sf.unique_fact_providers_performance_provider_id.f0d9e72931
[0m06:18:44.162770 [debug] [Thread-5 (]: Writing injected SQL for node "test.raqib_sf.unique_fact_providers_performance_provider_id.f0d9e72931"
[0m06:18:44.165769 [debug] [Thread-3 (]: SQL status: SUCCESS 1 in 0.622 seconds
[0m06:18:44.170761 [debug] [Thread-2 (]: Using snowflake connection "test.raqib_sf.unique_fact_patient_services_service_key.8351a52a45"
[0m06:18:44.168769 [info ] [Thread-3 (]: 139 of 154 PASS unique_fact_lab_results_lab_event_key .......................... [[32mPASS[0m in 0.69s]
[0m06:18:44.171760 [debug] [Thread-2 (]: On test.raqib_sf.unique_fact_patient_services_service_key.8351a52a45: select
      count(*) as failures,
      count(*) != 0 as should_warn,
      count(*) != 0 as should_error
    from (
      
    
  
    
    

select
    service_key as unique_field,
    count(*) as n_records

from prod.dbt_dev_marts.fact_patient_services
where service_key is not null
group by service_key
having count(*) > 1



  
  
      
    ) dbt_internal_test
/* {"app": "dbt", "dbt_version": "1.11.7", "profile_name": "raqib_sf", "target_name": "dev", "node_id": "test.raqib_sf.unique_fact_patient_services_service_key.8351a52a45"} */
[0m06:18:44.172769 [debug] [Thread-3 (]: Finished running node test.raqib_sf.unique_fact_lab_results_lab_event_key.0942015834
[0m06:18:44.174761 [debug] [Thread-5 (]: Began executing node test.raqib_sf.unique_fact_providers_performance_provider_id.f0d9e72931
[0m06:18:44.175803 [debug] [Thread-3 (]: Began running node test.raqib_sf.unique_fact_providers_performance_provider_performance_key.c392963522
[0m06:18:44.180799 [debug] [Thread-5 (]: Writing runtime sql for node "test.raqib_sf.unique_fact_providers_performance_provider_id.f0d9e72931"
[0m06:18:44.181800 [info ] [Thread-3 (]: 143 of 154 START test unique_fact_providers_performance_provider_performance_key  [RUN]
[0m06:18:44.182762 [debug] [Thread-3 (]: Re-using an available connection from the pool (formerly test.raqib_sf.unique_fact_lab_results_lab_event_key.0942015834, now test.raqib_sf.unique_fact_providers_performance_provider_performance_key.c392963522)
[0m06:18:44.183761 [debug] [Thread-3 (]: Began compiling node test.raqib_sf.unique_fact_providers_performance_provider_performance_key.c392963522
[0m06:18:44.190397 [debug] [Thread-3 (]: Writing injected SQL for node "test.raqib_sf.unique_fact_providers_performance_provider_performance_key.c392963522"
[0m06:18:44.192498 [debug] [Thread-5 (]: Using snowflake connection "test.raqib_sf.unique_fact_providers_performance_provider_id.f0d9e72931"
[0m06:18:44.193725 [debug] [Thread-5 (]: On test.raqib_sf.unique_fact_providers_performance_provider_id.f0d9e72931: select
      count(*) as failures,
      count(*) != 0 as should_warn,
      count(*) != 0 as should_error
    from (
      
    
  
    
    

select
    provider_id as unique_field,
    count(*) as n_records

from prod.dbt_dev_marts.fact_providers_performance
where provider_id is not null
group by provider_id
having count(*) > 1



  
  
      
    ) dbt_internal_test
/* {"app": "dbt", "dbt_version": "1.11.7", "profile_name": "raqib_sf", "target_name": "dev", "node_id": "test.raqib_sf.unique_fact_providers_performance_provider_id.f0d9e72931"} */
[0m06:18:44.194758 [debug] [Thread-3 (]: Began executing node test.raqib_sf.unique_fact_providers_performance_provider_performance_key.c392963522
[0m06:18:44.198735 [debug] [Thread-3 (]: Writing runtime sql for node "test.raqib_sf.unique_fact_providers_performance_provider_performance_key.c392963522"
[0m06:18:44.200756 [debug] [Thread-3 (]: Using snowflake connection "test.raqib_sf.unique_fact_providers_performance_provider_performance_key.c392963522"
[0m06:18:44.201719 [debug] [Thread-3 (]: On test.raqib_sf.unique_fact_providers_performance_provider_performance_key.c392963522: select
      count(*) as failures,
      count(*) != 0 as should_warn,
      count(*) != 0 as should_error
    from (
      
    
  
    
    

select
    provider_performance_key as unique_field,
    count(*) as n_records

from prod.dbt_dev_marts.fact_providers_performance
where provider_performance_key is not null
group by provider_performance_key
having count(*) > 1



  
  
      
    ) dbt_internal_test
/* {"app": "dbt", "dbt_version": "1.11.7", "profile_name": "raqib_sf", "target_name": "dev", "node_id": "test.raqib_sf.unique_fact_providers_performance_provider_performance_key.c392963522"} */
[0m06:18:44.476025 [debug] [Thread-3 (]: SQL status: SUCCESS 1 in 0.274 seconds
[0m06:18:44.478326 [debug] [Thread-5 (]: SQL status: SUCCESS 1 in 0.284 seconds
[0m06:18:44.480610 [info ] [Thread-3 (]: 143 of 154 PASS unique_fact_providers_performance_provider_performance_key ..... [[32mPASS[0m in 0.30s]
[0m06:18:44.485549 [info ] [Thread-5 (]: 142 of 154 PASS unique_fact_providers_performance_provider_id .................. [[32mPASS[0m in 0.33s]
[0m06:18:44.486548 [debug] [Thread-3 (]: Finished running node test.raqib_sf.unique_fact_providers_performance_provider_performance_key.c392963522
[0m06:18:44.487548 [debug] [Thread-5 (]: Finished running node test.raqib_sf.unique_fact_providers_performance_provider_id.f0d9e72931
[0m06:18:44.487548 [debug] [Thread-3 (]: Began running node test.raqib_sf.unique_fact_transfers_transfer_key.a2c7c0a7d7
[0m06:18:44.488548 [debug] [Thread-5 (]: Began running node test.raqib_sf.unique_stg_admissions_admission_id.bc99100827
[0m06:18:44.489547 [info ] [Thread-3 (]: 144 of 154 START test unique_fact_transfers_transfer_key ....................... [RUN]
[0m06:18:44.490548 [debug] [Thread-3 (]: Re-using an available connection from the pool (formerly test.raqib_sf.unique_fact_providers_performance_provider_performance_key.c392963522, now test.raqib_sf.unique_fact_transfers_transfer_key.a2c7c0a7d7)
[0m06:18:44.491550 [debug] [Thread-3 (]: Began compiling node test.raqib_sf.unique_fact_transfers_transfer_key.a2c7c0a7d7
[0m06:18:44.489547 [info ] [Thread-5 (]: 145 of 154 START test unique_stg_admissions_admission_id ....................... [RUN]
[0m06:18:44.498555 [debug] [Thread-3 (]: Writing injected SQL for node "test.raqib_sf.unique_fact_transfers_transfer_key.a2c7c0a7d7"
[0m06:18:44.499555 [debug] [Thread-5 (]: Re-using an available connection from the pool (formerly test.raqib_sf.unique_fact_providers_performance_provider_id.f0d9e72931, now test.raqib_sf.unique_stg_admissions_admission_id.bc99100827)
[0m06:18:44.500589 [debug] [Thread-5 (]: Began compiling node test.raqib_sf.unique_stg_admissions_admission_id.bc99100827
[0m06:18:44.506817 [debug] [Thread-5 (]: Writing injected SQL for node "test.raqib_sf.unique_stg_admissions_admission_id.bc99100827"
[0m06:18:44.508784 [debug] [Thread-3 (]: Began executing node test.raqib_sf.unique_fact_transfers_transfer_key.a2c7c0a7d7
[0m06:18:44.512927 [debug] [Thread-3 (]: Writing runtime sql for node "test.raqib_sf.unique_fact_transfers_transfer_key.a2c7c0a7d7"
[0m06:18:44.513961 [debug] [Thread-5 (]: Began executing node test.raqib_sf.unique_stg_admissions_admission_id.bc99100827
[0m06:18:44.518980 [debug] [Thread-5 (]: Writing runtime sql for node "test.raqib_sf.unique_stg_admissions_admission_id.bc99100827"
[0m06:18:44.520982 [debug] [Thread-3 (]: Using snowflake connection "test.raqib_sf.unique_fact_transfers_transfer_key.a2c7c0a7d7"
[0m06:18:44.522017 [debug] [Thread-3 (]: On test.raqib_sf.unique_fact_transfers_transfer_key.a2c7c0a7d7: select
      count(*) as failures,
      count(*) != 0 as should_warn,
      count(*) != 0 as should_error
    from (
      
    
  
    
    

select
    transfer_key as unique_field,
    count(*) as n_records

from prod.dbt_dev_marts.fact_transfers
where transfer_key is not null
group by transfer_key
having count(*) > 1



  
  
      
    ) dbt_internal_test
/* {"app": "dbt", "dbt_version": "1.11.7", "profile_name": "raqib_sf", "target_name": "dev", "node_id": "test.raqib_sf.unique_fact_transfers_transfer_key.a2c7c0a7d7"} */
[0m06:18:44.524983 [debug] [Thread-5 (]: Using snowflake connection "test.raqib_sf.unique_stg_admissions_admission_id.bc99100827"
[0m06:18:44.526339 [debug] [Thread-5 (]: On test.raqib_sf.unique_stg_admissions_admission_id.bc99100827: select
      count(*) as failures,
      count(*) != 0 as should_warn,
      count(*) != 0 as should_error
    from (
      
    
  
    
    

with __dbt__cte__stg_admissions as (
WITH raw_admissions AS (
    SELECT * 
    FROM raw.public.admissions
)

SELECT 
    admission_id,
    patient_id,
    admission_provider_id                                       AS provider_id,
    CAST(ADMISSION_DATETIME_IN AS TIMESTAMP)                    AS admitted_at,
    CAST(ADMISSION_DATETIME_OUT AS TIMESTAMP)                   AS discharged_at,
    UPPER(LEFT(admission_type, 1)) 
        || LOWER(SUBSTR(admission_type, 2))                     AS admission_type,
    admission_location,
    discharge_location,
    INITCAP(insurance_type)                                     AS insurance_type,
    total_cost,
    payer_coverage,
    hospital_expire_flag,
    primary_sdk
FROM raw_admissions
) select
    admission_id as unique_field,
    count(*) as n_records

from __dbt__cte__stg_admissions
where admission_id is not null
group by admission_id
having count(*) > 1



  
  
      
    ) dbt_internal_test
/* {"app": "dbt", "dbt_version": "1.11.7", "profile_name": "raqib_sf", "target_name": "dev", "node_id": "test.raqib_sf.unique_stg_admissions_admission_id.bc99100827"} */
[0m06:18:44.703986 [debug] [Thread-4 (]: SQL status: SUCCESS 1 in 1.173 seconds
[0m06:18:44.712988 [error] [Thread-4 (]: 138 of 154 FAIL 5634706 unique_fact_encounters_encounter_key ................... [[31mFAIL 5634706[0m in 1.27s]
[0m06:18:44.715985 [debug] [Thread-4 (]: Finished running node test.raqib_sf.unique_fact_encounters_encounter_key.0c0b5b2225
[0m06:18:44.718987 [debug] [Thread-4 (]: Began running node test.raqib_sf.unique_stg_diagnosis_diagnosis_id.a29b3b9adb
[0m06:18:44.719985 [info ] [Thread-4 (]: 146 of 154 START test unique_stg_diagnosis_diagnosis_id ........................ [RUN]
[0m06:18:44.721987 [debug] [Thread-4 (]: Re-using an available connection from the pool (formerly test.raqib_sf.unique_fact_encounters_encounter_key.0c0b5b2225, now test.raqib_sf.unique_stg_diagnosis_diagnosis_id.a29b3b9adb)
[0m06:18:44.724986 [debug] [Thread-4 (]: Began compiling node test.raqib_sf.unique_stg_diagnosis_diagnosis_id.a29b3b9adb
[0m06:18:44.749755 [debug] [Thread-4 (]: Writing injected SQL for node "test.raqib_sf.unique_stg_diagnosis_diagnosis_id.a29b3b9adb"
[0m06:18:44.752755 [debug] [Thread-4 (]: Began executing node test.raqib_sf.unique_stg_diagnosis_diagnosis_id.a29b3b9adb
[0m06:18:44.759267 [debug] [Thread-4 (]: Writing runtime sql for node "test.raqib_sf.unique_stg_diagnosis_diagnosis_id.a29b3b9adb"
[0m06:18:44.763269 [debug] [Thread-4 (]: Using snowflake connection "test.raqib_sf.unique_stg_diagnosis_diagnosis_id.a29b3b9adb"
[0m06:18:44.764269 [debug] [Thread-4 (]: On test.raqib_sf.unique_stg_diagnosis_diagnosis_id.a29b3b9adb: select
      count(*) as failures,
      count(*) != 0 as should_warn,
      count(*) != 0 as should_error
    from (
      
    
  
    
    

with __dbt__cte__stg_diagnosis as (
WITH raw_diagnosis AS (
    SELECT * 
    FROM raw.public.diagnosis
)

SELECT 
    diagnosis_id,
    patient_id,
    admission_id,
    provider_id,
    sub_domain_key,
    TRIM(REGEXP_REPLACE(description, '\\s*\\([^)]+\\)', '')) AS description,
    REGEXP_SUBSTR(description, '\\(([^)]+)\\)', 1, 1, 'e', 1) AS description_type,
    TRIM(SPLIT_PART(REGEXP_REPLACE(SPLIT_PART(sub_domain, ' – ', 2), '\\s*/\\s*', ' & '), ' & ', 1)) AS domain,
    NULLIF(TRIM(SPLIT_PART(REGEXP_REPLACE(SPLIT_PART(sub_domain, ' – ', 2), '\\s*/\\s*', ' & '), ' & ', 2)), '') AS sub_domain
FROM raw_diagnosis
) select
    diagnosis_id as unique_field,
    count(*) as n_records

from __dbt__cte__stg_diagnosis
where diagnosis_id is not null
group by diagnosis_id
having count(*) > 1



  
  
      
    ) dbt_internal_test
/* {"app": "dbt", "dbt_version": "1.11.7", "profile_name": "raqib_sf", "target_name": "dev", "node_id": "test.raqib_sf.unique_stg_diagnosis_diagnosis_id.a29b3b9adb"} */
[0m06:18:45.011631 [debug] [Thread-3 (]: SQL status: SUCCESS 1 in 0.489 seconds
[0m06:18:45.020994 [error] [Thread-3 (]: 144 of 154 FAIL 119591 unique_fact_transfers_transfer_key ...................... [[31mFAIL 119591[0m in 0.53s]
[0m06:18:45.023984 [debug] [Thread-3 (]: Finished running node test.raqib_sf.unique_fact_transfers_transfer_key.a2c7c0a7d7
[0m06:18:45.026980 [debug] [Thread-3 (]: Began running node test.raqib_sf.unique_stg_drugs_drug_id.c03d170dd6
[0m06:18:45.029989 [info ] [Thread-3 (]: 147 of 154 START test unique_stg_drugs_drug_id ................................. [RUN]
[0m06:18:45.033397 [debug] [Thread-3 (]: Re-using an available connection from the pool (formerly test.raqib_sf.unique_fact_transfers_transfer_key.a2c7c0a7d7, now test.raqib_sf.unique_stg_drugs_drug_id.c03d170dd6)
[0m06:18:45.036086 [debug] [Thread-3 (]: Began compiling node test.raqib_sf.unique_stg_drugs_drug_id.c03d170dd6
[0m06:18:45.055528 [debug] [Thread-3 (]: Writing injected SQL for node "test.raqib_sf.unique_stg_drugs_drug_id.c03d170dd6"
[0m06:18:45.058052 [debug] [Thread-3 (]: Began executing node test.raqib_sf.unique_stg_drugs_drug_id.c03d170dd6
[0m06:18:45.062374 [debug] [Thread-3 (]: Writing runtime sql for node "test.raqib_sf.unique_stg_drugs_drug_id.c03d170dd6"
[0m06:18:45.067005 [debug] [Thread-3 (]: Using snowflake connection "test.raqib_sf.unique_stg_drugs_drug_id.c03d170dd6"
[0m06:18:45.068013 [debug] [Thread-3 (]: On test.raqib_sf.unique_stg_drugs_drug_id.c03d170dd6: select
      count(*) as failures,
      count(*) != 0 as should_warn,
      count(*) != 0 as should_error
    from (
      
    
  
    
    

with __dbt__cte__stg_drugs as (
with raw_drugs as (
    select * 
    from raw.public.drugs
)

select 
    drug_id,
    case 
        when brand_name is not null then initcap(brand_name)
        when brand_name is null and generic_name ilike 'Atropine Sulfate Injection%' then 'AtroPen'
        when brand_name is null and generic_name ilike 'Midazolam Injection%' then 'Versed'
        when brand_name is null and generic_name = 'Tadalafil' then 'Cialis'
    end as brand_name,
    case 
        when generic_name is not null then initcap(generic_name) 
        when generic_name is null then brand_name
    end as generic_name,
    initcap(route) as route,
    indications,
    dosage,
    contraindications,
    side_effects,
    warnings,
    has_contraindications,
    has_side_effects
    
from raw_drugs
) select
    drug_id as unique_field,
    count(*) as n_records

from __dbt__cte__stg_drugs
where drug_id is not null
group by drug_id
having count(*) > 1



  
  
      
    ) dbt_internal_test
/* {"app": "dbt", "dbt_version": "1.11.7", "profile_name": "raqib_sf", "target_name": "dev", "node_id": "test.raqib_sf.unique_stg_drugs_drug_id.c03d170dd6"} */
[0m06:18:45.391422 [debug] [Thread-4 (]: SQL status: SUCCESS 1 in 0.626 seconds
[0m06:18:45.394417 [info ] [Thread-4 (]: 146 of 154 PASS unique_stg_diagnosis_diagnosis_id .............................. [[32mPASS[0m in 0.67s]
[0m06:18:45.395418 [debug] [Thread-4 (]: Finished running node test.raqib_sf.unique_stg_diagnosis_diagnosis_id.a29b3b9adb
[0m06:18:45.396464 [debug] [Thread-4 (]: Began running node test.raqib_sf.unique_stg_lab_events_lab_event_id.92c4b0ae62
[0m06:18:45.397465 [info ] [Thread-4 (]: 148 of 154 START test unique_stg_lab_events_lab_event_id ....................... [RUN]
[0m06:18:45.398424 [debug] [Thread-4 (]: Re-using an available connection from the pool (formerly test.raqib_sf.unique_stg_diagnosis_diagnosis_id.a29b3b9adb, now test.raqib_sf.unique_stg_lab_events_lab_event_id.92c4b0ae62)
[0m06:18:45.399461 [debug] [Thread-4 (]: Began compiling node test.raqib_sf.unique_stg_lab_events_lab_event_id.92c4b0ae62
[0m06:18:45.411798 [debug] [Thread-4 (]: Writing injected SQL for node "test.raqib_sf.unique_stg_lab_events_lab_event_id.92c4b0ae62"
[0m06:18:45.414763 [debug] [Thread-5 (]: SQL status: SUCCESS 1 in 0.888 seconds
[0m06:18:45.418802 [info ] [Thread-5 (]: 145 of 154 PASS unique_stg_admissions_admission_id ............................. [[32mPASS[0m in 0.92s]
[0m06:18:45.419800 [debug] [Thread-5 (]: Finished running node test.raqib_sf.unique_stg_admissions_admission_id.bc99100827
[0m06:18:45.420762 [debug] [Thread-4 (]: Began executing node test.raqib_sf.unique_stg_lab_events_lab_event_id.92c4b0ae62
[0m06:18:45.422761 [debug] [Thread-5 (]: Began running node test.raqib_sf.unique_stg_lab_specimen_types_item_id.58c14657de
[0m06:18:45.427805 [debug] [Thread-4 (]: Writing runtime sql for node "test.raqib_sf.unique_stg_lab_events_lab_event_id.92c4b0ae62"
[0m06:18:45.428806 [debug] [Thread-2 (]: SQL status: SUCCESS 1 in 1.255 seconds
[0m06:18:45.429808 [info ] [Thread-5 (]: 149 of 154 START test unique_stg_lab_specimen_types_item_id .................... [RUN]
[0m06:18:45.435045 [error] [Thread-2 (]: 141 of 154 FAIL 1493786 unique_fact_patient_services_service_key ............... [[31mFAIL 1493786[0m in 1.34s]
[0m06:18:45.436083 [debug] [Thread-5 (]: Re-using an available connection from the pool (formerly test.raqib_sf.unique_stg_admissions_admission_id.bc99100827, now test.raqib_sf.unique_stg_lab_specimen_types_item_id.58c14657de)
[0m06:18:45.438083 [debug] [Thread-2 (]: Finished running node test.raqib_sf.unique_fact_patient_services_service_key.8351a52a45
[0m06:18:45.439040 [debug] [Thread-5 (]: Began compiling node test.raqib_sf.unique_stg_lab_specimen_types_item_id.58c14657de
[0m06:18:45.441136 [debug] [Thread-4 (]: Using snowflake connection "test.raqib_sf.unique_stg_lab_events_lab_event_id.92c4b0ae62"
[0m06:18:45.442135 [debug] [Thread-2 (]: Began running node test.raqib_sf.unique_stg_patients_patient_id.8907d3ccf0
[0m06:18:45.454190 [debug] [Thread-5 (]: Writing injected SQL for node "test.raqib_sf.unique_stg_lab_specimen_types_item_id.58c14657de"
[0m06:18:45.454190 [debug] [Thread-4 (]: On test.raqib_sf.unique_stg_lab_events_lab_event_id.92c4b0ae62: select
      count(*) as failures,
      count(*) != 0 as should_warn,
      count(*) != 0 as should_error
    from (
      
    
  
    
    

with __dbt__cte__stg_lab_events as (
WITH raw_lab_events AS (

    SELECT *
    FROM raw.public.lab_events

)

SELECT
    lab_event_id,
    patient_id,
    admission_id,
    specimen_id,
    item_id,
    provider_id,
    CAST(done_datetime AS TIMESTAMP)    AS lab_done_at,
    CAST(stored_datetime AS TIMESTAMP)  AS lab_stored_at,
    TRY_CAST(value AS FLOAT) AS result_value,
    TRIM(measurement_unit) AS measurement_unit,
    TRY_CAST(range_lower AS FLOAT) AS range_lower,
    TRY_CAST(range_higher AS FLOAT) AS range_higher,
    TRIM(abnormal_flag) AS abnormal_flag,
    TRY_CAST(cost AS FLOAT) AS cost

FROM raw_lab_events 

--  CONVERT_TIMEZONE('UTC', done_datetime::TIMESTAMP_TZ)    AS lab_done_at,
--     CONVERT_TIMEZONE('UTC', stored_datetime::TIMESTAMP_TZ)  AS lab_stored_at,
) select
    lab_event_id as unique_field,
    count(*) as n_records

from __dbt__cte__stg_lab_events
where lab_event_id is not null
group by lab_event_id
having count(*) > 1



  
  
      
    ) dbt_internal_test
/* {"app": "dbt", "dbt_version": "1.11.7", "profile_name": "raqib_sf", "target_name": "dev", "node_id": "test.raqib_sf.unique_stg_lab_events_lab_event_id.92c4b0ae62"} */
[0m06:18:45.455742 [info ] [Thread-2 (]: 150 of 154 START test unique_stg_patients_patient_id ........................... [RUN]
[0m06:18:45.457799 [debug] [Thread-2 (]: Re-using an available connection from the pool (formerly test.raqib_sf.unique_fact_patient_services_service_key.8351a52a45, now test.raqib_sf.unique_stg_patients_patient_id.8907d3ccf0)
[0m06:18:45.458798 [debug] [Thread-2 (]: Began compiling node test.raqib_sf.unique_stg_patients_patient_id.8907d3ccf0
[0m06:18:45.473796 [debug] [Thread-2 (]: Writing injected SQL for node "test.raqib_sf.unique_stg_patients_patient_id.8907d3ccf0"
[0m06:18:45.474798 [debug] [Thread-5 (]: Began executing node test.raqib_sf.unique_stg_lab_specimen_types_item_id.58c14657de
[0m06:18:45.481763 [debug] [Thread-5 (]: Writing runtime sql for node "test.raqib_sf.unique_stg_lab_specimen_types_item_id.58c14657de"
[0m06:18:45.484756 [debug] [Thread-2 (]: Began executing node test.raqib_sf.unique_stg_patients_patient_id.8907d3ccf0
[0m06:18:45.488806 [debug] [Thread-5 (]: Using snowflake connection "test.raqib_sf.unique_stg_lab_specimen_types_item_id.58c14657de"
[0m06:18:45.495808 [debug] [Thread-2 (]: Writing runtime sql for node "test.raqib_sf.unique_stg_patients_patient_id.8907d3ccf0"
[0m06:18:45.496819 [debug] [Thread-5 (]: On test.raqib_sf.unique_stg_lab_specimen_types_item_id.58c14657de: select
      count(*) as failures,
      count(*) != 0 as should_warn,
      count(*) != 0 as should_error
    from (
      
    
  
    
    

with __dbt__cte__stg_lab_specimen_types as (
WITH raw_lab_specimen_types AS (
    SELECT *
    FROM raw.public.lab_specimen_types
)

SELECT 
    itemid AS item_id,
    CASE 
        WHEN CONTAINS(label, '(') THEN TRIM(SPLIT_PART(label, '(', 1))
        ELSE label
    END AS label,
    CASE 
        WHEN CONTAINS(label, '(') THEN TRIM(REPLACE(SPLIT_PART(label, '(', 2), ')', ''))
        ELSE NULL
    END AS label_sub_type,
    fluid,
    CASE 
        WHEN CONTAINS(category, '–') THEN TRIM(SPLIT_PART(category, '–', 1))
        ELSE category
    END AS category_type,
    CASE   
        WHEN CONTAINS(category, '–') THEN TRIM(SPLIT_PART(category, '–', 2))
        ELSE NULL
    END AS category_sub_type,
    sub_domain_key,
    TRIM(SPLIT_PART(REGEXP_REPLACE(specialty, '\\s*/\\s*', ' & '), ' & ', 1)) AS specialty_1,
    NULLIF(TRIM(SPLIT_PART(REGEXP_REPLACE(specialty, '\\s*/\\s*', ' & '), ' & ', 2)), '') AS specialty_2,
    
FROM raw_lab_specimen_types
) select
    item_id as unique_field,
    count(*) as n_records

from __dbt__cte__stg_lab_specimen_types
where item_id is not null
group by item_id
having count(*) > 1



  
  
      
    ) dbt_internal_test
/* {"app": "dbt", "dbt_version": "1.11.7", "profile_name": "raqib_sf", "target_name": "dev", "node_id": "test.raqib_sf.unique_stg_lab_specimen_types_item_id.58c14657de"} */
[0m06:18:45.511816 [debug] [Thread-2 (]: Using snowflake connection "test.raqib_sf.unique_stg_patients_patient_id.8907d3ccf0"
[0m06:18:45.513819 [debug] [Thread-2 (]: On test.raqib_sf.unique_stg_patients_patient_id.8907d3ccf0: select
      count(*) as failures,
      count(*) != 0 as should_warn,
      count(*) != 0 as should_error
    from (
      
    
  
    
    

with __dbt__cte__stg_patients as (
WITH raw_patients AS (
    SELECT *
    FROM raw.public.patients
)

SELECT 
    patient_id,
    ssn,
    INITCAP(first_name || ' ' || last_name) AS full_name,
    birthdate::DATE AS birthdate,
    YEAR(birthdate::DATE) AS birth_year,
    deathdate::DATE AS deathdate,
    CASE 
        WHEN deathdate IS NOT NULL THEN TRUE
        ELSE FALSE
    END AS is_dead,
    blood_type,
    CASE 
        WHEN marital = 'S' THEN 'Single'
        WHEN marital = 'M' THEN 'Married'
        WHEN marital = 'D' THEN 'Divorced'
        WHEN marital = 'W' THEN 'Widowed'
    END AS marital_status,
    INITCAP(REPLACE(race, '/', ' / ')) AS race,
    CASE
        WHEN UPPER(TRIM(ethnicity)) IN ('HISPANIC', 'HISPANIC OR LATINO')
            THEN 'Hispanic or Latino'
        WHEN UPPER(TRIM(ethnicity)) IN ('NONHISPANIC', 'NOT HISPANIC OR LATINO')
            THEN 'Not Hispanic or Latino'
        ELSE 'Unknown'
    END AS ethnicity,
    CASE 
        WHEN gender = 'F' THEN 'Female'
        WHEN gender = 'M' THEN 'Male'
        ELSE 'Unknown'
    END AS gender,
    INITCAP(language) AS spoken_language,
    INITCAP(TRIM(SPLIT_PART(birthplace, ',', 1))) AS birth_city,
    CASE UPPER(TRIM(SPLIT_PART(birthplace, ',',2)))
    WHEN 'CT' THEN 'Connecticut'
    WHEN 'ME' THEN 'Maine'
    WHEN 'MA' THEN 'Massachusetts'
    WHEN 'NH' THEN 'New Hampshire'
    WHEN 'RI' THEN 'Rhode Island'
    WHEN 'VT' THEN 'Vermont'
    WHEN 'NY' THEN 'New York'
    END AS birth_state,
    address,
    INITCAP(city) AS city,
    CASE UPPER(TRIM(country))
        WHEN 'US' THEN 'United States'
        WHEN 'UK' THEN 'United Kingdom' 
    END AS country,
    CAST(healthcare_expenses AS FLOAT) AS healthcare_expenses,
    CAST(healthcare_coverage AS FLOAT) AS healthcare_coverage,
    income AS income_usd
  
FROM raw_patients
) select
    patient_id as unique_field,
    count(*) as n_records

from __dbt__cte__stg_patients
where patient_id is not null
group by patient_id
having count(*) > 1



  
  
      
    ) dbt_internal_test
/* {"app": "dbt", "dbt_version": "1.11.7", "profile_name": "raqib_sf", "target_name": "dev", "node_id": "test.raqib_sf.unique_stg_patients_patient_id.8907d3ccf0"} */
[0m06:18:45.516818 [debug] [Thread-3 (]: SQL status: SUCCESS 1 in 0.448 seconds
[0m06:18:45.524815 [info ] [Thread-3 (]: 147 of 154 PASS unique_stg_drugs_drug_id ....................................... [[32mPASS[0m in 0.49s]
[0m06:18:45.528817 [debug] [Thread-3 (]: Finished running node test.raqib_sf.unique_stg_drugs_drug_id.c03d170dd6
[0m06:18:45.530814 [debug] [Thread-3 (]: Began running node test.raqib_sf.unique_stg_patients_ssn.4a473750e0
[0m06:18:45.532817 [info ] [Thread-3 (]: 151 of 154 START test unique_stg_patients_ssn .................................. [RUN]
[0m06:18:45.535762 [debug] [Thread-3 (]: Re-using an available connection from the pool (formerly test.raqib_sf.unique_stg_drugs_drug_id.c03d170dd6, now test.raqib_sf.unique_stg_patients_ssn.4a473750e0)
[0m06:18:45.537817 [debug] [Thread-3 (]: Began compiling node test.raqib_sf.unique_stg_patients_ssn.4a473750e0
[0m06:18:45.559554 [debug] [Thread-3 (]: Writing injected SQL for node "test.raqib_sf.unique_stg_patients_ssn.4a473750e0"
[0m06:18:45.564484 [debug] [Thread-3 (]: Began executing node test.raqib_sf.unique_stg_patients_ssn.4a473750e0
[0m06:18:45.571542 [debug] [Thread-3 (]: Writing runtime sql for node "test.raqib_sf.unique_stg_patients_ssn.4a473750e0"
[0m06:18:45.578812 [debug] [Thread-3 (]: Using snowflake connection "test.raqib_sf.unique_stg_patients_ssn.4a473750e0"
[0m06:18:45.579323 [debug] [Thread-3 (]: On test.raqib_sf.unique_stg_patients_ssn.4a473750e0: select
      count(*) as failures,
      count(*) != 0 as should_warn,
      count(*) != 0 as should_error
    from (
      
    
  
    
    

with __dbt__cte__stg_patients as (
WITH raw_patients AS (
    SELECT *
    FROM raw.public.patients
)

SELECT 
    patient_id,
    ssn,
    INITCAP(first_name || ' ' || last_name) AS full_name,
    birthdate::DATE AS birthdate,
    YEAR(birthdate::DATE) AS birth_year,
    deathdate::DATE AS deathdate,
    CASE 
        WHEN deathdate IS NOT NULL THEN TRUE
        ELSE FALSE
    END AS is_dead,
    blood_type,
    CASE 
        WHEN marital = 'S' THEN 'Single'
        WHEN marital = 'M' THEN 'Married'
        WHEN marital = 'D' THEN 'Divorced'
        WHEN marital = 'W' THEN 'Widowed'
    END AS marital_status,
    INITCAP(REPLACE(race, '/', ' / ')) AS race,
    CASE
        WHEN UPPER(TRIM(ethnicity)) IN ('HISPANIC', 'HISPANIC OR LATINO')
            THEN 'Hispanic or Latino'
        WHEN UPPER(TRIM(ethnicity)) IN ('NONHISPANIC', 'NOT HISPANIC OR LATINO')
            THEN 'Not Hispanic or Latino'
        ELSE 'Unknown'
    END AS ethnicity,
    CASE 
        WHEN gender = 'F' THEN 'Female'
        WHEN gender = 'M' THEN 'Male'
        ELSE 'Unknown'
    END AS gender,
    INITCAP(language) AS spoken_language,
    INITCAP(TRIM(SPLIT_PART(birthplace, ',', 1))) AS birth_city,
    CASE UPPER(TRIM(SPLIT_PART(birthplace, ',',2)))
    WHEN 'CT' THEN 'Connecticut'
    WHEN 'ME' THEN 'Maine'
    WHEN 'MA' THEN 'Massachusetts'
    WHEN 'NH' THEN 'New Hampshire'
    WHEN 'RI' THEN 'Rhode Island'
    WHEN 'VT' THEN 'Vermont'
    WHEN 'NY' THEN 'New York'
    END AS birth_state,
    address,
    INITCAP(city) AS city,
    CASE UPPER(TRIM(country))
        WHEN 'US' THEN 'United States'
        WHEN 'UK' THEN 'United Kingdom' 
    END AS country,
    CAST(healthcare_expenses AS FLOAT) AS healthcare_expenses,
    CAST(healthcare_coverage AS FLOAT) AS healthcare_coverage,
    income AS income_usd
  
FROM raw_patients
) select
    ssn as unique_field,
    count(*) as n_records

from __dbt__cte__stg_patients
where ssn is not null
group by ssn
having count(*) > 1



  
  
      
    ) dbt_internal_test
/* {"app": "dbt", "dbt_version": "1.11.7", "profile_name": "raqib_sf", "target_name": "dev", "node_id": "test.raqib_sf.unique_stg_patients_ssn.4a473750e0"} */
[0m06:18:45.612397 [debug] [Thread-4 (]: SQL status: SUCCESS 1 in 0.155 seconds
[0m06:18:45.618391 [info ] [Thread-4 (]: 148 of 154 PASS unique_stg_lab_events_lab_event_id ............................. [[32mPASS[0m in 0.22s]
[0m06:18:45.621390 [debug] [Thread-4 (]: Finished running node test.raqib_sf.unique_stg_lab_events_lab_event_id.92c4b0ae62
[0m06:18:45.623392 [debug] [Thread-4 (]: Began running node test.raqib_sf.unique_stg_prescriptions_prescription_id.9848cc6e3c
[0m06:18:45.625335 [info ] [Thread-4 (]: 152 of 154 START test unique_stg_prescriptions_prescription_id ................. [RUN]
[0m06:18:45.628826 [debug] [Thread-4 (]: Re-using an available connection from the pool (formerly test.raqib_sf.unique_stg_lab_events_lab_event_id.92c4b0ae62, now test.raqib_sf.unique_stg_prescriptions_prescription_id.9848cc6e3c)
[0m06:18:45.630770 [debug] [Thread-4 (]: Began compiling node test.raqib_sf.unique_stg_prescriptions_prescription_id.9848cc6e3c
[0m06:18:45.666545 [debug] [Thread-4 (]: Writing injected SQL for node "test.raqib_sf.unique_stg_prescriptions_prescription_id.9848cc6e3c"
[0m06:18:45.673572 [debug] [Thread-4 (]: Began executing node test.raqib_sf.unique_stg_prescriptions_prescription_id.9848cc6e3c
[0m06:18:45.687536 [debug] [Thread-4 (]: Writing runtime sql for node "test.raqib_sf.unique_stg_prescriptions_prescription_id.9848cc6e3c"
[0m06:18:45.695540 [debug] [Thread-4 (]: Using snowflake connection "test.raqib_sf.unique_stg_prescriptions_prescription_id.9848cc6e3c"
[0m06:18:45.697538 [debug] [Thread-4 (]: On test.raqib_sf.unique_stg_prescriptions_prescription_id.9848cc6e3c: select
      count(*) as failures,
      count(*) != 0 as should_warn,
      count(*) != 0 as should_error
    from (
      
    
  
    
    

with __dbt__cte__stg_prescriptions as (
WITH raw_prescriptions AS (
    SELECT *
    FROM raw.public.prescriptions 
)
SELECT 
    prescription_id,
    patient_id,
    admission_id,
    provider_id,
    drug_id,
    CAST(prescribed_date AS TIMESTAMP) AS prescribed_date,
    INITCAP(status) AS status
FROM raw_prescriptions
) select
    prescription_id as unique_field,
    count(*) as n_records

from __dbt__cte__stg_prescriptions
where prescription_id is not null
group by prescription_id
having count(*) > 1



  
  
      
    ) dbt_internal_test
/* {"app": "dbt", "dbt_version": "1.11.7", "profile_name": "raqib_sf", "target_name": "dev", "node_id": "test.raqib_sf.unique_stg_prescriptions_prescription_id.9848cc6e3c"} */
[0m06:18:45.708541 [debug] [Thread-5 (]: SQL status: SUCCESS 1 in 0.209 seconds
[0m06:18:45.715611 [info ] [Thread-5 (]: 149 of 154 PASS unique_stg_lab_specimen_types_item_id .......................... [[32mPASS[0m in 0.28s]
[0m06:18:45.717868 [debug] [Thread-2 (]: SQL status: SUCCESS 1 in 0.199 seconds
[0m06:18:45.719040 [debug] [Thread-5 (]: Finished running node test.raqib_sf.unique_stg_lab_specimen_types_item_id.58c14657de
[0m06:18:45.725665 [debug] [Thread-5 (]: Began running node test.raqib_sf.unique_stg_providers_provider_id.0ed2165052
[0m06:18:45.724457 [info ] [Thread-2 (]: 150 of 154 PASS unique_stg_patients_patient_id ................................. [[32mPASS[0m in 0.27s]
[0m06:18:45.726704 [info ] [Thread-5 (]: 153 of 154 START test unique_stg_providers_provider_id ......................... [RUN]
[0m06:18:45.728700 [debug] [Thread-2 (]: Finished running node test.raqib_sf.unique_stg_patients_patient_id.8907d3ccf0
[0m06:18:45.729702 [debug] [Thread-5 (]: Re-using an available connection from the pool (formerly test.raqib_sf.unique_stg_lab_specimen_types_item_id.58c14657de, now test.raqib_sf.unique_stg_providers_provider_id.0ed2165052)
[0m06:18:45.730737 [debug] [Thread-2 (]: Began running node test.raqib_sf.unique_stg_transfers_transfer_id.f991b9cc9e
[0m06:18:45.731698 [debug] [Thread-5 (]: Began compiling node test.raqib_sf.unique_stg_providers_provider_id.0ed2165052
[0m06:18:45.741785 [debug] [Thread-5 (]: Writing injected SQL for node "test.raqib_sf.unique_stg_providers_provider_id.0ed2165052"
[0m06:18:45.732734 [info ] [Thread-2 (]: 154 of 154 START test unique_stg_transfers_transfer_id ......................... [RUN]
[0m06:18:45.743785 [debug] [Thread-2 (]: Re-using an available connection from the pool (formerly test.raqib_sf.unique_stg_patients_patient_id.8907d3ccf0, now test.raqib_sf.unique_stg_transfers_transfer_id.f991b9cc9e)
[0m06:18:45.744755 [debug] [Thread-2 (]: Began compiling node test.raqib_sf.unique_stg_transfers_transfer_id.f991b9cc9e
[0m06:18:45.756507 [debug] [Thread-2 (]: Writing injected SQL for node "test.raqib_sf.unique_stg_transfers_transfer_id.f991b9cc9e"
[0m06:18:45.757569 [debug] [Thread-5 (]: Began executing node test.raqib_sf.unique_stg_providers_provider_id.0ed2165052
[0m06:18:45.761559 [debug] [Thread-5 (]: Writing runtime sql for node "test.raqib_sf.unique_stg_providers_provider_id.0ed2165052"
[0m06:18:45.764075 [debug] [Thread-2 (]: Began executing node test.raqib_sf.unique_stg_transfers_transfer_id.f991b9cc9e
[0m06:18:45.768195 [debug] [Thread-2 (]: Writing runtime sql for node "test.raqib_sf.unique_stg_transfers_transfer_id.f991b9cc9e"
[0m06:18:45.773198 [debug] [Thread-5 (]: Using snowflake connection "test.raqib_sf.unique_stg_providers_provider_id.0ed2165052"
[0m06:18:45.774201 [debug] [Thread-5 (]: On test.raqib_sf.unique_stg_providers_provider_id.0ed2165052: select
      count(*) as failures,
      count(*) != 0 as should_warn,
      count(*) != 0 as should_error
    from (
      
    
  
    
    

with __dbt__cte__stg_providers as (
WITH raw_providers AS (
    SELECT * 
    FROM raw.public.providers
)

SELECT 
    npi AS provider_id,
    INITCAP(provider_first_name || ' ' || provider_last_name) AS provider_full_name,
    INITCAP(provider_name_prefix) AS provider_name_prefix,
    REGEXP_LIKE(provider_name_prefix, '\\.$') AS is_valid_prefix,
    INITCAP(provider_address) AS provider_address,
    INITCAP(provider_city) AS provider_city,
    TRIM(provider_state_code) AS provider_state_code,
    TRIM(provider_country_code) AS provider_country_code,
    provider_postal_code,
    CASE 
        WHEN provider_sex_code = 'M' OR provider_sex_code = 'm' THEN 'Male'
        WHEN provider_sex_code = 'F' OR provider_sex_code = 'f' THEN 'Female'
        ELSE 'Unknown'
    END AS provider_gender,
    provider_telephone_number,
    CAST(provider_enumeration_date AS DATE) AS provider_enumeration_date,
    CASE 
        WHEN CAST(provider_enumeration_date AS DATE) IS NOT NULL THEN TRUE
        ELSE FALSE
    END AS is_valid_enumeration_date,
    CAST(provider_join_date AS DATE) AS provider_join_date,
    CASE 
        WHEN DATE(provider_join_date, 'YYYY-MM-DD') IS NOT NULL THEN TRUE
        ELSE FALSE
    END AS is_valid_join_date,
    provider_specialty

FROM raw_providers
) select
    provider_id as unique_field,
    count(*) as n_records

from __dbt__cte__stg_providers
where provider_id is not null
group by provider_id
having count(*) > 1



  
  
      
    ) dbt_internal_test
/* {"app": "dbt", "dbt_version": "1.11.7", "profile_name": "raqib_sf", "target_name": "dev", "node_id": "test.raqib_sf.unique_stg_providers_provider_id.0ed2165052"} */
[0m06:18:45.779167 [debug] [Thread-2 (]: Using snowflake connection "test.raqib_sf.unique_stg_transfers_transfer_id.f991b9cc9e"
[0m06:18:45.780157 [debug] [Thread-2 (]: On test.raqib_sf.unique_stg_transfers_transfer_id.f991b9cc9e: select
      count(*) as failures,
      count(*) != 0 as should_warn,
      count(*) != 0 as should_error
    from (
      
    
  
    
    

with __dbt__cte__stg_transfers as (
WITH raw_transfers AS (
    SELECT *
    FROM raw.public.transfers
)

SELECT 
    transfer_id,
    patient_id,
    admission_id,
    from_department,
    to_department,
    (from_department = to_department) AS is_same_department_transfer,
    CAST(transfer_datetime AS TIMESTAMP) AS transfer_datetime,
    transfer_reason
    
FROM raw_transfers
) select
    transfer_id as unique_field,
    count(*) as n_records

from __dbt__cte__stg_transfers
where transfer_id is not null
group by transfer_id
having count(*) > 1



  
  
      
    ) dbt_internal_test
/* {"app": "dbt", "dbt_version": "1.11.7", "profile_name": "raqib_sf", "target_name": "dev", "node_id": "test.raqib_sf.unique_stg_transfers_transfer_id.f991b9cc9e"} */
[0m06:18:45.802202 [debug] [Thread-3 (]: SQL status: SUCCESS 1 in 0.221 seconds
[0m06:18:45.806200 [error] [Thread-3 (]: 151 of 154 FAIL 7512 unique_stg_patients_ssn ................................... [[31mFAIL 7512[0m in 0.27s]
[0m06:18:45.809147 [debug] [Thread-3 (]: Finished running node test.raqib_sf.unique_stg_patients_ssn.4a473750e0
[0m06:18:45.876740 [debug] [Thread-4 (]: SQL status: SUCCESS 1 in 0.177 seconds
[0m06:18:45.881046 [info ] [Thread-4 (]: 152 of 154 PASS unique_stg_prescriptions_prescription_id ....................... [[32mPASS[0m in 0.25s]
[0m06:18:45.883004 [debug] [Thread-4 (]: Finished running node test.raqib_sf.unique_stg_prescriptions_prescription_id.9848cc6e3c
[0m06:18:45.958384 [debug] [Thread-5 (]: SQL status: SUCCESS 1 in 0.183 seconds
[0m06:18:45.960745 [info ] [Thread-5 (]: 153 of 154 PASS unique_stg_providers_provider_id ............................... [[32mPASS[0m in 0.23s]
[0m06:18:45.961759 [debug] [Thread-5 (]: Finished running node test.raqib_sf.unique_stg_providers_provider_id.0ed2165052
[0m06:18:46.140786 [debug] [Thread-2 (]: SQL status: SUCCESS 1 in 0.360 seconds
[0m06:18:46.149883 [info ] [Thread-2 (]: 154 of 154 PASS unique_stg_transfers_transfer_id ............................... [[32mPASS[0m in 0.41s]
[0m06:18:46.153813 [debug] [Thread-2 (]: Finished running node test.raqib_sf.unique_stg_transfers_transfer_id.f991b9cc9e
[0m06:18:46.161595 [debug] [MainThread]: Connection 'master' was properly closed.
[0m06:18:46.162597 [debug] [MainThread]: Connection 'list_dev_dbt_dev' was left open.
[0m06:18:46.164593 [debug] [MainThread]: On list_dev_dbt_dev: Close
[0m06:18:46.383834 [debug] [MainThread]: Connection 'list_prod_dbt_dev_marts' was left open.
[0m06:18:46.385841 [debug] [MainThread]: On list_prod_dbt_dev_marts: Close
[0m06:18:46.710971 [debug] [MainThread]: Connection 'test.raqib_sf.unique_stg_transfers_transfer_id.f991b9cc9e' was left open.
[0m06:18:46.712974 [debug] [MainThread]: On test.raqib_sf.unique_stg_transfers_transfer_id.f991b9cc9e: Close
[0m06:18:47.059402 [debug] [MainThread]: Connection 'test.raqib_sf.unique_stg_patients_ssn.4a473750e0' was left open.
[0m06:18:47.061388 [debug] [MainThread]: On test.raqib_sf.unique_stg_patients_ssn.4a473750e0: Close
[0m06:18:47.283549 [debug] [MainThread]: Connection 'test.raqib_sf.unique_stg_prescriptions_prescription_id.9848cc6e3c' was left open.
[0m06:18:47.284502 [debug] [MainThread]: On test.raqib_sf.unique_stg_prescriptions_prescription_id.9848cc6e3c: Close
[0m06:18:47.587718 [debug] [MainThread]: Connection 'test.raqib_sf.unique_stg_providers_provider_id.0ed2165052' was left open.
[0m06:18:47.588866 [debug] [MainThread]: On test.raqib_sf.unique_stg_providers_provider_id.0ed2165052: Close
[0m06:18:47.783742 [info ] [MainThread]: 
[0m06:18:47.784701 [info ] [MainThread]: Finished running 154 data tests in 0 hours 0 minutes and 17.42 seconds (17.42s).
[0m06:18:47.846027 [debug] [MainThread]: Command end result
[0m06:18:48.002116 [debug] [MainThread]: Wrote artifact WritableManifest to D:\ITI Data Engineering\ITI_GP\Raqib\Raqib\raqib_sf_dbt\target\manifest.json
[0m06:18:48.008269 [debug] [MainThread]: Wrote artifact SemanticManifest to D:\ITI Data Engineering\ITI_GP\Raqib\Raqib\raqib_sf_dbt\target\semantic_manifest.json
[0m06:18:48.029206 [debug] [MainThread]: Wrote artifact RunExecutionResult to D:\ITI Data Engineering\ITI_GP\Raqib\Raqib\raqib_sf_dbt\target\run_results.json
[0m06:18:48.029206 [info ] [MainThread]: 
[0m06:18:48.030199 [info ] [MainThread]: [31mCompleted with 25 errors, 0 partial successes, and 0 warnings:[0m
[0m06:18:48.031162 [info ] [MainThread]: 
[0m06:18:48.032206 [error] [MainThread]: [31mFailure in test dbt_expectations_expect_column_values_to_be_in_set_stg_lab_specimen_types_category_sub_type___Mammography___Nuclear_Medicine___Blood_Panel___X_ray___CT___MRI___Ultrasound (models\staging\schema.yml)[0m
[0m06:18:48.033168 [error] [MainThread]:   Compilation Error in test dbt_expectations_expect_column_values_to_be_in_set_stg_lab_specimen_types_category_sub_type___Mammography___Nuclear_Medicine___Blood_Panel___X_ray___CT___MRI___Ultrasound (models\staging\schema.yml)
  'dbt_expectations' is undefined. This can happen when calling a macro that does not exist. Check for typos and/or install package dependencies with "dbt deps".
[0m06:18:48.034160 [info ] [MainThread]: 
[0m06:18:48.035162 [error] [MainThread]: [31mFailure in test dbt_expectations_expect_column_values_to_be_in_set_stg_lab_specimen_types_category_type__Endoscopy__Microbiology__Pathology__Neurophysiology__Lab___Radiology_ (models\staging\schema.yml)[0m
[0m06:18:48.036163 [error] [MainThread]:   Compilation Error in test dbt_expectations_expect_column_values_to_be_in_set_stg_lab_specimen_types_category_type__Endoscopy__Microbiology__Pathology__Neurophysiology__Lab___Radiology_ (models\staging\schema.yml)
  'dbt_expectations' is undefined. This can happen when calling a macro that does not exist. Check for typos and/or install package dependencies with "dbt deps".
[0m06:18:48.037166 [info ] [MainThread]: 
[0m06:18:48.037166 [error] [MainThread]: [31mFailure in test dbt_expectations_expect_column_values_to_be_in_set_stg_lab_specimen_types_specialty_1___Pulmonology___Orthopedics__Cardiology__Dentistry___Gastroenterology___Dermatology___Obstetrics__Oncology__General_Practice__Neurology__Psychiatry__Endocrinology__Hematology (models\staging\schema.yml)[0m
[0m06:18:48.038202 [error] [MainThread]:   Compilation Error in test dbt_expectations_expect_column_values_to_be_in_set_stg_lab_specimen_types_specialty_1___Pulmonology___Orthopedics__Cardiology__Dentistry___Gastroenterology___Dermatology___Obstetrics__Oncology__General_Practice__Neurology__Psychiatry__Endocrinology__Hematology (models\staging\schema.yml)
  'dbt_expectations' is undefined. This can happen when calling a macro that does not exist. Check for typos and/or install package dependencies with "dbt deps".
[0m06:18:48.039205 [info ] [MainThread]: 
[0m06:18:48.040205 [error] [MainThread]: [31mFailure in test dbt_expectations_expect_column_values_to_be_in_set_stg_lab_specimen_types_specialty_2___ENT___Emergency_Trauma__Oral_Health__Burn_Care___Emergency_Medicine___Gynecology___General_Surgery__Internal_Medicine__Behavioral_Health__Metabolism (models\staging\schema.yml)[0m
[0m06:18:48.042162 [error] [MainThread]:   Compilation Error in test dbt_expectations_expect_column_values_to_be_in_set_stg_lab_specimen_types_specialty_2___ENT___Emergency_Trauma__Oral_Health__Burn_Care___Emergency_Medicine___Gynecology___General_Surgery__Internal_Medicine__Behavioral_Health__Metabolism (models\staging\schema.yml)
  'dbt_expectations' is undefined. This can happen when calling a macro that does not exist. Check for typos and/or install package dependencies with "dbt deps".
[0m06:18:48.043165 [info ] [MainThread]: 
[0m06:18:48.044165 [error] [MainThread]: [31mFailure in test dbt_expectations_expect_column_values_to_be_in_set_stg_providers_provider_specialty__Oncology__Neurology__Endocrinology__General_Medicine__Gynecology__Pulmonology__Family_Medicine__Dermatology__Gastroenterology__Cardiology__Internal_Medicine__ENT_Ear_Nose_and_Throat___Obstetrics__Orthopedics__Psychiatry__Surgery (models\staging\schema.yml)[0m
[0m06:18:48.045169 [error] [MainThread]:   Compilation Error in test dbt_expectations_expect_column_values_to_be_in_set_stg_providers_provider_specialty__Oncology__Neurology__Endocrinology__General_Medicine__Gynecology__Pulmonology__Family_Medicine__Dermatology__Gastroenterology__Cardiology__Internal_Medicine__ENT_Ear_Nose_and_Throat___Obstetrics__Orthopedics__Psychiatry__Surgery (models\staging\schema.yml)
  'dbt_expectations' is undefined. This can happen when calling a macro that does not exist. Check for typos and/or install package dependencies with "dbt deps".
[0m06:18:48.046168 [info ] [MainThread]: 
[0m06:18:48.047167 [error] [MainThread]: [31mFailure in test not_null_dim_admission_type_admission_type_key (models\marts\schema.yml)[0m
[0m06:18:48.048162 [error] [MainThread]:   Got 60 results, configured to fail if != 0
[0m06:18:48.049168 [info ] [MainThread]: 
[0m06:18:48.050163 [info ] [MainThread]:   compiled code at target\compiled\raqib_sf\models\marts\schema.yml\not_null_dim_admission_type_admission_type_key.sql
[0m06:18:48.050163 [info ] [MainThread]: 
[0m06:18:48.051202 [error] [MainThread]: [31mFailure in test not_null_dim_diagnosis_diagnosis_id (models\marts\schema.yml)[0m
[0m06:18:48.052202 [error] [MainThread]:   Database Error in test not_null_dim_diagnosis_diagnosis_id (models\marts\schema.yml)
  000904 (42000): SQL compilation error: error line 14 at position 7
  invalid identifier 'DIAGNOSIS_ID'
  compiled code at target\run\raqib_sf\models\marts\schema.yml\not_null_dim_diagnosis_diagnosis_id.sql
[0m06:18:48.053163 [info ] [MainThread]: 
[0m06:18:48.054207 [info ] [MainThread]:   compiled code at target\compiled\raqib_sf\models\marts\schema.yml\not_null_dim_diagnosis_diagnosis_id.sql
[0m06:18:48.054207 [info ] [MainThread]: 
[0m06:18:48.055174 [error] [MainThread]: [31mFailure in test not_null_dim_emergency_contacts_contact_key (models\marts\schema.yml)[0m
[0m06:18:48.056219 [error] [MainThread]:   Got 345189 results, configured to fail if != 0
[0m06:18:48.057198 [info ] [MainThread]: 
[0m06:18:48.057198 [info ] [MainThread]:   compiled code at target\compiled\raqib_sf\models\marts\schema.yml\not_null_dim_emergency_contacts_contact_key.sql
[0m06:18:48.058212 [info ] [MainThread]: 
[0m06:18:48.059178 [error] [MainThread]: [31mFailure in test not_null_fact_transfers_patient_id (models\marts\schema.yml)[0m
[0m06:18:48.060173 [error] [MainThread]:   Database Error in test not_null_fact_transfers_patient_id (models\marts\schema.yml)
  000904 (42000): SQL compilation error: error line 14 at position 7
  invalid identifier 'PATIENT_ID'
  compiled code at target\run\raqib_sf\models\marts\schema.yml\not_null_fact_transfers_patient_id.sql
[0m06:18:48.061177 [info ] [MainThread]: 
[0m06:18:48.062171 [info ] [MainThread]:   compiled code at target\compiled\raqib_sf\models\marts\schema.yml\not_null_fact_transfers_patient_id.sql
[0m06:18:48.062171 [info ] [MainThread]: 
[0m06:18:48.063227 [error] [MainThread]: [31mFailure in test unique_dim_diagnosis_diagnosis_id (models\marts\schema.yml)[0m
[0m06:18:48.064314 [error] [MainThread]:   Database Error in test unique_dim_diagnosis_diagnosis_id (models\marts\schema.yml)
  000904 (42000): SQL compilation error: error line 13 at position 4
  invalid identifier 'DIAGNOSIS_ID'
  compiled code at target\run\raqib_sf\models\marts\schema.yml\unique_dim_diagnosis_diagnosis_id.sql
[0m06:18:48.065276 [info ] [MainThread]: 
[0m06:18:48.066313 [info ] [MainThread]:   compiled code at target\compiled\raqib_sf\models\marts\schema.yml\unique_dim_diagnosis_diagnosis_id.sql
[0m06:18:48.067274 [info ] [MainThread]: 
[0m06:18:48.068281 [error] [MainThread]: [31mFailure in test unique_dim_admission_type_admission_type_key (models\marts\schema.yml)[0m
[0m06:18:48.069353 [error] [MainThread]:   Got 12 results, configured to fail if != 0
[0m06:18:48.070385 [info ] [MainThread]: 
[0m06:18:48.072352 [info ] [MainThread]:   compiled code at target\compiled\raqib_sf\models\marts\schema.yml\unique_dim_admission_type_admission_type_key.sql
[0m06:18:48.072352 [info ] [MainThread]: 
[0m06:18:48.073763 [error] [MainThread]: [31mFailure in test unique_dim_lab_types_item_id (models\marts\schema.yml)[0m
[0m06:18:48.074782 [error] [MainThread]:   Got 73 results, configured to fail if != 0
[0m06:18:48.075796 [info ] [MainThread]: 
[0m06:18:48.076796 [info ] [MainThread]:   compiled code at target\compiled\raqib_sf\models\marts\schema.yml\unique_dim_lab_types_item_id.sql
[0m06:18:48.077784 [info ] [MainThread]: 
[0m06:18:48.078783 [error] [MainThread]: [31mFailure in test unique_dim_lab_types_specimen_type_key (models\marts\schema.yml)[0m
[0m06:18:48.080800 [error] [MainThread]:   Got 73 results, configured to fail if != 0
[0m06:18:48.081784 [info ] [MainThread]: 
[0m06:18:48.081784 [info ] [MainThread]:   compiled code at target\compiled\raqib_sf\models\marts\schema.yml\unique_dim_lab_types_specimen_type_key.sql
[0m06:18:48.082780 [info ] [MainThread]: 
[0m06:18:48.083797 [error] [MainThread]: [31mFailure in test unique_dim_emergency_contacts_contact_key (models\marts\schema.yml)[0m
[0m06:18:48.085782 [error] [MainThread]:   Got 115063 results, configured to fail if != 0
[0m06:18:48.085782 [info ] [MainThread]: 
[0m06:18:48.086783 [info ] [MainThread]:   compiled code at target\compiled\raqib_sf\models\marts\schema.yml\unique_dim_emergency_contacts_contact_key.sql
[0m06:18:48.087781 [info ] [MainThread]: 
[0m06:18:48.088784 [error] [MainThread]: [31mFailure in test unique_dim_location_location_key (models\marts\schema.yml)[0m
[0m06:18:48.089784 [error] [MainThread]:   Got 37 results, configured to fail if != 0
[0m06:18:48.090785 [info ] [MainThread]: 
[0m06:18:48.091782 [info ] [MainThread]:   compiled code at target\compiled\raqib_sf\models\marts\schema.yml\unique_dim_location_location_key.sql
[0m06:18:48.092797 [info ] [MainThread]: 
[0m06:18:48.093785 [error] [MainThread]: [31mFailure in test unique_dim_patients_patient_id (models\marts\schema.yml)[0m
[0m06:18:48.094784 [error] [MainThread]:   Got 115063 results, configured to fail if != 0
[0m06:18:48.096235 [info ] [MainThread]: 
[0m06:18:48.097427 [info ] [MainThread]:   compiled code at target\compiled\raqib_sf\models\marts\schema.yml\unique_dim_patients_patient_id.sql
[0m06:18:48.097935 [info ] [MainThread]: 
[0m06:18:48.098987 [error] [MainThread]: [31mFailure in test unique_dim_patients_patient_key (models\marts\schema.yml)[0m
[0m06:18:48.099950 [error] [MainThread]:   Got 115063 results, configured to fail if != 0
[0m06:18:48.100950 [info ] [MainThread]: 
[0m06:18:48.100950 [info ] [MainThread]:   compiled code at target\compiled\raqib_sf\models\marts\schema.yml\unique_dim_patients_patient_key.sql
[0m06:18:48.101945 [info ] [MainThread]: 
[0m06:18:48.102951 [error] [MainThread]: [31mFailure in test unique_dim_provider_provider_id (models\marts\schema.yml)[0m
[0m06:18:48.103945 [error] [MainThread]:   Got 4500 results, configured to fail if != 0
[0m06:18:48.103945 [info ] [MainThread]: 
[0m06:18:48.104946 [info ] [MainThread]:   compiled code at target\compiled\raqib_sf\models\marts\schema.yml\unique_dim_provider_provider_id.sql
[0m06:18:48.105946 [info ] [MainThread]: 
[0m06:18:48.105946 [error] [MainThread]: [31mFailure in test unique_dim_provider_provider_key (models\marts\schema.yml)[0m
[0m06:18:48.106944 [error] [MainThread]:   Got 4500 results, configured to fail if != 0
[0m06:18:48.107945 [info ] [MainThread]: 
[0m06:18:48.108944 [info ] [MainThread]:   compiled code at target\compiled\raqib_sf\models\marts\schema.yml\unique_dim_provider_provider_key.sql
[0m06:18:48.108944 [info ] [MainThread]: 
[0m06:18:48.109945 [error] [MainThread]: [31mFailure in test unique_dim_services_service_dim_key (models\marts\schema.yml)[0m
[0m06:18:48.110947 [error] [MainThread]:   Got 32 results, configured to fail if != 0
[0m06:18:48.111980 [info ] [MainThread]: 
[0m06:18:48.112944 [info ] [MainThread]:   compiled code at target\compiled\raqib_sf\models\marts\schema.yml\unique_dim_services_service_dim_key.sql
[0m06:18:48.113946 [info ] [MainThread]: 
[0m06:18:48.113946 [error] [MainThread]: [31mFailure in test unique_fact_encounters_admission_id (models\marts\schema.yml)[0m
[0m06:18:48.114990 [error] [MainThread]:   Got 5634706 results, configured to fail if != 0
[0m06:18:48.114990 [info ] [MainThread]: 
[0m06:18:48.116008 [info ] [MainThread]:   compiled code at target\compiled\raqib_sf\models\marts\schema.yml\unique_fact_encounters_admission_id.sql
[0m06:18:48.117008 [info ] [MainThread]: 
[0m06:18:48.118008 [error] [MainThread]: [31mFailure in test unique_fact_encounters_encounter_key (models\marts\schema.yml)[0m
[0m06:18:48.118008 [error] [MainThread]:   Got 5634706 results, configured to fail if != 0
[0m06:18:48.119007 [info ] [MainThread]: 
[0m06:18:48.120008 [info ] [MainThread]:   compiled code at target\compiled\raqib_sf\models\marts\schema.yml\unique_fact_encounters_encounter_key.sql
[0m06:18:48.121011 [info ] [MainThread]: 
[0m06:18:48.121011 [error] [MainThread]: [31mFailure in test unique_fact_transfers_transfer_key (models\marts\schema.yml)[0m
[0m06:18:48.121011 [error] [MainThread]:   Got 119591 results, configured to fail if != 0
[0m06:18:48.122289 [info ] [MainThread]: 
[0m06:18:48.123303 [info ] [MainThread]:   compiled code at target\compiled\raqib_sf\models\marts\schema.yml\unique_fact_transfers_transfer_key.sql
[0m06:18:48.123303 [info ] [MainThread]: 
[0m06:18:48.124302 [error] [MainThread]: [31mFailure in test unique_fact_patient_services_service_key (models\marts\schema.yml)[0m
[0m06:18:48.124302 [error] [MainThread]:   Got 1493786 results, configured to fail if != 0
[0m06:18:48.125615 [info ] [MainThread]: 
[0m06:18:48.126122 [info ] [MainThread]:   compiled code at target\compiled\raqib_sf\models\marts\schema.yml\unique_fact_patient_services_service_key.sql
[0m06:18:48.127289 [info ] [MainThread]: 
[0m06:18:48.127841 [error] [MainThread]: [31mFailure in test unique_stg_patients_ssn (models\staging\schema.yml)[0m
[0m06:18:48.128397 [error] [MainThread]:   Got 7512 results, configured to fail if != 0
[0m06:18:48.128974 [info ] [MainThread]: 
[0m06:18:48.129539 [info ] [MainThread]:   compiled code at target\compiled\raqib_sf\models\staging\schema.yml\unique_stg_patients_ssn.sql
[0m06:18:48.130090 [info ] [MainThread]: 
[0m06:18:48.130631 [info ] [MainThread]: Done. PASS=129 WARN=0 ERROR=25 SKIP=0 NO-OP=0 TOTAL=154
[0m06:18:48.131859 [warn ] [MainThread]: [[33mWARNING[0m][DeprecationsSummary]: Deprecated functionality
Summary of encountered deprecations:
- MissingArgumentsPropertyInGenericTestDeprecation: 9 occurrences
To see all deprecation instances instead of just the first occurrence of each,
run command again with the `--show-all-deprecations` flag. You may also need to
run with `--no-partial-parse` as some deprecations are only encountered during
parsing.
[0m06:18:48.132977 [debug] [MainThread]: Command `dbt test` failed at 06:18:48.132401 after 24.61 seconds
[0m06:18:48.132977 [debug] [MainThread]: Sending event: {'category': 'dbt', 'action': 'invocation', 'label': 'end', 'context': [<snowplow_tracker.self_describing_json.SelfDescribingJson object at 0x00000221B511AB40>, <snowplow_tracker.self_describing_json.SelfDescribingJson object at 0x00000221CB150080>, <snowplow_tracker.self_describing_json.SelfDescribingJson object at 0x00000221CCD809B0>]}
[0m06:18:48.133516 [debug] [MainThread]: Flushing usage events
[0m06:18:49.307864 [debug] [MainThread]: An error was encountered while trying to flush usage events
[0m06:20:50.590545 [debug] [MainThread]: Sending event: {'category': 'dbt', 'action': 'invocation', 'label': 'start', 'context': [<snowplow_tracker.self_describing_json.SelfDescribingJson object at 0x000001D7D0D604A0>, <snowplow_tracker.self_describing_json.SelfDescribingJson object at 0x000001D7D0D61010>, <snowplow_tracker.self_describing_json.SelfDescribingJson object at 0x000001D7D0D602C0>]}


============================== 06:20:50.593879 | 81dc1dfe-ef4a-41a8-8cf7-261c3a365709 ==============================
[0m06:20:50.593879 [info ] [MainThread]: Running with dbt=1.11.7
[0m06:20:50.594879 [debug] [MainThread]: running dbt with arguments {'version_check': 'True', 'no_print': 'None', 'static_parser': 'True', 'target_path': 'None', 'warn_error_options': 'WarnErrorOptionsV2(error=[], warn=[], silence=[])', 'printer_width': '80', 'write_json': 'True', 'empty': 'None', 'log_cache_events': 'False', 'introspect': 'True', 'cache_selected_only': 'False', 'log_format': 'default', 'debug': 'False', 'fail_fast': 'False', 'partial_parse': 'True', 'send_anonymous_usage_stats': 'True', 'quiet': 'False', 'warn_error': 'None', 'profiles_dir': 'D:\\ITI Data Engineering\\ITI_GP\\Raqib\\Raqib\\raqib_sf_dbt', 'invocation_command': 'dbt deps', 'use_colors': 'True', 'indirect_selection': 'eager', 'use_experimental_parser': 'False', 'log_path': 'D:\\ITI Data Engineering\\ITI_GP\\Raqib\\Raqib\\raqib_sf_dbt\\logs'}
[0m06:20:50.767697 [debug] [MainThread]: Sending event: {'category': 'dbt', 'action': 'project_id', 'label': '81dc1dfe-ef4a-41a8-8cf7-261c3a365709', 'context': [<snowplow_tracker.self_describing_json.SelfDescribingJson object at 0x000001D7D0E7CB00>]}
[0m06:20:50.831715 [debug] [MainThread]: Set downloads directory='C:\Users\samaw\AppData\Local\Temp\dbt-downloads-6s4v159l'
[0m06:20:50.831715 [debug] [MainThread]: Making package index registry request: GET https://hub.getdbt.com/api/v1/index.json
[0m06:20:51.454723 [debug] [MainThread]: Response from registry index: GET https://hub.getdbt.com/api/v1/index.json 200
[0m06:20:51.457729 [debug] [MainThread]: Making package registry request: GET https://hub.getdbt.com/api/v1/dbt-labs/dbt_utils.json
[0m06:20:51.939338 [debug] [MainThread]: Response from registry: GET https://hub.getdbt.com/api/v1/dbt-labs/dbt_utils.json 200
[0m06:20:51.946150 [info ] [MainThread]: Installing dbt-labs/dbt_utils
[0m06:20:53.104918 [info ] [MainThread]: Installed from version 1.3.3
[0m06:20:53.105983 [info ] [MainThread]: Up to date!
[0m06:20:53.105983 [debug] [MainThread]: Sending event: {'category': 'dbt', 'action': 'package', 'label': '81dc1dfe-ef4a-41a8-8cf7-261c3a365709', 'property_': 'install', 'context': [<snowplow_tracker.self_describing_json.SelfDescribingJson object at 0x000001D7D0FC0320>, <snowplow_tracker.self_describing_json.SelfDescribingJson object at 0x000001D7D0EA2CF0>]}
[0m06:20:53.107350 [debug] [MainThread]: Command `dbt deps` succeeded at 06:20:53.107350 after 2.71 seconds
[0m06:20:53.108349 [debug] [MainThread]: Sending event: {'category': 'dbt', 'action': 'invocation', 'label': 'end', 'context': [<snowplow_tracker.self_describing_json.SelfDescribingJson object at 0x000001D7CFBD8BF0>, <snowplow_tracker.self_describing_json.SelfDescribingJson object at 0x000001D7CF3A83B0>, <snowplow_tracker.self_describing_json.SelfDescribingJson object at 0x000001D7CF18D7C0>]}
[0m06:20:53.108349 [debug] [MainThread]: Flushing usage events
[0m06:20:54.459029 [debug] [MainThread]: An error was encountered while trying to flush usage events
[0m06:21:23.641978 [debug] [MainThread]: Sending event: {'category': 'dbt', 'action': 'invocation', 'label': 'start', 'context': [<snowplow_tracker.self_describing_json.SelfDescribingJson object at 0x000001D71FBFB950>, <snowplow_tracker.self_describing_json.SelfDescribingJson object at 0x000001D71F3F3A70>, <snowplow_tracker.self_describing_json.SelfDescribingJson object at 0x000001D71E7CAC60>]}


============================== 06:21:23.644990 | 9f6ca335-4cb9-429e-99d3-33aadd1a1643 ==============================
[0m06:21:23.644990 [info ] [MainThread]: Running with dbt=1.11.7
[0m06:21:23.645988 [debug] [MainThread]: running dbt with arguments {'static_parser': 'True', 'no_print': 'None', 'version_check': 'True', 'target_path': 'None', 'warn_error_options': 'WarnErrorOptionsV2(error=[], warn=[], silence=[])', 'printer_width': '80', 'write_json': 'True', 'empty': 'False', 'log_cache_events': 'False', 'introspect': 'True', 'cache_selected_only': 'False', 'log_format': 'default', 'debug': 'False', 'fail_fast': 'False', 'partial_parse': 'False', 'send_anonymous_usage_stats': 'True', 'quiet': 'False', 'warn_error': 'None', 'profiles_dir': 'D:\\ITI Data Engineering\\ITI_GP\\Raqib\\Raqib\\raqib_sf_dbt', 'invocation_command': 'dbt run --full-refresh --no-partial-parse', 'use_colors': 'True', 'indirect_selection': 'eager', 'use_experimental_parser': 'False', 'log_path': 'D:\\ITI Data Engineering\\ITI_GP\\Raqib\\Raqib\\raqib_sf_dbt\\logs'}
[0m06:21:24.338135 [debug] [MainThread]: Snowflake adapter: Setting snowflake.connector to ERROR (file logging only)
[0m06:21:24.339136 [debug] [MainThread]: Snowflake adapter: Setting botocore to ERROR (file logging only)
[0m06:21:24.339136 [debug] [MainThread]: Snowflake adapter: Setting boto3 to ERROR (file logging only)
[0m06:21:24.566941 [debug] [MainThread]: Sending event: {'category': 'dbt', 'action': 'project_id', 'label': '9f6ca335-4cb9-429e-99d3-33aadd1a1643', 'context': [<snowplow_tracker.self_describing_json.SelfDescribingJson object at 0x000001D721572450>]}
[0m06:21:24.634489 [debug] [MainThread]: Sending event: {'category': 'dbt', 'action': 'adapter_info', 'label': '9f6ca335-4cb9-429e-99d3-33aadd1a1643', 'context': [<snowplow_tracker.self_describing_json.SelfDescribingJson object at 0x000001D720103620>]}
[0m06:21:24.635490 [info ] [MainThread]: Registered adapter: snowflake=1.11.4
[0m06:21:25.068144 [debug] [MainThread]: checksum: b80718358155fc17c3559352095564dd56ada1cc1a1c0ef2e62c857e71583775, vars: {}, profile: , target: , version: 1.11.7
[0m06:21:25.069145 [debug] [MainThread]: Partial parsing not enabled
[0m06:21:27.175491 [warn ] [MainThread]: [[33mWARNING[0m][MissingArgumentsPropertyInGenericTestDeprecation]: Deprecated
functionality
Found top-level arguments to test `accepted_values` defined on 'fact_encounters'
in package 'raqib_sf' (models\marts\schema.yml). Arguments to generic tests
should be nested under the `arguments` property.
[0m06:21:27.176537 [debug] [MainThread]: Sending event: {'category': 'dbt', 'action': 'deprecation', 'label': '9f6ca335-4cb9-429e-99d3-33aadd1a1643', 'property_': 'warn', 'context': [<snowplow_tracker.self_describing_json.SelfDescribingJson object at 0x000001D734E7D190>]}
[0m06:21:27.623268 [warn ] [MainThread]: [[33mWARNING[0m]: Configuration paths exist in your dbt_project.yml file which do not apply to any resources.
There are 1 unused configuration paths:
- models.raqib_sf.intermediate
[0m06:21:27.637268 [debug] [MainThread]: Sending event: {'category': 'dbt', 'action': 'load_project', 'label': '9f6ca335-4cb9-429e-99d3-33aadd1a1643', 'context': [<snowplow_tracker.self_describing_json.SelfDescribingJson object at 0x000001D734965580>]}
[0m06:21:27.776899 [debug] [MainThread]: Wrote artifact WritableManifest to D:\ITI Data Engineering\ITI_GP\Raqib\Raqib\raqib_sf_dbt\target\manifest.json
[0m06:21:27.778897 [debug] [MainThread]: Wrote artifact SemanticManifest to D:\ITI Data Engineering\ITI_GP\Raqib\Raqib\raqib_sf_dbt\target\semantic_manifest.json
[0m06:21:27.808904 [debug] [MainThread]: Sending event: {'category': 'dbt', 'action': 'resource_counts', 'label': '9f6ca335-4cb9-429e-99d3-33aadd1a1643', 'context': [<snowplow_tracker.self_describing_json.SelfDescribingJson object at 0x000001D735227C50>]}
[0m06:21:27.809905 [info ] [MainThread]: Found 31 models, 154 data tests, 11 sources, 639 macros
[0m06:21:27.810907 [debug] [MainThread]: Sending event: {'category': 'dbt', 'action': 'runnable_timing', 'label': '9f6ca335-4cb9-429e-99d3-33aadd1a1643', 'context': [<snowplow_tracker.self_describing_json.SelfDescribingJson object at 0x000001D735146570>]}
[0m06:21:27.815907 [info ] [MainThread]: 
[0m06:21:27.816905 [info ] [MainThread]: Concurrency: 4 threads (target='dev')
[0m06:21:27.816905 [info ] [MainThread]: 
[0m06:21:27.817909 [debug] [MainThread]: Acquiring new snowflake connection 'master'
[0m06:21:27.824467 [debug] [ThreadPool]: Acquiring new snowflake connection 'list_dev'
[0m06:21:27.839872 [debug] [ThreadPool]: Acquiring new snowflake connection 'list_prod'
[0m06:21:27.911719 [debug] [ThreadPool]: Using snowflake connection "list_dev"
[0m06:21:27.912719 [debug] [ThreadPool]: On list_dev: show terse schemas in database dev
    limit 10000
/* {"app": "dbt", "dbt_version": "1.11.7", "profile_name": "raqib_sf", "target_name": "dev", "connection_name": "list_dev"} */
[0m06:21:27.912719 [debug] [ThreadPool]: Opening a new connection, currently in state init
[0m06:21:27.913717 [debug] [ThreadPool]: Using snowflake connection "list_prod"
[0m06:21:27.913717 [debug] [ThreadPool]: On list_prod: show terse schemas in database prod
    limit 10000
/* {"app": "dbt", "dbt_version": "1.11.7", "profile_name": "raqib_sf", "target_name": "dev", "connection_name": "list_prod"} */
[0m06:21:27.914716 [debug] [ThreadPool]: Opening a new connection, currently in state init
[0m06:21:28.842403 [debug] [ThreadPool]: SQL status: SUCCESS 3 in 0.928 seconds
[0m06:21:29.301156 [debug] [ThreadPool]: SQL status: SUCCESS 4 in 1.388 seconds
[0m06:21:29.310260 [debug] [ThreadPool]: Acquiring new snowflake connection 'list_dev_dbt_dev'
[0m06:21:29.330185 [debug] [ThreadPool]: Using snowflake connection "list_dev_dbt_dev"
[0m06:21:29.330185 [debug] [ThreadPool]: Acquiring new snowflake connection 'list_prod_dbt_dev_marts'
[0m06:21:29.331180 [debug] [ThreadPool]: On list_dev_dbt_dev: show objects in dev.dbt_dev
    limit 10000
    

/* {"app": "dbt", "dbt_version": "1.11.7", "profile_name": "raqib_sf", "target_name": "dev", "connection_name": "list_dev_dbt_dev"} */;
[0m06:21:29.334181 [debug] [ThreadPool]: Using snowflake connection "list_prod_dbt_dev_marts"
[0m06:21:29.334181 [debug] [ThreadPool]: Opening a new connection, currently in state init
[0m06:21:29.334181 [debug] [ThreadPool]: On list_prod_dbt_dev_marts: show objects in prod.dbt_dev_marts
    limit 10000
    

/* {"app": "dbt", "dbt_version": "1.11.7", "profile_name": "raqib_sf", "target_name": "dev", "connection_name": "list_prod_dbt_dev_marts"} */;
[0m06:21:29.335181 [debug] [ThreadPool]: Opening a new connection, currently in state init
[0m06:21:30.536594 [debug] [ThreadPool]: SQL status: SUCCESS 17 in 1.201 seconds
[0m06:21:30.770340 [debug] [ThreadPool]: SQL status: SUCCESS 3 in 1.436 seconds
[0m06:21:30.773340 [debug] [MainThread]: Sending event: {'category': 'dbt', 'action': 'runnable_timing', 'label': '9f6ca335-4cb9-429e-99d3-33aadd1a1643', 'context': [<snowplow_tracker.self_describing_json.SelfDescribingJson object at 0x000001D734E7F4D0>]}
[0m06:21:30.777344 [debug] [Thread-2 (]: Began running node model.raqib_sf.dim_date
[0m06:21:30.778344 [debug] [Thread-3 (]: Began running node model.raqib_sf.dim_time
[0m06:21:30.779362 [debug] [Thread-4 (]: Began running node model.raqib_sf.stg_admissions
[0m06:21:30.779362 [debug] [Thread-5 (]: Began running node model.raqib_sf.stg_diagnosis
[0m06:21:30.779362 [info ] [Thread-2 (]: 1 of 20 START sql table model prod.dbt_dev_marts.dim_date ...................... [RUN]
[0m06:21:30.780836 [debug] [Thread-4 (]: Acquiring new snowflake connection 'model.raqib_sf.stg_admissions'
[0m06:21:30.780836 [info ] [Thread-3 (]: 2 of 20 START sql table model prod.dbt_dev_marts.dim_time ...................... [RUN]
[0m06:21:30.781838 [debug] [Thread-5 (]: Acquiring new snowflake connection 'model.raqib_sf.stg_diagnosis'
[0m06:21:30.782837 [debug] [Thread-2 (]: Acquiring new snowflake connection 'model.raqib_sf.dim_date'
[0m06:21:30.783836 [debug] [Thread-4 (]: Began compiling node model.raqib_sf.stg_admissions
[0m06:21:30.783836 [debug] [Thread-3 (]: Acquiring new snowflake connection 'model.raqib_sf.dim_time'
[0m06:21:30.784836 [debug] [Thread-5 (]: Began compiling node model.raqib_sf.stg_diagnosis
[0m06:21:30.784836 [debug] [Thread-2 (]: Began compiling node model.raqib_sf.dim_date
[0m06:21:30.792837 [debug] [Thread-4 (]: Writing injected SQL for node "model.raqib_sf.stg_admissions"
[0m06:21:30.793837 [debug] [Thread-3 (]: Began compiling node model.raqib_sf.dim_time
[0m06:21:30.796870 [debug] [Thread-5 (]: Writing injected SQL for node "model.raqib_sf.stg_diagnosis"
[0m06:21:30.801347 [debug] [Thread-2 (]: Writing injected SQL for node "model.raqib_sf.dim_date"
[0m06:21:30.806343 [debug] [Thread-3 (]: Writing injected SQL for node "model.raqib_sf.dim_time"
[0m06:21:30.807342 [debug] [Thread-4 (]: Finished running node model.raqib_sf.stg_admissions
[0m06:21:30.808345 [debug] [Thread-4 (]: Began running node model.raqib_sf.stg_drugs
[0m06:21:30.809345 [debug] [Thread-5 (]: Finished running node model.raqib_sf.stg_diagnosis
[0m06:21:30.810345 [debug] [Thread-4 (]: Re-using an available connection from the pool (formerly model.raqib_sf.stg_admissions, now model.raqib_sf.stg_drugs)
[0m06:21:30.810345 [debug] [Thread-5 (]: Began running node model.raqib_sf.stg_emergency_contacts
[0m06:21:30.811346 [debug] [Thread-2 (]: Began executing node model.raqib_sf.dim_date
[0m06:21:30.811346 [debug] [Thread-3 (]: Began executing node model.raqib_sf.dim_time
[0m06:21:30.812358 [debug] [Thread-4 (]: Began compiling node model.raqib_sf.stg_drugs
[0m06:21:30.812358 [debug] [Thread-5 (]: Re-using an available connection from the pool (formerly model.raqib_sf.stg_diagnosis, now model.raqib_sf.stg_emergency_contacts)
[0m06:21:30.845130 [debug] [Thread-2 (]: Writing runtime sql for node "model.raqib_sf.dim_date"
[0m06:21:30.848295 [debug] [Thread-3 (]: Writing runtime sql for node "model.raqib_sf.dim_time"
[0m06:21:30.851296 [debug] [Thread-4 (]: Writing injected SQL for node "model.raqib_sf.stg_drugs"
[0m06:21:30.852297 [debug] [Thread-5 (]: Began compiling node model.raqib_sf.stg_emergency_contacts
[0m06:21:30.855838 [debug] [Thread-5 (]: Writing injected SQL for node "model.raqib_sf.stg_emergency_contacts"
[0m06:21:30.856849 [debug] [Thread-4 (]: Finished running node model.raqib_sf.stg_drugs
[0m06:21:30.856849 [debug] [Thread-5 (]: Finished running node model.raqib_sf.stg_emergency_contacts
[0m06:21:30.857854 [debug] [Thread-3 (]: Using snowflake connection "model.raqib_sf.dim_time"
[0m06:21:30.858872 [debug] [Thread-4 (]: Began running node model.raqib_sf.stg_lab_events
[0m06:21:30.859872 [debug] [Thread-2 (]: Using snowflake connection "model.raqib_sf.dim_date"
[0m06:21:30.859872 [debug] [Thread-5 (]: Began running node model.raqib_sf.stg_lab_specimen_types
[0m06:21:30.860872 [debug] [Thread-3 (]: On model.raqib_sf.dim_time: create or replace transient table prod.dbt_dev_marts.dim_time
    
    
    
    as (

SELECT
    md5(cast(coalesce(cast(time_bk as TEXT), '_dbt_utils_surrogate_key_null_') as TEXT)) AS time_key,
    time_bk,
    hour,
    minute,
    second,
    time_of_day
FROM (
SELECT   
    TIMEADD(SECOND, SEQ4(), '00:00:00'::TIME) AS time_bk,
    
    HOUR(time_bk) AS hour,
    MINUTE(time_bk) AS minute,
    SECOND(time_bk) AS second,
    
    CASE 
        WHEN HOUR(time_bk) < 6 THEN 'Night'
        WHEN HOUR(time_bk) < 12 THEN 'Morning'
        WHEN HOUR(time_bk) < 18 THEN 'Afternoon'
        ELSE 'Evening'
    END AS time_of_day

FROM TABLE(GENERATOR(ROWCOUNT => 86400))
)
    )

/* {"app": "dbt", "dbt_version": "1.11.7", "profile_name": "raqib_sf", "target_name": "dev", "node_id": "model.raqib_sf.dim_time"} */;
[0m06:21:30.860872 [debug] [Thread-4 (]: Re-using an available connection from the pool (formerly model.raqib_sf.stg_drugs, now model.raqib_sf.stg_lab_events)
[0m06:21:30.861870 [debug] [Thread-2 (]: On model.raqib_sf.dim_date: create or replace transient table prod.dbt_dev_marts.dim_date
    
    
    
    as (

SELECT
    md5(cast(coalesce(cast(date_bk as TEXT), '_dbt_utils_surrogate_key_null_') as TEXT)) AS date_key,
    date_bk,
    year,
    month,
    month_name,
    day_name, 
    is_weekend 
FROM (
SELECT
    DATEADD(DAY, SEQ4(), '2000-01-01'::DATE) AS date_bk,
    
    YEAR(date_bk) AS year,
    MONTH(date_bk) AS month,
    MONTHNAME(date_bk) AS month_name,
    DAYNAME(date_bk) AS day_name,
    
    CASE 
        WHEN DAYOFWEEKISO(date_bk) IN (6, 7) THEN 1 
        ELSE 0 
    END AS is_weekend
FROM TABLE(GENERATOR(ROWCOUNT => 10000))
WHERE date_bk <= '2026-12-31'::DATE
)
    )

/* {"app": "dbt", "dbt_version": "1.11.7", "profile_name": "raqib_sf", "target_name": "dev", "node_id": "model.raqib_sf.dim_date"} */;
[0m06:21:30.861870 [debug] [Thread-5 (]: Re-using an available connection from the pool (formerly model.raqib_sf.stg_emergency_contacts, now model.raqib_sf.stg_lab_specimen_types)
[0m06:21:30.861870 [debug] [Thread-3 (]: Opening a new connection, currently in state init
[0m06:21:30.862871 [debug] [Thread-4 (]: Began compiling node model.raqib_sf.stg_lab_events
[0m06:21:30.862871 [debug] [Thread-2 (]: Opening a new connection, currently in state init
[0m06:21:30.862871 [debug] [Thread-5 (]: Began compiling node model.raqib_sf.stg_lab_specimen_types
[0m06:21:30.865867 [debug] [Thread-4 (]: Writing injected SQL for node "model.raqib_sf.stg_lab_events"
[0m06:21:30.868867 [debug] [Thread-5 (]: Writing injected SQL for node "model.raqib_sf.stg_lab_specimen_types"
[0m06:21:30.938493 [debug] [Thread-4 (]: Finished running node model.raqib_sf.stg_lab_events
[0m06:21:30.938493 [debug] [Thread-4 (]: Began running node model.raqib_sf.stg_patients
[0m06:21:30.938493 [debug] [Thread-4 (]: Re-using an available connection from the pool (formerly model.raqib_sf.stg_lab_events, now model.raqib_sf.stg_patients)
[0m06:21:30.939491 [debug] [Thread-4 (]: Began compiling node model.raqib_sf.stg_patients
[0m06:21:30.942491 [debug] [Thread-4 (]: Writing injected SQL for node "model.raqib_sf.stg_patients"
[0m06:21:30.945458 [debug] [Thread-5 (]: Finished running node model.raqib_sf.stg_lab_specimen_types
[0m06:21:30.945458 [debug] [Thread-5 (]: Began running node model.raqib_sf.stg_prescriptions
[0m06:21:30.946916 [debug] [Thread-5 (]: Re-using an available connection from the pool (formerly model.raqib_sf.stg_lab_specimen_types, now model.raqib_sf.stg_prescriptions)
[0m06:21:30.946916 [debug] [Thread-5 (]: Began compiling node model.raqib_sf.stg_prescriptions
[0m06:21:30.951366 [debug] [Thread-5 (]: Writing injected SQL for node "model.raqib_sf.stg_prescriptions"
[0m06:21:30.956333 [debug] [Thread-4 (]: Finished running node model.raqib_sf.stg_patients
[0m06:21:30.956333 [debug] [Thread-4 (]: Began running node model.raqib_sf.stg_providers
[0m06:21:30.957333 [debug] [Thread-4 (]: Re-using an available connection from the pool (formerly model.raqib_sf.stg_patients, now model.raqib_sf.stg_providers)
[0m06:21:30.957333 [debug] [Thread-4 (]: Began compiling node model.raqib_sf.stg_providers
[0m06:21:30.958345 [debug] [Thread-5 (]: Finished running node model.raqib_sf.stg_prescriptions
[0m06:21:30.964375 [debug] [Thread-4 (]: Writing injected SQL for node "model.raqib_sf.stg_providers"
[0m06:21:30.964375 [debug] [Thread-5 (]: Began running node model.raqib_sf.stg_services
[0m06:21:30.971373 [debug] [Thread-5 (]: Re-using an available connection from the pool (formerly model.raqib_sf.stg_prescriptions, now model.raqib_sf.stg_services)
[0m06:21:30.972376 [debug] [Thread-5 (]: Began compiling node model.raqib_sf.stg_services
[0m06:21:30.975369 [debug] [Thread-5 (]: Writing injected SQL for node "model.raqib_sf.stg_services"
[0m06:21:30.976717 [debug] [Thread-4 (]: Finished running node model.raqib_sf.stg_providers
[0m06:21:30.976717 [debug] [Thread-4 (]: Began running node model.raqib_sf.stg_transfers
[0m06:21:30.977718 [debug] [Thread-4 (]: Re-using an available connection from the pool (formerly model.raqib_sf.stg_providers, now model.raqib_sf.stg_transfers)
[0m06:21:30.977718 [debug] [Thread-4 (]: Began compiling node model.raqib_sf.stg_transfers
[0m06:21:30.982120 [debug] [Thread-4 (]: Writing injected SQL for node "model.raqib_sf.stg_transfers"
[0m06:21:30.983131 [debug] [Thread-5 (]: Finished running node model.raqib_sf.stg_services
[0m06:21:30.987133 [debug] [Thread-5 (]: Began running node model.raqib_sf.dim_admission_type
[0m06:21:30.988132 [info ] [Thread-5 (]: 3 of 20 START sql incremental model prod.dbt_dev_marts.dim_admission_type ...... [RUN]
[0m06:21:30.988132 [debug] [Thread-5 (]: Re-using an available connection from the pool (formerly model.raqib_sf.stg_services, now model.raqib_sf.dim_admission_type)
[0m06:21:30.989136 [debug] [Thread-5 (]: Began compiling node model.raqib_sf.dim_admission_type
[0m06:21:30.995133 [debug] [Thread-5 (]: Writing injected SQL for node "model.raqib_sf.dim_admission_type"
[0m06:21:30.996134 [debug] [Thread-4 (]: Finished running node model.raqib_sf.stg_transfers
[0m06:21:30.996134 [debug] [Thread-4 (]: Began running node model.raqib_sf.dim_location
[0m06:21:30.998135 [debug] [Thread-5 (]: Began executing node model.raqib_sf.dim_admission_type
[0m06:21:30.997131 [info ] [Thread-4 (]: 4 of 20 START sql incremental model prod.dbt_dev_marts.dim_location ............ [RUN]
[0m06:21:31.020913 [debug] [Thread-4 (]: Re-using an available connection from the pool (formerly model.raqib_sf.stg_transfers, now model.raqib_sf.dim_location)
[0m06:21:31.020913 [debug] [Thread-4 (]: Began compiling node model.raqib_sf.dim_location
[0m06:21:31.027431 [debug] [Thread-4 (]: Writing injected SQL for node "model.raqib_sf.dim_location"
[0m06:21:31.053160 [debug] [Thread-5 (]: Writing runtime sql for node "model.raqib_sf.dim_admission_type"
[0m06:21:31.054176 [debug] [Thread-4 (]: Began executing node model.raqib_sf.dim_location
[0m06:21:31.059209 [debug] [Thread-4 (]: Writing runtime sql for node "model.raqib_sf.dim_location"
[0m06:21:31.061571 [debug] [Thread-4 (]: Using snowflake connection "model.raqib_sf.dim_location"
[0m06:21:31.061571 [debug] [Thread-4 (]: On model.raqib_sf.dim_location: create or replace transient table prod.dbt_dev_marts.dim_location
    
    
    
    as (with  __dbt__cte__stg_admissions as (
WITH raw_admissions AS (
    SELECT * 
    FROM raw.public.admissions
)

SELECT 
    admission_id,
    patient_id,
    admission_provider_id                                       AS provider_id,
    CAST(ADMISSION_DATETIME_IN AS TIMESTAMP)                    AS admitted_at,
    CAST(ADMISSION_DATETIME_OUT AS TIMESTAMP)                   AS discharged_at,
    UPPER(LEFT(admission_type, 1)) 
        || LOWER(SUBSTR(admission_type, 2))                     AS admission_type,
    admission_location,
    discharge_location,
    INITCAP(insurance_type)                                     AS insurance_type,
    total_cost,
    payer_coverage,
    hospital_expire_flag,
    primary_sdk
FROM raw_admissions
), dim_location as (
    select distinct admission_location as Location_Name from __dbt__cte__stg_admissions
    union
    select distinct discharge_location from __dbt__cte__stg_admissions
)

select 
md5(cast(coalesce(cast(Location_Name as TEXT), '_dbt_utils_surrogate_key_null_') as TEXT)) as Location_Key,
*
from dim_location
    )

/* {"app": "dbt", "dbt_version": "1.11.7", "profile_name": "raqib_sf", "target_name": "dev", "node_id": "model.raqib_sf.dim_location"} */;
[0m06:21:31.063016 [debug] [Thread-4 (]: Opening a new connection, currently in state init
[0m06:21:31.064028 [debug] [Thread-5 (]: Using snowflake connection "model.raqib_sf.dim_admission_type"
[0m06:21:31.065025 [debug] [Thread-5 (]: On model.raqib_sf.dim_admission_type: create or replace transient table prod.dbt_dev_marts.dim_admission_type
    
    
    
    as (with  __dbt__cte__stg_admissions as (
WITH raw_admissions AS (
    SELECT * 
    FROM raw.public.admissions
)

SELECT 
    admission_id,
    patient_id,
    admission_provider_id                                       AS provider_id,
    CAST(ADMISSION_DATETIME_IN AS TIMESTAMP)                    AS admitted_at,
    CAST(ADMISSION_DATETIME_OUT AS TIMESTAMP)                   AS discharged_at,
    UPPER(LEFT(admission_type, 1)) 
        || LOWER(SUBSTR(admission_type, 2))                     AS admission_type,
    admission_location,
    discharge_location,
    INITCAP(insurance_type)                                     AS insurance_type,
    total_cost,
    payer_coverage,
    hospital_expire_flag,
    primary_sdk
FROM raw_admissions
), dim_admission_type as (
    select distinct admission_type as admission_type from __dbt__cte__stg_admissions
)

select 
md5(cast(coalesce(cast(admission_type as TEXT), '_dbt_utils_surrogate_key_null_') as TEXT)) as admission_type_Key,
*
from dim_admission_type
    )

/* {"app": "dbt", "dbt_version": "1.11.7", "profile_name": "raqib_sf", "target_name": "dev", "node_id": "model.raqib_sf.dim_admission_type"} */;
[0m06:21:31.065025 [debug] [Thread-5 (]: Opening a new connection, currently in state init
[0m06:21:32.772034 [debug] [Thread-3 (]: SQL status: SUCCESS 86400 in 1.909 seconds
[0m06:21:32.828011 [debug] [Thread-3 (]: Sending event: {'category': 'dbt', 'action': 'run_model', 'label': '9f6ca335-4cb9-429e-99d3-33aadd1a1643', 'context': [<snowplow_tracker.self_describing_json.SelfDescribingJson object at 0x000001D7212AF5C0>]}
[0m06:21:32.828967 [info ] [Thread-3 (]: 2 of 20 OK created sql table model prod.dbt_dev_marts.dim_time ................. [[32mSUCCESS 86400[0m in 2.04s]
[0m06:21:32.830007 [debug] [Thread-3 (]: Finished running node model.raqib_sf.dim_time
[0m06:21:32.831009 [debug] [Thread-3 (]: Began running node model.raqib_sf.dim_diagnosis
[0m06:21:32.831009 [info ] [Thread-3 (]: 5 of 20 START sql table model prod.dbt_dev_marts.dim_diagnosis ................. [RUN]
[0m06:21:32.832007 [debug] [Thread-3 (]: Re-using an available connection from the pool (formerly model.raqib_sf.dim_time, now model.raqib_sf.dim_diagnosis)
[0m06:21:32.833068 [debug] [Thread-3 (]: Began compiling node model.raqib_sf.dim_diagnosis
[0m06:21:32.843055 [debug] [Thread-3 (]: Writing injected SQL for node "model.raqib_sf.dim_diagnosis"
[0m06:21:32.844063 [debug] [Thread-3 (]: Began executing node model.raqib_sf.dim_diagnosis
[0m06:21:32.847013 [debug] [Thread-3 (]: Writing runtime sql for node "model.raqib_sf.dim_diagnosis"
[0m06:21:32.850147 [debug] [Thread-3 (]: Using snowflake connection "model.raqib_sf.dim_diagnosis"
[0m06:21:32.851146 [debug] [Thread-3 (]: On model.raqib_sf.dim_diagnosis: create or replace transient table prod.dbt_dev_marts.dim_diagnosis
    
    
    
    as (
with  __dbt__cte__stg_diagnosis as (
WITH raw_diagnosis AS (
    SELECT * 
    FROM raw.public.diagnosis
)

SELECT 
    diagnosis_id,
    patient_id,
    admission_id,
    provider_id,
    sub_domain_key,
    TRIM(REGEXP_REPLACE(description, '\\s*\\([^)]+\\)', '')) AS description,
    REGEXP_SUBSTR(description, '\\(([^)]+)\\)', 1, 1, 'e', 1) AS description_type,
    TRIM(SPLIT_PART(REGEXP_REPLACE(SPLIT_PART(sub_domain, ' – ', 2), '\\s*/\\s*', ' & '), ' & ', 1)) AS domain,
    NULLIF(TRIM(SPLIT_PART(REGEXP_REPLACE(SPLIT_PART(sub_domain, ' – ', 2), '\\s*/\\s*', ' & '), ' & ', 2)), '') AS sub_domain
FROM raw_diagnosis
), dim_diagnosis as (
    select * from __dbt__cte__stg_diagnosis
)

select 
    md5(cast(coalesce(cast(diagnosis_id as TEXT), '_dbt_utils_surrogate_key_null_') || '-' || coalesce(cast(domain as TEXT), '_dbt_utils_surrogate_key_null_') || '-' || coalesce(cast(sub_domain_key as TEXT), '_dbt_utils_surrogate_key_null_') as TEXT)) as diagnosis_key,
    description,
    description_type,
    sub_domain_key,
    domain,
    sub_domain
from dim_diagnosis
    )

/* {"app": "dbt", "dbt_version": "1.11.7", "profile_name": "raqib_sf", "target_name": "dev", "node_id": "model.raqib_sf.dim_diagnosis"} */;
[0m06:21:33.381763 [debug] [Thread-5 (]: SQL status: SUCCESS 12 in 2.315 seconds
[0m06:21:33.402144 [debug] [Thread-2 (]: SQL status: SUCCESS 9862 in 2.539 seconds
[0m06:21:33.407132 [debug] [Thread-2 (]: Sending event: {'category': 'dbt', 'action': 'run_model', 'label': '9f6ca335-4cb9-429e-99d3-33aadd1a1643', 'context': [<snowplow_tracker.self_describing_json.SelfDescribingJson object at 0x000001D736960350>]}
[0m06:21:33.414630 [debug] [Thread-5 (]: Applying DROP to: prod.dbt_dev_marts.dim_admission_type__dbt_tmp
[0m06:21:33.423589 [debug] [Thread-5 (]: Using snowflake connection "model.raqib_sf.dim_admission_type"
[0m06:21:33.408136 [info ] [Thread-2 (]: 1 of 20 OK created sql table model prod.dbt_dev_marts.dim_date ................. [[32mSUCCESS 9862[0m in 2.62s]
[0m06:21:33.424953 [debug] [Thread-5 (]: On model.raqib_sf.dim_admission_type: drop view if exists prod.dbt_dev_marts.dim_admission_type__dbt_tmp cascade
/* {"app": "dbt", "dbt_version": "1.11.7", "profile_name": "raqib_sf", "target_name": "dev", "node_id": "model.raqib_sf.dim_admission_type"} */
[0m06:21:33.426042 [debug] [Thread-2 (]: Finished running node model.raqib_sf.dim_date
[0m06:21:33.427076 [debug] [Thread-4 (]: SQL status: SUCCESS 37 in 2.365 seconds
[0m06:21:33.429041 [debug] [Thread-2 (]: Began running node model.raqib_sf.dim_emergency_contacts
[0m06:21:33.433072 [debug] [Thread-4 (]: Applying DROP to: prod.dbt_dev_marts.dim_location__dbt_tmp
[0m06:21:33.435040 [debug] [Thread-4 (]: Using snowflake connection "model.raqib_sf.dim_location"
[0m06:21:33.435040 [debug] [Thread-4 (]: On model.raqib_sf.dim_location: drop view if exists prod.dbt_dev_marts.dim_location__dbt_tmp cascade
/* {"app": "dbt", "dbt_version": "1.11.7", "profile_name": "raqib_sf", "target_name": "dev", "node_id": "model.raqib_sf.dim_location"} */
[0m06:21:33.434073 [info ] [Thread-2 (]: 6 of 20 START sql incremental model prod.dbt_dev_marts.dim_emergency_contacts .. [RUN]
[0m06:21:33.437050 [debug] [Thread-2 (]: Re-using an available connection from the pool (formerly model.raqib_sf.dim_date, now model.raqib_sf.dim_emergency_contacts)
[0m06:21:33.437050 [debug] [Thread-2 (]: Began compiling node model.raqib_sf.dim_emergency_contacts
[0m06:21:33.444090 [debug] [Thread-2 (]: Writing injected SQL for node "model.raqib_sf.dim_emergency_contacts"
[0m06:21:33.446050 [debug] [Thread-2 (]: Began executing node model.raqib_sf.dim_emergency_contacts
[0m06:21:33.450045 [debug] [Thread-2 (]: Writing runtime sql for node "model.raqib_sf.dim_emergency_contacts"
[0m06:21:33.452630 [debug] [Thread-2 (]: Using snowflake connection "model.raqib_sf.dim_emergency_contacts"
[0m06:21:33.453993 [debug] [Thread-2 (]: On model.raqib_sf.dim_emergency_contacts: create or replace transient table prod.dbt_dev_marts.dim_emergency_contacts
    
    
    
    as (with  __dbt__cte__stg_emergency_contacts as (
WITH raw_emergency_contacts AS (
    SELECT *
    FROM raw.public.emergency_contacts
)

SELECT
    Patient_ID AS patient_id,
    INITCAP(emergency_contact_name) AS emergency_contact_name,
    emergency_contact_relationship,
    emergency_contact_bloodtype,
    emergency_contact_number AS emergency_contact_phone_number,
    REGEXP_LIKE(emergency_contact_number, '^\\([0-9]{3}\\) [0-9]{3}-[0-9]{4}$') AS is_valid_phone_number
    
FROM raw_emergency_contacts
), emergency_contacts as (
    select * 
    from __dbt__cte__stg_emergency_contacts
)

SELECT
    md5(cast(coalesce(cast(patient_id as TEXT), '_dbt_utils_surrogate_key_null_') || '-' || coalesce(cast(emergency_contact_name as TEXT), '_dbt_utils_surrogate_key_null_') as TEXT)) AS contact_key,
    *
FROM emergency_contacts
    )

/* {"app": "dbt", "dbt_version": "1.11.7", "profile_name": "raqib_sf", "target_name": "dev", "node_id": "model.raqib_sf.dim_emergency_contacts"} */;
[0m06:21:33.578745 [debug] [Thread-4 (]: SQL status: SUCCESS 1 in 0.142 seconds
[0m06:21:33.581003 [debug] [Thread-5 (]: SQL status: SUCCESS 1 in 0.153 seconds
[0m06:21:33.584994 [debug] [Thread-4 (]: Sending event: {'category': 'dbt', 'action': 'run_model', 'label': '9f6ca335-4cb9-429e-99d3-33aadd1a1643', 'context': [<snowplow_tracker.self_describing_json.SelfDescribingJson object at 0x000001D736A05C10>]}
[0m06:21:33.588410 [debug] [Thread-5 (]: Sending event: {'category': 'dbt', 'action': 'run_model', 'label': '9f6ca335-4cb9-429e-99d3-33aadd1a1643', 'context': [<snowplow_tracker.self_describing_json.SelfDescribingJson object at 0x000001D71E9287D0>]}
[0m06:21:33.588410 [info ] [Thread-4 (]: 4 of 20 OK created sql incremental model prod.dbt_dev_marts.dim_location ....... [[32mSUCCESS 37[0m in 2.56s]
[0m06:21:33.589630 [debug] [Thread-4 (]: Finished running node model.raqib_sf.dim_location
[0m06:21:33.589630 [info ] [Thread-5 (]: 3 of 20 OK created sql incremental model prod.dbt_dev_marts.dim_admission_type . [[32mSUCCESS 12[0m in 2.60s]
[0m06:21:33.589630 [debug] [Thread-4 (]: Began running node model.raqib_sf.dim_lab_types
[0m06:21:33.591113 [debug] [Thread-5 (]: Finished running node model.raqib_sf.dim_admission_type
[0m06:21:33.592391 [debug] [Thread-5 (]: Began running node model.raqib_sf.int_lab_analysis
[0m06:21:33.591113 [info ] [Thread-4 (]: 7 of 20 START sql incremental model prod.dbt_dev_marts.dim_lab_types ........... [RUN]
[0m06:21:33.592391 [info ] [Thread-5 (]: 8 of 20 START sql view model dbt_dev.int_lab_analysis .......................... [RUN]
[0m06:21:33.592391 [debug] [Thread-4 (]: Re-using an available connection from the pool (formerly model.raqib_sf.dim_location, now model.raqib_sf.dim_lab_types)
[0m06:21:33.593881 [debug] [Thread-5 (]: Re-using an available connection from the pool (formerly model.raqib_sf.dim_admission_type, now model.raqib_sf.int_lab_analysis)
[0m06:21:33.593881 [debug] [Thread-4 (]: Began compiling node model.raqib_sf.dim_lab_types
[0m06:21:33.593881 [debug] [Thread-5 (]: Began compiling node model.raqib_sf.int_lab_analysis
[0m06:21:33.602788 [debug] [Thread-4 (]: Writing injected SQL for node "model.raqib_sf.dim_lab_types"
[0m06:21:33.614180 [debug] [Thread-5 (]: Writing injected SQL for node "model.raqib_sf.int_lab_analysis"
[0m06:21:33.615188 [debug] [Thread-5 (]: Began executing node model.raqib_sf.int_lab_analysis
[0m06:21:33.633968 [debug] [Thread-4 (]: Began executing node model.raqib_sf.dim_lab_types
[0m06:21:33.637337 [debug] [Thread-5 (]: Writing runtime sql for node "model.raqib_sf.int_lab_analysis"
[0m06:21:33.641375 [debug] [Thread-4 (]: Writing runtime sql for node "model.raqib_sf.dim_lab_types"
[0m06:21:33.643940 [debug] [Thread-5 (]: Using snowflake connection "model.raqib_sf.int_lab_analysis"
[0m06:21:33.644941 [debug] [Thread-5 (]: On model.raqib_sf.int_lab_analysis: create or replace   view dev.dbt_dev.int_lab_analysis
  
  
  
  
  as (
    WITH  __dbt__cte__stg_lab_events as (
WITH raw_lab_events AS (

    SELECT *
    FROM raw.public.lab_events

)

SELECT
    lab_event_id,
    patient_id,
    admission_id,
    specimen_id,
    item_id,
    provider_id,
    CAST(done_datetime AS TIMESTAMP)    AS lab_done_at,
    CAST(stored_datetime AS TIMESTAMP)  AS lab_stored_at,
    TRY_CAST(value AS FLOAT) AS result_value,
    TRIM(measurement_unit) AS measurement_unit,
    TRY_CAST(range_lower AS FLOAT) AS range_lower,
    TRY_CAST(range_higher AS FLOAT) AS range_higher,
    TRIM(abnormal_flag) AS abnormal_flag,
    TRY_CAST(cost AS FLOAT) AS cost

FROM raw_lab_events 

--  CONVERT_TIMEZONE('UTC', done_datetime::TIMESTAMP_TZ)    AS lab_done_at,
--     CONVERT_TIMEZONE('UTC', stored_datetime::TIMESTAMP_TZ)  AS lab_stored_at,
),  __dbt__cte__stg_lab_specimen_types as (
WITH raw_lab_specimen_types AS (
    SELECT *
    FROM raw.public.lab_specimen_types
)

SELECT 
    itemid AS item_id,
    CASE 
        WHEN CONTAINS(label, '(') THEN TRIM(SPLIT_PART(label, '(', 1))
        ELSE label
    END AS label,
    CASE 
        WHEN CONTAINS(label, '(') THEN TRIM(REPLACE(SPLIT_PART(label, '(', 2), ')', ''))
        ELSE NULL
    END AS label_sub_type,
    fluid,
    CASE 
        WHEN CONTAINS(category, '–') THEN TRIM(SPLIT_PART(category, '–', 1))
        ELSE category
    END AS category_type,
    CASE   
        WHEN CONTAINS(category, '–') THEN TRIM(SPLIT_PART(category, '–', 2))
        ELSE NULL
    END AS category_sub_type,
    sub_domain_key,
    TRIM(SPLIT_PART(REGEXP_REPLACE(specialty, '\\s*/\\s*', ' & '), ' & ', 1)) AS specialty_1,
    NULLIF(TRIM(SPLIT_PART(REGEXP_REPLACE(specialty, '\\s*/\\s*', ' & '), ' & ', 2)), '') AS specialty_2,
    
FROM raw_lab_specimen_types
), lab_events AS (
    SELECT *
    FROM __dbt__cte__stg_lab_events
),

specimen_types AS (
    SELECT *
    FROM __dbt__cte__stg_lab_specimen_types
)

SELECT
    md5(cast(coalesce(cast(lab_event_id as TEXT), '_dbt_utils_surrogate_key_null_') as TEXT)) AS lab_event_key,
    le.lab_event_id,
    le.patient_id,
    le.admission_id,
    le.provider_id,
    le.specimen_id,
    le.item_id,
    le.lab_done_at,
    le.lab_stored_at,

    st.label AS test_name,
    st.label_sub_type,
    st.fluid,
    st.category_type,
    st.category_sub_type,
    st.specialty_1,
    st.specialty_2,

    le.result_value,
    le.measurement_unit,

    le.range_lower,
    le.range_higher,

    le.abnormal_flag,

    le.cost

FROM lab_events le

LEFT JOIN specimen_types st
    ON le.item_id = st.item_id
  )
/* {"app": "dbt", "dbt_version": "1.11.7", "profile_name": "raqib_sf", "target_name": "dev", "node_id": "model.raqib_sf.int_lab_analysis"} */;
[0m06:21:33.646974 [debug] [Thread-4 (]: Using snowflake connection "model.raqib_sf.dim_lab_types"
[0m06:21:33.646974 [debug] [Thread-4 (]: On model.raqib_sf.dim_lab_types: create or replace transient table prod.dbt_dev_marts.dim_lab_types
    
    
    
    as (WITH  __dbt__cte__stg_lab_specimen_types as (
WITH raw_lab_specimen_types AS (
    SELECT *
    FROM raw.public.lab_specimen_types
)

SELECT 
    itemid AS item_id,
    CASE 
        WHEN CONTAINS(label, '(') THEN TRIM(SPLIT_PART(label, '(', 1))
        ELSE label
    END AS label,
    CASE 
        WHEN CONTAINS(label, '(') THEN TRIM(REPLACE(SPLIT_PART(label, '(', 2), ')', ''))
        ELSE NULL
    END AS label_sub_type,
    fluid,
    CASE 
        WHEN CONTAINS(category, '–') THEN TRIM(SPLIT_PART(category, '–', 1))
        ELSE category
    END AS category_type,
    CASE   
        WHEN CONTAINS(category, '–') THEN TRIM(SPLIT_PART(category, '–', 2))
        ELSE NULL
    END AS category_sub_type,
    sub_domain_key,
    TRIM(SPLIT_PART(REGEXP_REPLACE(specialty, '\\s*/\\s*', ' & '), ' & ', 1)) AS specialty_1,
    NULLIF(TRIM(SPLIT_PART(REGEXP_REPLACE(specialty, '\\s*/\\s*', ' & '), ' & ', 2)), '') AS specialty_2,
    
FROM raw_lab_specimen_types
), stg_lab_specimen_types AS (
    SELECT *
    FROM __dbt__cte__stg_lab_specimen_types
)

SELECT
    md5(cast(coalesce(cast(item_id as TEXT), '_dbt_utils_surrogate_key_null_') || '-' || coalesce(cast(label as TEXT), '_dbt_utils_surrogate_key_null_') || '-' || coalesce(cast(category_type as TEXT), '_dbt_utils_surrogate_key_null_') as TEXT)) AS specimen_type_key,
    item_id,
    label,
    label_sub_type,
    fluid,
    category_type,
    category_sub_type,
    sub_domain_key,
    specialty_1,
    specialty_2
FROM stg_lab_specimen_types
    )

/* {"app": "dbt", "dbt_version": "1.11.7", "profile_name": "raqib_sf", "target_name": "dev", "node_id": "model.raqib_sf.dim_lab_types"} */;
[0m06:21:34.070261 [debug] [Thread-5 (]: SQL status: SUCCESS 1 in 0.425 seconds
[0m06:21:34.076953 [debug] [Thread-5 (]: Sending event: {'category': 'dbt', 'action': 'run_model', 'label': '9f6ca335-4cb9-429e-99d3-33aadd1a1643', 'context': [<snowplow_tracker.self_describing_json.SelfDescribingJson object at 0x000001D736B3C800>]}
[0m06:21:34.078948 [info ] [Thread-5 (]: 8 of 20 OK created sql view model dbt_dev.int_lab_analysis ..................... [[32mSUCCESS 1[0m in 0.48s]
[0m06:21:34.080898 [debug] [Thread-5 (]: Finished running node model.raqib_sf.int_lab_analysis
[0m06:21:34.081898 [debug] [Thread-5 (]: Began running node model.raqib_sf.dim_patients
[0m06:21:34.083898 [info ] [Thread-5 (]: 9 of 20 START sql incremental model prod.dbt_dev_marts.dim_patients ............ [RUN]
[0m06:21:34.085887 [debug] [Thread-5 (]: Re-using an available connection from the pool (formerly model.raqib_sf.int_lab_analysis, now model.raqib_sf.dim_patients)
[0m06:21:34.086889 [debug] [Thread-5 (]: Began compiling node model.raqib_sf.dim_patients
[0m06:21:34.105879 [debug] [Thread-5 (]: Writing injected SQL for node "model.raqib_sf.dim_patients"
[0m06:21:34.107888 [debug] [Thread-5 (]: Began executing node model.raqib_sf.dim_patients
[0m06:21:34.119367 [debug] [Thread-5 (]: Writing runtime sql for node "model.raqib_sf.dim_patients"
[0m06:21:34.123485 [debug] [Thread-5 (]: Using snowflake connection "model.raqib_sf.dim_patients"
[0m06:21:34.124485 [debug] [Thread-5 (]: On model.raqib_sf.dim_patients: create or replace transient table prod.dbt_dev_marts.dim_patients
    
    
    
    as (with  __dbt__cte__stg_patients as (
WITH raw_patients AS (
    SELECT *
    FROM raw.public.patients
)

SELECT 
    patient_id,
    ssn,
    INITCAP(first_name || ' ' || last_name) AS full_name,
    birthdate::DATE AS birthdate,
    YEAR(birthdate::DATE) AS birth_year,
    deathdate::DATE AS deathdate,
    CASE 
        WHEN deathdate IS NOT NULL THEN TRUE
        ELSE FALSE
    END AS is_dead,
    blood_type,
    CASE 
        WHEN marital = 'S' THEN 'Single'
        WHEN marital = 'M' THEN 'Married'
        WHEN marital = 'D' THEN 'Divorced'
        WHEN marital = 'W' THEN 'Widowed'
    END AS marital_status,
    INITCAP(REPLACE(race, '/', ' / ')) AS race,
    CASE
        WHEN UPPER(TRIM(ethnicity)) IN ('HISPANIC', 'HISPANIC OR LATINO')
            THEN 'Hispanic or Latino'
        WHEN UPPER(TRIM(ethnicity)) IN ('NONHISPANIC', 'NOT HISPANIC OR LATINO')
            THEN 'Not Hispanic or Latino'
        ELSE 'Unknown'
    END AS ethnicity,
    CASE 
        WHEN gender = 'F' THEN 'Female'
        WHEN gender = 'M' THEN 'Male'
        ELSE 'Unknown'
    END AS gender,
    INITCAP(language) AS spoken_language,
    INITCAP(TRIM(SPLIT_PART(birthplace, ',', 1))) AS birth_city,
    CASE UPPER(TRIM(SPLIT_PART(birthplace, ',',2)))
    WHEN 'CT' THEN 'Connecticut'
    WHEN 'ME' THEN 'Maine'
    WHEN 'MA' THEN 'Massachusetts'
    WHEN 'NH' THEN 'New Hampshire'
    WHEN 'RI' THEN 'Rhode Island'
    WHEN 'VT' THEN 'Vermont'
    WHEN 'NY' THEN 'New York'
    END AS birth_state,
    address,
    INITCAP(city) AS city,
    CASE UPPER(TRIM(country))
        WHEN 'US' THEN 'United States'
        WHEN 'UK' THEN 'United Kingdom' 
    END AS country,
    CAST(healthcare_expenses AS FLOAT) AS healthcare_expenses,
    CAST(healthcare_coverage AS FLOAT) AS healthcare_coverage,
    income AS income_usd
  
FROM raw_patients
), patients as (
    select
        *
    from __dbt__cte__stg_patients
)

SELECT
    md5(cast(coalesce(cast(patient_id as TEXT), '_dbt_utils_surrogate_key_null_') as TEXT)) AS patient_key,
    patient_id,
    ssn,
    full_name,
    birthdate,
    birth_year,
    deathdate,
    is_dead,
    blood_type,
    marital_status,
    Race,
    ethnicity,
    spoken_language,
    city
    
FROM patients
    )

/* {"app": "dbt", "dbt_version": "1.11.7", "profile_name": "raqib_sf", "target_name": "dev", "node_id": "model.raqib_sf.dim_patients"} */;
[0m06:21:34.393298 [debug] [Thread-4 (]: SQL status: SUCCESS 73 in 0.745 seconds
[0m06:21:34.398294 [debug] [Thread-4 (]: Applying DROP to: prod.dbt_dev_marts.dim_lab_types__dbt_tmp
[0m06:21:34.400294 [debug] [Thread-4 (]: Using snowflake connection "model.raqib_sf.dim_lab_types"
[0m06:21:34.400294 [debug] [Thread-4 (]: On model.raqib_sf.dim_lab_types: drop view if exists prod.dbt_dev_marts.dim_lab_types__dbt_tmp cascade
/* {"app": "dbt", "dbt_version": "1.11.7", "profile_name": "raqib_sf", "target_name": "dev", "node_id": "model.raqib_sf.dim_lab_types"} */
[0m06:21:34.509280 [debug] [Thread-2 (]: SQL status: SUCCESS 115063 in 1.055 seconds
[0m06:21:34.523050 [debug] [Thread-2 (]: Applying DROP to: prod.dbt_dev_marts.dim_emergency_contacts__dbt_tmp
[0m06:21:34.526059 [debug] [Thread-4 (]: SQL status: SUCCESS 1 in 0.125 seconds
[0m06:21:34.530043 [debug] [Thread-2 (]: Using snowflake connection "model.raqib_sf.dim_emergency_contacts"
[0m06:21:34.538042 [debug] [Thread-4 (]: Sending event: {'category': 'dbt', 'action': 'run_model', 'label': '9f6ca335-4cb9-429e-99d3-33aadd1a1643', 'context': [<snowplow_tracker.self_describing_json.SelfDescribingJson object at 0x000001D736AFC5F0>]}
[0m06:21:34.540041 [debug] [Thread-2 (]: On model.raqib_sf.dim_emergency_contacts: drop view if exists prod.dbt_dev_marts.dim_emergency_contacts__dbt_tmp cascade
/* {"app": "dbt", "dbt_version": "1.11.7", "profile_name": "raqib_sf", "target_name": "dev", "node_id": "model.raqib_sf.dim_emergency_contacts"} */
[0m06:21:34.542124 [info ] [Thread-4 (]: 7 of 20 OK created sql incremental model prod.dbt_dev_marts.dim_lab_types ...... [[32mSUCCESS 73[0m in 0.94s]
[0m06:21:34.546076 [debug] [Thread-4 (]: Finished running node model.raqib_sf.dim_lab_types
[0m06:21:34.548074 [debug] [Thread-4 (]: Began running node model.raqib_sf.dim_provider
[0m06:21:34.549075 [info ] [Thread-4 (]: 10 of 20 START sql incremental model prod.dbt_dev_marts.dim_provider ........... [RUN]
[0m06:21:34.552109 [debug] [Thread-4 (]: Re-using an available connection from the pool (formerly model.raqib_sf.dim_lab_types, now model.raqib_sf.dim_provider)
[0m06:21:34.553157 [debug] [Thread-4 (]: Began compiling node model.raqib_sf.dim_provider
[0m06:21:34.569056 [debug] [Thread-4 (]: Writing injected SQL for node "model.raqib_sf.dim_provider"
[0m06:21:34.571019 [debug] [Thread-4 (]: Began executing node model.raqib_sf.dim_provider
[0m06:21:34.575995 [debug] [Thread-4 (]: Writing runtime sql for node "model.raqib_sf.dim_provider"
[0m06:21:34.579294 [debug] [Thread-4 (]: Using snowflake connection "model.raqib_sf.dim_provider"
[0m06:21:34.580352 [debug] [Thread-4 (]: On model.raqib_sf.dim_provider: create or replace transient table prod.dbt_dev_marts.dim_provider
    
    
    
    as (with  __dbt__cte__stg_providers as (
WITH raw_providers AS (
    SELECT * 
    FROM raw.public.providers
)

SELECT 
    npi AS provider_id,
    INITCAP(provider_first_name || ' ' || provider_last_name) AS provider_full_name,
    INITCAP(provider_name_prefix) AS provider_name_prefix,
    REGEXP_LIKE(provider_name_prefix, '\\.$') AS is_valid_prefix,
    INITCAP(provider_address) AS provider_address,
    INITCAP(provider_city) AS provider_city,
    TRIM(provider_state_code) AS provider_state_code,
    TRIM(provider_country_code) AS provider_country_code,
    provider_postal_code,
    CASE 
        WHEN provider_sex_code = 'M' OR provider_sex_code = 'm' THEN 'Male'
        WHEN provider_sex_code = 'F' OR provider_sex_code = 'f' THEN 'Female'
        ELSE 'Unknown'
    END AS provider_gender,
    provider_telephone_number,
    CAST(provider_enumeration_date AS DATE) AS provider_enumeration_date,
    CASE 
        WHEN CAST(provider_enumeration_date AS DATE) IS NOT NULL THEN TRUE
        ELSE FALSE
    END AS is_valid_enumeration_date,
    CAST(provider_join_date AS DATE) AS provider_join_date,
    CASE 
        WHEN DATE(provider_join_date, 'YYYY-MM-DD') IS NOT NULL THEN TRUE
        ELSE FALSE
    END AS is_valid_join_date,
    provider_specialty

FROM raw_providers
), stg_providers as (
    select *
    from __dbt__cte__stg_providers
)

select 
    md5(cast(coalesce(cast(provider_id as TEXT), '_dbt_utils_surrogate_key_null_') || '-' || coalesce(cast(provider_full_name as TEXT), '_dbt_utils_surrogate_key_null_') || '-' || coalesce(cast(provider_specialty as TEXT), '_dbt_utils_surrogate_key_null_') as TEXT)) as provider_key,
    *
    
from stg_providers
    )

/* {"app": "dbt", "dbt_version": "1.11.7", "profile_name": "raqib_sf", "target_name": "dev", "node_id": "model.raqib_sf.dim_provider"} */;
[0m06:21:34.660390 [debug] [Thread-2 (]: SQL status: SUCCESS 1 in 0.117 seconds
[0m06:21:34.666384 [debug] [Thread-2 (]: Sending event: {'category': 'dbt', 'action': 'run_model', 'label': '9f6ca335-4cb9-429e-99d3-33aadd1a1643', 'context': [<snowplow_tracker.self_describing_json.SelfDescribingJson object at 0x000001D736B04E30>]}
[0m06:21:34.667382 [info ] [Thread-2 (]: 6 of 20 OK created sql incremental model prod.dbt_dev_marts.dim_emergency_contacts  [[32mSUCCESS 115063[0m in 1.23s]
[0m06:21:34.669327 [debug] [Thread-2 (]: Finished running node model.raqib_sf.dim_emergency_contacts
[0m06:21:34.670326 [debug] [Thread-2 (]: Began running node model.raqib_sf.fact_providers_performance
[0m06:21:34.672326 [info ] [Thread-2 (]: 11 of 20 START sql incremental model prod.dbt_dev_marts.fact_providers_performance  [RUN]
[0m06:21:34.673330 [debug] [Thread-2 (]: Re-using an available connection from the pool (formerly model.raqib_sf.dim_emergency_contacts, now model.raqib_sf.fact_providers_performance)
[0m06:21:34.674392 [debug] [Thread-2 (]: Began compiling node model.raqib_sf.fact_providers_performance
[0m06:21:34.707320 [debug] [Thread-2 (]: Writing injected SQL for node "model.raqib_sf.fact_providers_performance"
[0m06:21:34.709690 [debug] [Thread-2 (]: Began executing node model.raqib_sf.fact_providers_performance
[0m06:21:34.715147 [debug] [Thread-2 (]: Writing runtime sql for node "model.raqib_sf.fact_providers_performance"
[0m06:21:34.722580 [debug] [Thread-2 (]: Using snowflake connection "model.raqib_sf.fact_providers_performance"
[0m06:21:34.723582 [debug] [Thread-2 (]: On model.raqib_sf.fact_providers_performance: create or replace transient table prod.dbt_dev_marts.fact_providers_performance
    
    
    
    as (WITH  __dbt__cte__stg_providers as (
WITH raw_providers AS (
    SELECT * 
    FROM raw.public.providers
)

SELECT 
    npi AS provider_id,
    INITCAP(provider_first_name || ' ' || provider_last_name) AS provider_full_name,
    INITCAP(provider_name_prefix) AS provider_name_prefix,
    REGEXP_LIKE(provider_name_prefix, '\\.$') AS is_valid_prefix,
    INITCAP(provider_address) AS provider_address,
    INITCAP(provider_city) AS provider_city,
    TRIM(provider_state_code) AS provider_state_code,
    TRIM(provider_country_code) AS provider_country_code,
    provider_postal_code,
    CASE 
        WHEN provider_sex_code = 'M' OR provider_sex_code = 'm' THEN 'Male'
        WHEN provider_sex_code = 'F' OR provider_sex_code = 'f' THEN 'Female'
        ELSE 'Unknown'
    END AS provider_gender,
    provider_telephone_number,
    CAST(provider_enumeration_date AS DATE) AS provider_enumeration_date,
    CASE 
        WHEN CAST(provider_enumeration_date AS DATE) IS NOT NULL THEN TRUE
        ELSE FALSE
    END AS is_valid_enumeration_date,
    CAST(provider_join_date AS DATE) AS provider_join_date,
    CASE 
        WHEN DATE(provider_join_date, 'YYYY-MM-DD') IS NOT NULL THEN TRUE
        ELSE FALSE
    END AS is_valid_join_date,
    provider_specialty

FROM raw_providers
),  __dbt__cte__stg_admissions as (
WITH raw_admissions AS (
    SELECT * 
    FROM raw.public.admissions
)

SELECT 
    admission_id,
    patient_id,
    admission_provider_id                                       AS provider_id,
    CAST(ADMISSION_DATETIME_IN AS TIMESTAMP)                    AS admitted_at,
    CAST(ADMISSION_DATETIME_OUT AS TIMESTAMP)                   AS discharged_at,
    UPPER(LEFT(admission_type, 1)) 
        || LOWER(SUBSTR(admission_type, 2))                     AS admission_type,
    admission_location,
    discharge_location,
    INITCAP(insurance_type)                                     AS insurance_type,
    total_cost,
    payer_coverage,
    hospital_expire_flag,
    primary_sdk
FROM raw_admissions
),  __dbt__cte__stg_diagnosis as (
WITH raw_diagnosis AS (
    SELECT * 
    FROM raw.public.diagnosis
)

SELECT 
    diagnosis_id,
    patient_id,
    admission_id,
    provider_id,
    sub_domain_key,
    TRIM(REGEXP_REPLACE(description, '\\s*\\([^)]+\\)', '')) AS description,
    REGEXP_SUBSTR(description, '\\(([^)]+)\\)', 1, 1, 'e', 1) AS description_type,
    TRIM(SPLIT_PART(REGEXP_REPLACE(SPLIT_PART(sub_domain, ' – ', 2), '\\s*/\\s*', ' & '), ' & ', 1)) AS domain,
    NULLIF(TRIM(SPLIT_PART(REGEXP_REPLACE(SPLIT_PART(sub_domain, ' – ', 2), '\\s*/\\s*', ' & '), ' & ', 2)), '') AS sub_domain
FROM raw_diagnosis
),  __dbt__cte__stg_lab_events as (
WITH raw_lab_events AS (

    SELECT *
    FROM raw.public.lab_events

)

SELECT
    lab_event_id,
    patient_id,
    admission_id,
    specimen_id,
    item_id,
    provider_id,
    CAST(done_datetime AS TIMESTAMP)    AS lab_done_at,
    CAST(stored_datetime AS TIMESTAMP)  AS lab_stored_at,
    TRY_CAST(value AS FLOAT) AS result_value,
    TRIM(measurement_unit) AS measurement_unit,
    TRY_CAST(range_lower AS FLOAT) AS range_lower,
    TRY_CAST(range_higher AS FLOAT) AS range_higher,
    TRIM(abnormal_flag) AS abnormal_flag,
    TRY_CAST(cost AS FLOAT) AS cost

FROM raw_lab_events 

--  CONVERT_TIMEZONE('UTC', done_datetime::TIMESTAMP_TZ)    AS lab_done_at,
--     CONVERT_TIMEZONE('UTC', stored_datetime::TIMESTAMP_TZ)  AS lab_stored_at,
),  __dbt__cte__stg_prescriptions as (
WITH raw_prescriptions AS (
    SELECT *
    FROM raw.public.prescriptions 
)
SELECT 
    prescription_id,
    patient_id,
    admission_id,
    provider_id,
    drug_id,
    CAST(prescribed_date AS TIMESTAMP) AS prescribed_date,
    INITCAP(status) AS status
FROM raw_prescriptions
), providers AS (
    SELECT *
    FROM __dbt__cte__stg_providers
),

admissions AS (
    SELECT *
    FROM __dbt__cte__stg_admissions
),

diagnosis AS (
    SELECT *
    FROM __dbt__cte__stg_diagnosis
),

lab_events AS (
    SELECT *
    FROM __dbt__cte__stg_lab_events
),

prescriptions AS (
    SELECT *
    FROM __dbt__cte__stg_prescriptions
),


encounter_metrics AS (
    SELECT
        provider_id,

        COUNT(DISTINCT admission_id) AS total_encounters,
        COUNT(DISTINCT patient_id) AS unique_patients,

        AVG(total_cost) AS avg_encounter_cost,

        SUM(
            CASE 
                WHEN hospital_expire_flag = 1 THEN 1
                ELSE 0
            END
        ) * 1.0 / NULLIF(COUNT(*), 0) AS mortality_rate

    FROM admissions
    GROUP BY provider_id
),


diagnosis_metrics AS (
    SELECT
        provider_id,
        COUNT(*) AS total_diagnoses
    FROM diagnosis
    GROUP BY provider_id
),


lab_metrics AS (
    SELECT
        provider_id,
        COUNT(*) AS total_lab_orders
    FROM lab_events
    GROUP BY provider_id
),

prescription_metrics AS (
    SELECT
        provider_id,
        COUNT(*) AS total_prescriptions
    FROM prescriptions
    GROUP BY provider_id
)

SELECT
    md5(cast(coalesce(cast(p.provider_id as TEXT), '_dbt_utils_surrogate_key_null_') as TEXT)) AS provider_performance_key,
    p.provider_id,

    p.provider_full_name,
    p.provider_specialty,
    p.provider_city,
    p.provider_state_code,

   
    COALESCE(em.total_encounters, 0) AS total_encounters,
    COALESCE(em.unique_patients, 0) AS unique_patients,
    COALESCE(dm.total_diagnoses, 0) AS total_diagnoses,
    COALESCE(lm.total_lab_orders, 0) AS total_lab_orders,
    COALESCE(pm.total_prescriptions, 0) AS total_prescriptions,
    COALESCE(em.mortality_rate, 0) AS mortality_rate

FROM providers p

LEFT JOIN encounter_metrics em
    ON p.provider_id = em.provider_id

LEFT JOIN diagnosis_metrics dm
    ON p.provider_id = dm.provider_id

LEFT JOIN lab_metrics lm
    ON p.provider_id = lm.provider_id

LEFT JOIN prescription_metrics pm
    ON p.provider_id = pm.provider_id
    )

/* {"app": "dbt", "dbt_version": "1.11.7", "profile_name": "raqib_sf", "target_name": "dev", "node_id": "model.raqib_sf.fact_providers_performance"} */;
[0m06:21:35.399853 [debug] [Thread-4 (]: SQL status: SUCCESS 4500 in 0.818 seconds
[0m06:21:35.410850 [debug] [Thread-4 (]: Applying DROP to: prod.dbt_dev_marts.dim_provider__dbt_tmp
[0m06:21:35.413856 [debug] [Thread-4 (]: Using snowflake connection "model.raqib_sf.dim_provider"
[0m06:21:35.414855 [debug] [Thread-4 (]: On model.raqib_sf.dim_provider: drop view if exists prod.dbt_dev_marts.dim_provider__dbt_tmp cascade
/* {"app": "dbt", "dbt_version": "1.11.7", "profile_name": "raqib_sf", "target_name": "dev", "node_id": "model.raqib_sf.dim_provider"} */
[0m06:21:35.517409 [debug] [Thread-4 (]: SQL status: SUCCESS 1 in 0.101 seconds
[0m06:21:35.519483 [debug] [Thread-4 (]: Sending event: {'category': 'dbt', 'action': 'run_model', 'label': '9f6ca335-4cb9-429e-99d3-33aadd1a1643', 'context': [<snowplow_tracker.self_describing_json.SelfDescribingJson object at 0x000001D736AF3BC0>]}
[0m06:21:35.520472 [info ] [Thread-4 (]: 10 of 20 OK created sql incremental model prod.dbt_dev_marts.dim_provider ...... [[32mSUCCESS 4500[0m in 0.97s]
[0m06:21:35.521474 [debug] [Thread-4 (]: Finished running node model.raqib_sf.dim_provider
[0m06:21:35.522437 [debug] [Thread-4 (]: Began running node model.raqib_sf.int_encounters
[0m06:21:35.523435 [info ] [Thread-4 (]: 12 of 20 START sql view model dbt_dev.int_encounters ........................... [RUN]
[0m06:21:35.524473 [debug] [Thread-4 (]: Re-using an available connection from the pool (formerly model.raqib_sf.dim_provider, now model.raqib_sf.int_encounters)
[0m06:21:35.524473 [debug] [Thread-4 (]: Began compiling node model.raqib_sf.int_encounters
[0m06:21:35.562287 [debug] [Thread-4 (]: Writing injected SQL for node "model.raqib_sf.int_encounters"
[0m06:21:35.563250 [debug] [Thread-5 (]: SQL status: SUCCESS 115063 in 1.438 seconds
[0m06:21:35.567288 [debug] [Thread-5 (]: Applying DROP to: prod.dbt_dev_marts.dim_patients__dbt_tmp
[0m06:21:35.568288 [debug] [Thread-5 (]: Using snowflake connection "model.raqib_sf.dim_patients"
[0m06:21:35.568288 [debug] [Thread-5 (]: On model.raqib_sf.dim_patients: drop view if exists prod.dbt_dev_marts.dim_patients__dbt_tmp cascade
/* {"app": "dbt", "dbt_version": "1.11.7", "profile_name": "raqib_sf", "target_name": "dev", "node_id": "model.raqib_sf.dim_patients"} */
[0m06:21:35.570253 [debug] [Thread-4 (]: Began executing node model.raqib_sf.int_encounters
[0m06:21:35.573296 [debug] [Thread-4 (]: Writing runtime sql for node "model.raqib_sf.int_encounters"
[0m06:21:35.581251 [debug] [Thread-4 (]: Using snowflake connection "model.raqib_sf.int_encounters"
[0m06:21:35.582254 [debug] [Thread-4 (]: On model.raqib_sf.int_encounters: create or replace   view dev.dbt_dev.int_encounters
  
  
  
  
  as (
    WITH  __dbt__cte__stg_admissions as (
WITH raw_admissions AS (
    SELECT * 
    FROM raw.public.admissions
)

SELECT 
    admission_id,
    patient_id,
    admission_provider_id                                       AS provider_id,
    CAST(ADMISSION_DATETIME_IN AS TIMESTAMP)                    AS admitted_at,
    CAST(ADMISSION_DATETIME_OUT AS TIMESTAMP)                   AS discharged_at,
    UPPER(LEFT(admission_type, 1)) 
        || LOWER(SUBSTR(admission_type, 2))                     AS admission_type,
    admission_location,
    discharge_location,
    INITCAP(insurance_type)                                     AS insurance_type,
    total_cost,
    payer_coverage,
    hospital_expire_flag,
    primary_sdk
FROM raw_admissions
),  __dbt__cte__stg_patients as (
WITH raw_patients AS (
    SELECT *
    FROM raw.public.patients
)

SELECT 
    patient_id,
    ssn,
    INITCAP(first_name || ' ' || last_name) AS full_name,
    birthdate::DATE AS birthdate,
    YEAR(birthdate::DATE) AS birth_year,
    deathdate::DATE AS deathdate,
    CASE 
        WHEN deathdate IS NOT NULL THEN TRUE
        ELSE FALSE
    END AS is_dead,
    blood_type,
    CASE 
        WHEN marital = 'S' THEN 'Single'
        WHEN marital = 'M' THEN 'Married'
        WHEN marital = 'D' THEN 'Divorced'
        WHEN marital = 'W' THEN 'Widowed'
    END AS marital_status,
    INITCAP(REPLACE(race, '/', ' / ')) AS race,
    CASE
        WHEN UPPER(TRIM(ethnicity)) IN ('HISPANIC', 'HISPANIC OR LATINO')
            THEN 'Hispanic or Latino'
        WHEN UPPER(TRIM(ethnicity)) IN ('NONHISPANIC', 'NOT HISPANIC OR LATINO')
            THEN 'Not Hispanic or Latino'
        ELSE 'Unknown'
    END AS ethnicity,
    CASE 
        WHEN gender = 'F' THEN 'Female'
        WHEN gender = 'M' THEN 'Male'
        ELSE 'Unknown'
    END AS gender,
    INITCAP(language) AS spoken_language,
    INITCAP(TRIM(SPLIT_PART(birthplace, ',', 1))) AS birth_city,
    CASE UPPER(TRIM(SPLIT_PART(birthplace, ',',2)))
    WHEN 'CT' THEN 'Connecticut'
    WHEN 'ME' THEN 'Maine'
    WHEN 'MA' THEN 'Massachusetts'
    WHEN 'NH' THEN 'New Hampshire'
    WHEN 'RI' THEN 'Rhode Island'
    WHEN 'VT' THEN 'Vermont'
    WHEN 'NY' THEN 'New York'
    END AS birth_state,
    address,
    INITCAP(city) AS city,
    CASE UPPER(TRIM(country))
        WHEN 'US' THEN 'United States'
        WHEN 'UK' THEN 'United Kingdom' 
    END AS country,
    CAST(healthcare_expenses AS FLOAT) AS healthcare_expenses,
    CAST(healthcare_coverage AS FLOAT) AS healthcare_coverage,
    income AS income_usd
  
FROM raw_patients
),  __dbt__cte__stg_providers as (
WITH raw_providers AS (
    SELECT * 
    FROM raw.public.providers
)

SELECT 
    npi AS provider_id,
    INITCAP(provider_first_name || ' ' || provider_last_name) AS provider_full_name,
    INITCAP(provider_name_prefix) AS provider_name_prefix,
    REGEXP_LIKE(provider_name_prefix, '\\.$') AS is_valid_prefix,
    INITCAP(provider_address) AS provider_address,
    INITCAP(provider_city) AS provider_city,
    TRIM(provider_state_code) AS provider_state_code,
    TRIM(provider_country_code) AS provider_country_code,
    provider_postal_code,
    CASE 
        WHEN provider_sex_code = 'M' OR provider_sex_code = 'm' THEN 'Male'
        WHEN provider_sex_code = 'F' OR provider_sex_code = 'f' THEN 'Female'
        ELSE 'Unknown'
    END AS provider_gender,
    provider_telephone_number,
    CAST(provider_enumeration_date AS DATE) AS provider_enumeration_date,
    CASE 
        WHEN CAST(provider_enumeration_date AS DATE) IS NOT NULL THEN TRUE
        ELSE FALSE
    END AS is_valid_enumeration_date,
    CAST(provider_join_date AS DATE) AS provider_join_date,
    CASE 
        WHEN DATE(provider_join_date, 'YYYY-MM-DD') IS NOT NULL THEN TRUE
        ELSE FALSE
    END AS is_valid_join_date,
    provider_specialty

FROM raw_providers
), admissions AS (
    SELECT *
    FROM __dbt__cte__stg_admissions
),

patients AS (
    SELECT *
    FROM __dbt__cte__stg_patients
),

providers AS (
    SELECT *
    FROM __dbt__cte__stg_providers
),

base AS (
    SELECT
        md5(cast(coalesce(cast(a.admission_id as TEXT), '_dbt_utils_surrogate_key_null_') as TEXT))  AS encounter_key,
        a.admission_id,
        a.patient_id,
        a.provider_id,
        a.primary_sdk,
        a.admitted_at,
        a.discharged_at,

        CASE
            WHEN a.discharged_at IS NULL THEN TRUE
            ELSE FALSE
        END                                                         AS is_active_encounter,

        a.admission_type,
        a.admission_location,
        a.discharge_location,
        a.total_cost,
        a.payer_coverage,
        a.hospital_expire_flag,
        p.birthdate,
        pr.provider_specialty

    FROM admissions a
    LEFT JOIN patients p  ON a.patient_id  = p.patient_id
    LEFT JOIN providers pr ON a.provider_id = pr.provider_id
),

final AS (
    SELECT
        encounter_key,
        admission_id,
        patient_id,
        provider_id,
        primary_sdk,
        provider_specialty,

        admitted_at,
        discharged_at,
        is_active_encounter,

        DATEDIFF(
            'day',
            admitted_at,
            COALESCE(discharged_at, CURRENT_TIMESTAMP)
        )                                                           AS length_of_stay_days,

        admission_type,
        admission_location,
        discharge_location,

        total_cost,
        payer_coverage,

        ROUND(
            payer_coverage / NULLIF(total_cost, 0) * 100, 1
        )                                                           AS coverage_percentage,

        total_cost - payer_coverage                                 AS out_of_pocket_cost,

        DATEDIFF(
            'year',
            birthdate,
            admitted_at
        )                                                           AS age_at_admission,

        CASE
            WHEN DATEDIFF('year', birthdate, admitted_at) < 12
                THEN 'Child'
            WHEN DATEDIFF('year', birthdate, admitted_at) BETWEEN 12 AND 17
                THEN 'Teen'
            WHEN DATEDIFF('year', birthdate, admitted_at) BETWEEN 18 AND 60
                THEN 'Adult'
            ELSE 'Senior'
        END                                                         AS age_group,

        CASE
            WHEN hospital_expire_flag THEN 'Deceased'
            ELSE 'Alive'
        END                                                         AS discharge_status

    FROM base
)

SELECT *
FROM final
  )
/* {"app": "dbt", "dbt_version": "1.11.7", "profile_name": "raqib_sf", "target_name": "dev", "node_id": "model.raqib_sf.int_encounters"} */;
[0m06:21:35.704132 [debug] [Thread-5 (]: SQL status: SUCCESS 1 in 0.134 seconds
[0m06:21:35.709132 [debug] [Thread-5 (]: Sending event: {'category': 'dbt', 'action': 'run_model', 'label': '9f6ca335-4cb9-429e-99d3-33aadd1a1643', 'context': [<snowplow_tracker.self_describing_json.SelfDescribingJson object at 0x000001D737BA4F80>]}
[0m06:21:35.711132 [info ] [Thread-5 (]: 9 of 20 OK created sql incremental model prod.dbt_dev_marts.dim_patients ....... [[32mSUCCESS 115063[0m in 1.62s]
[0m06:21:35.714199 [debug] [Thread-5 (]: Finished running node model.raqib_sf.dim_patients
[0m06:21:35.715195 [debug] [Thread-5 (]: Began running node model.raqib_sf.dim_services
[0m06:21:35.717132 [info ] [Thread-5 (]: 13 of 20 START sql table model prod.dbt_dev_marts.dim_services ................. [RUN]
[0m06:21:35.718130 [debug] [Thread-5 (]: Re-using an available connection from the pool (formerly model.raqib_sf.dim_patients, now model.raqib_sf.dim_services)
[0m06:21:35.719141 [debug] [Thread-5 (]: Began compiling node model.raqib_sf.dim_services
[0m06:21:35.845607 [debug] [Thread-5 (]: Writing injected SQL for node "model.raqib_sf.dim_services"
[0m06:21:35.847614 [debug] [Thread-3 (]: SQL status: SUCCESS 500000 in 2.997 seconds
[0m06:21:35.849797 [debug] [Thread-3 (]: Sending event: {'category': 'dbt', 'action': 'run_model', 'label': '9f6ca335-4cb9-429e-99d3-33aadd1a1643', 'context': [<snowplow_tracker.self_describing_json.SelfDescribingJson object at 0x000001D736B2DDF0>]}
[0m06:21:35.851754 [debug] [Thread-5 (]: Began executing node model.raqib_sf.dim_services
[0m06:21:35.855040 [debug] [Thread-5 (]: Writing runtime sql for node "model.raqib_sf.dim_services"
[0m06:21:35.850796 [info ] [Thread-3 (]: 5 of 20 OK created sql table model prod.dbt_dev_marts.dim_diagnosis ............ [[32mSUCCESS 500000[0m in 3.02s]
[0m06:21:35.856035 [debug] [Thread-3 (]: Finished running node model.raqib_sf.dim_diagnosis
[0m06:21:35.857037 [debug] [Thread-3 (]: Began running node model.raqib_sf.fact_lab_results
[0m06:21:35.857994 [info ] [Thread-3 (]: 14 of 20 START sql table model prod.dbt_dev_marts.fact_lab_results ............. [RUN]
[0m06:21:35.857994 [debug] [Thread-3 (]: Re-using an available connection from the pool (formerly model.raqib_sf.dim_diagnosis, now model.raqib_sf.fact_lab_results)
[0m06:21:35.858993 [debug] [Thread-3 (]: Began compiling node model.raqib_sf.fact_lab_results
[0m06:21:35.863511 [debug] [Thread-3 (]: Writing injected SQL for node "model.raqib_sf.fact_lab_results"
[0m06:21:35.866524 [debug] [Thread-5 (]: Using snowflake connection "model.raqib_sf.dim_services"
[0m06:21:35.867557 [debug] [Thread-5 (]: On model.raqib_sf.dim_services: create or replace transient table prod.dbt_dev_marts.dim_services
    
    
    
    as (

with  __dbt__cte__stg_services as (
WITH raw_services AS (
    SELECT *
    FROM raw.public.services
)

SELECT 
    patient_id,
    admission_id,
    service_id,
    REGEXP_LIKE(service_id, '^SVC[0-9]+$') AS is_valid_service_id,
    CASE 
        WHEN CONTAINS(service_name, '–') 
        THEN TRIM(SPLIT_PART(service_name, '–', 1))
        WHEN CONTAINS(service_name, '(')
        THEN TRIM(SPLIT_PART(service_name, '(', 1))
        ELSE service_name 
    END AS service_name,

    CASE 
        WHEN CONTAINS(service_name, '–')
        THEN TRIM(SPLIT_PART(service_name, '–', 2))
        WHEN CONTAINS(service_name, '(')
        THEN TRIM(REPLACE(SPLIT_PART(service_name, '(', 2), ')', ''))
        ELSE NULL
    END AS service_sub_type,
    INITCAP(category) AS category,
    TRY_CAST(cost AS FLOAT) AS cost,
    duration AS service_duration_in_minutes
    
FROM raw_services
), services as (
    select *
    from __dbt__cte__stg_services
)

select    
    md5(cast(coalesce(cast(service_id as TEXT), '_dbt_utils_surrogate_key_null_') as TEXT)) AS service_dim_key,
    service_name,
    service_sub_type,
    category 
from services
    )

/* {"app": "dbt", "dbt_version": "1.11.7", "profile_name": "raqib_sf", "target_name": "dev", "node_id": "model.raqib_sf.dim_services"} */;
[0m06:21:35.868556 [debug] [Thread-3 (]: Began executing node model.raqib_sf.fact_lab_results
[0m06:21:35.871563 [debug] [Thread-3 (]: Writing runtime sql for node "model.raqib_sf.fact_lab_results"
[0m06:21:35.873521 [debug] [Thread-3 (]: Using snowflake connection "model.raqib_sf.fact_lab_results"
[0m06:21:35.874521 [debug] [Thread-3 (]: On model.raqib_sf.fact_lab_results: create or replace transient table prod.dbt_dev_marts.fact_lab_results
    
    
    
    as (

SELECT
    lab_event_key,
    lab_event_id,
    patient_id,
    admission_id,
    provider_id,
    specimen_id,
    item_id,
    lab_done_at,
    lab_stored_at,
    test_name,
    label_sub_type,
    fluid,
    category_type,
    category_sub_type,
    specialty_1,
    specialty_2,
    result_value,
    measurement_unit,
    range_lower,
    range_higher,
    abnormal_flag,
    cost
FROM dev.dbt_dev.int_lab_analysis
    )

/* {"app": "dbt", "dbt_version": "1.11.7", "profile_name": "raqib_sf", "target_name": "dev", "node_id": "model.raqib_sf.fact_lab_results"} */;
[0m06:21:35.970486 [debug] [Thread-4 (]: SQL status: SUCCESS 1 in 0.387 seconds
[0m06:21:35.976587 [debug] [Thread-4 (]: Sending event: {'category': 'dbt', 'action': 'run_model', 'label': '9f6ca335-4cb9-429e-99d3-33aadd1a1643', 'context': [<snowplow_tracker.self_describing_json.SelfDescribingJson object at 0x000001D736A05220>]}
[0m06:21:35.978586 [info ] [Thread-4 (]: 12 of 20 OK created sql view model dbt_dev.int_encounters ...................... [[32mSUCCESS 1[0m in 0.45s]
[0m06:21:35.981547 [debug] [Thread-4 (]: Finished running node model.raqib_sf.int_encounters
[0m06:21:35.983546 [debug] [Thread-4 (]: Began running node model.raqib_sf.fact_encounters
[0m06:21:35.985583 [info ] [Thread-4 (]: 15 of 20 START sql incremental model prod.dbt_dev_marts.fact_encounters ........ [RUN]
[0m06:21:35.986539 [debug] [Thread-4 (]: Re-using an available connection from the pool (formerly model.raqib_sf.int_encounters, now model.raqib_sf.fact_encounters)
[0m06:21:35.987538 [debug] [Thread-4 (]: Began compiling node model.raqib_sf.fact_encounters
[0m06:21:35.995533 [debug] [Thread-4 (]: Writing injected SQL for node "model.raqib_sf.fact_encounters"
[0m06:21:35.997532 [debug] [Thread-4 (]: Began executing node model.raqib_sf.fact_encounters
[0m06:21:36.003520 [debug] [Thread-4 (]: Writing runtime sql for node "model.raqib_sf.fact_encounters"
[0m06:21:36.006522 [debug] [Thread-4 (]: Using snowflake connection "model.raqib_sf.fact_encounters"
[0m06:21:36.007524 [debug] [Thread-4 (]: On model.raqib_sf.fact_encounters: create or replace transient table prod.dbt_dev_marts.fact_encounters
    
    
    
    as (SELECT
    encounter_key,
    admission_id,
    patient_id,
    provider_id,
    primary_sdk,
    provider_specialty,
    admitted_at,
    discharged_at,
    is_active_encounter,
    length_of_stay_days,
    admission_type,
    admission_location,
    discharge_location,
    total_cost,
    payer_coverage,
    coverage_percentage,
    out_of_pocket_cost,
    age_at_admission,
    age_group,
    discharge_status
FROM dev.dbt_dev.int_encounters
    )

/* {"app": "dbt", "dbt_version": "1.11.7", "profile_name": "raqib_sf", "target_name": "dev", "node_id": "model.raqib_sf.fact_encounters"} */;
[0m06:21:36.814020 [debug] [Thread-2 (]: SQL status: SUCCESS 4500 in 2.089 seconds
[0m06:21:36.818017 [debug] [Thread-2 (]: Applying DROP to: prod.dbt_dev_marts.fact_providers_performance__dbt_tmp
[0m06:21:36.819017 [debug] [Thread-2 (]: Using snowflake connection "model.raqib_sf.fact_providers_performance"
[0m06:21:36.820017 [debug] [Thread-2 (]: On model.raqib_sf.fact_providers_performance: drop view if exists prod.dbt_dev_marts.fact_providers_performance__dbt_tmp cascade
/* {"app": "dbt", "dbt_version": "1.11.7", "profile_name": "raqib_sf", "target_name": "dev", "node_id": "model.raqib_sf.fact_providers_performance"} */
[0m06:21:36.939965 [debug] [Thread-2 (]: SQL status: SUCCESS 1 in 0.119 seconds
[0m06:21:36.947963 [debug] [Thread-2 (]: Sending event: {'category': 'dbt', 'action': 'run_model', 'label': '9f6ca335-4cb9-429e-99d3-33aadd1a1643', 'context': [<snowplow_tracker.self_describing_json.SelfDescribingJson object at 0x000001D734E49940>]}
[0m06:21:36.949964 [info ] [Thread-2 (]: 11 of 20 OK created sql incremental model prod.dbt_dev_marts.fact_providers_performance  [[32mSUCCESS 4500[0m in 2.27s]
[0m06:21:36.952931 [debug] [Thread-2 (]: Finished running node model.raqib_sf.fact_providers_performance
[0m06:21:36.954932 [debug] [Thread-2 (]: Began running node model.raqib_sf.fact_patient_finances
[0m06:21:36.956939 [info ] [Thread-2 (]: 16 of 20 START sql table model prod.dbt_dev_marts.fact_patient_finances ........ [RUN]
[0m06:21:36.958926 [debug] [Thread-2 (]: Re-using an available connection from the pool (formerly model.raqib_sf.fact_providers_performance, now model.raqib_sf.fact_patient_finances)
[0m06:21:36.960114 [debug] [Thread-2 (]: Began compiling node model.raqib_sf.fact_patient_finances
[0m06:21:36.987256 [debug] [Thread-2 (]: Writing injected SQL for node "model.raqib_sf.fact_patient_finances"
[0m06:21:36.989222 [debug] [Thread-2 (]: Began executing node model.raqib_sf.fact_patient_finances
[0m06:21:36.993316 [debug] [Thread-2 (]: Writing runtime sql for node "model.raqib_sf.fact_patient_finances"
[0m06:21:36.996367 [debug] [Thread-2 (]: Using snowflake connection "model.raqib_sf.fact_patient_finances"
[0m06:21:36.997365 [debug] [Thread-2 (]: On model.raqib_sf.fact_patient_finances: create or replace transient table prod.dbt_dev_marts.fact_patient_finances
    
    
    
    as (

WITH  __dbt__cte__stg_patients as (
WITH raw_patients AS (
    SELECT *
    FROM raw.public.patients
)

SELECT 
    patient_id,
    ssn,
    INITCAP(first_name || ' ' || last_name) AS full_name,
    birthdate::DATE AS birthdate,
    YEAR(birthdate::DATE) AS birth_year,
    deathdate::DATE AS deathdate,
    CASE 
        WHEN deathdate IS NOT NULL THEN TRUE
        ELSE FALSE
    END AS is_dead,
    blood_type,
    CASE 
        WHEN marital = 'S' THEN 'Single'
        WHEN marital = 'M' THEN 'Married'
        WHEN marital = 'D' THEN 'Divorced'
        WHEN marital = 'W' THEN 'Widowed'
    END AS marital_status,
    INITCAP(REPLACE(race, '/', ' / ')) AS race,
    CASE
        WHEN UPPER(TRIM(ethnicity)) IN ('HISPANIC', 'HISPANIC OR LATINO')
            THEN 'Hispanic or Latino'
        WHEN UPPER(TRIM(ethnicity)) IN ('NONHISPANIC', 'NOT HISPANIC OR LATINO')
            THEN 'Not Hispanic or Latino'
        ELSE 'Unknown'
    END AS ethnicity,
    CASE 
        WHEN gender = 'F' THEN 'Female'
        WHEN gender = 'M' THEN 'Male'
        ELSE 'Unknown'
    END AS gender,
    INITCAP(language) AS spoken_language,
    INITCAP(TRIM(SPLIT_PART(birthplace, ',', 1))) AS birth_city,
    CASE UPPER(TRIM(SPLIT_PART(birthplace, ',',2)))
    WHEN 'CT' THEN 'Connecticut'
    WHEN 'ME' THEN 'Maine'
    WHEN 'MA' THEN 'Massachusetts'
    WHEN 'NH' THEN 'New Hampshire'
    WHEN 'RI' THEN 'Rhode Island'
    WHEN 'VT' THEN 'Vermont'
    WHEN 'NY' THEN 'New York'
    END AS birth_state,
    address,
    INITCAP(city) AS city,
    CASE UPPER(TRIM(country))
        WHEN 'US' THEN 'United States'
        WHEN 'UK' THEN 'United Kingdom' 
    END AS country,
    CAST(healthcare_expenses AS FLOAT) AS healthcare_expenses,
    CAST(healthcare_coverage AS FLOAT) AS healthcare_coverage,
    income AS income_usd
  
FROM raw_patients
), patients AS (
    SELECT
        patient_id,
        healthcare_expenses,
        healthcare_coverage,
        income_usd
    FROM __dbt__cte__stg_patients
),

encounter_finances AS (
    SELECT
        patient_id,
        SUM(total_cost)          AS total_admissions_cost,
        SUM(payer_coverage)      AS total_payer_coverage,
        SUM(out_of_pocket_cost)  AS total_out_of_pocket,
        AVG(coverage_percentage) AS avg_coverage_percentage
    FROM dev.dbt_dev.int_encounters
    GROUP BY patient_id
)

SELECT
    md5(cast(coalesce(cast(p.patient_id as TEXT), '_dbt_utils_surrogate_key_null_') as TEXT)) AS patient_key,
    p.patient_id,
    p.healthcare_expenses,
    p.healthcare_coverage,
    p.income_usd,
    COALESCE(ef.total_admissions_cost, 0)    AS total_admissions_cost,
    COALESCE(ef.total_payer_coverage, 0)     AS total_payer_coverage,
    COALESCE(ef.total_out_of_pocket, 0)      AS total_out_of_pocket,
    COALESCE(ef.avg_coverage_percentage, 0)  AS avg_coverage_percentage
FROM patients p
LEFT JOIN encounter_finances ef ON p.patient_id = ef.patient_id
    )

/* {"app": "dbt", "dbt_version": "1.11.7", "profile_name": "raqib_sf", "target_name": "dev", "node_id": "model.raqib_sf.fact_patient_finances"} */;
[0m06:21:38.760485 [debug] [Thread-2 (]: SQL status: SUCCESS 115063 in 1.762 seconds
[0m06:21:38.763460 [debug] [Thread-2 (]: Sending event: {'category': 'dbt', 'action': 'run_model', 'label': '9f6ca335-4cb9-429e-99d3-33aadd1a1643', 'context': [<snowplow_tracker.self_describing_json.SelfDescribingJson object at 0x000001D71B096300>]}
[0m06:21:38.764460 [info ] [Thread-2 (]: 16 of 20 OK created sql table model prod.dbt_dev_marts.fact_patient_finances ... [[32mSUCCESS 115063[0m in 1.80s]
[0m06:21:38.765415 [debug] [Thread-2 (]: Finished running node model.raqib_sf.fact_patient_finances
[0m06:21:38.766416 [debug] [Thread-2 (]: Began running node model.raqib_sf.fact_patient_services
[0m06:21:38.767416 [info ] [Thread-2 (]: 17 of 20 START sql incremental model prod.dbt_dev_marts.fact_patient_services .. [RUN]
[0m06:21:38.767416 [debug] [Thread-2 (]: Re-using an available connection from the pool (formerly model.raqib_sf.fact_patient_finances, now model.raqib_sf.fact_patient_services)
[0m06:21:38.768467 [debug] [Thread-2 (]: Began compiling node model.raqib_sf.fact_patient_services
[0m06:21:38.782029 [debug] [Thread-2 (]: Writing injected SQL for node "model.raqib_sf.fact_patient_services"
[0m06:21:38.783571 [debug] [Thread-2 (]: Began executing node model.raqib_sf.fact_patient_services
[0m06:21:38.788493 [debug] [Thread-2 (]: Writing runtime sql for node "model.raqib_sf.fact_patient_services"
[0m06:21:38.790663 [debug] [Thread-2 (]: Using snowflake connection "model.raqib_sf.fact_patient_services"
[0m06:21:38.791712 [debug] [Thread-2 (]: On model.raqib_sf.fact_patient_services: create or replace transient table prod.dbt_dev_marts.fact_patient_services
    
    
    
    as (WITH  __dbt__cte__stg_services as (
WITH raw_services AS (
    SELECT *
    FROM raw.public.services
)

SELECT 
    patient_id,
    admission_id,
    service_id,
    REGEXP_LIKE(service_id, '^SVC[0-9]+$') AS is_valid_service_id,
    CASE 
        WHEN CONTAINS(service_name, '–') 
        THEN TRIM(SPLIT_PART(service_name, '–', 1))
        WHEN CONTAINS(service_name, '(')
        THEN TRIM(SPLIT_PART(service_name, '(', 1))
        ELSE service_name 
    END AS service_name,

    CASE 
        WHEN CONTAINS(service_name, '–')
        THEN TRIM(SPLIT_PART(service_name, '–', 2))
        WHEN CONTAINS(service_name, '(')
        THEN TRIM(REPLACE(SPLIT_PART(service_name, '(', 2), ')', ''))
        ELSE NULL
    END AS service_sub_type,
    INITCAP(category) AS category,
    TRY_CAST(cost AS FLOAT) AS cost,
    duration AS service_duration_in_minutes
    
FROM raw_services
), services AS (
    SELECT *
    FROM __dbt__cte__stg_services
)

SELECT
    md5(cast(coalesce(cast(s.service_id as TEXT), '_dbt_utils_surrogate_key_null_') || '-' || coalesce(cast(s.patient_id as TEXT), '_dbt_utils_surrogate_key_null_') || '-' || coalesce(cast(s.admission_id as TEXT), '_dbt_utils_surrogate_key_null_') as TEXT)) AS service_key,
    dp.patient_key,
    ie.encounter_key,
    s.service_id,
    s.patient_id,
    s.admission_id,
    s.cost,
    s.service_duration_in_minutes
FROM services s
LEFT JOIN prod.dbt_dev_marts.dim_patients dp ON s.patient_id = dp.patient_id
LEFT JOIN dev.dbt_dev.int_encounters ie ON s.admission_id = ie.admission_id
    )

/* {"app": "dbt", "dbt_version": "1.11.7", "profile_name": "raqib_sf", "target_name": "dev", "node_id": "model.raqib_sf.fact_patient_services"} */;
[0m06:21:39.147636 [debug] [Thread-5 (]: SQL status: SUCCESS 1663395 in 3.279 seconds
[0m06:21:39.154636 [debug] [Thread-5 (]: Sending event: {'category': 'dbt', 'action': 'run_model', 'label': '9f6ca335-4cb9-429e-99d3-33aadd1a1643', 'context': [<snowplow_tracker.self_describing_json.SelfDescribingJson object at 0x000001D736B3C320>]}
[0m06:21:39.157636 [info ] [Thread-5 (]: 13 of 20 OK created sql table model prod.dbt_dev_marts.dim_services ............ [[32mSUCCESS 1663395[0m in 3.44s]
[0m06:21:39.160691 [debug] [Thread-5 (]: Finished running node model.raqib_sf.dim_services
[0m06:21:39.162775 [debug] [Thread-5 (]: Began running node model.raqib_sf.fact_transfers
[0m06:21:39.164716 [info ] [Thread-5 (]: 18 of 20 START sql incremental model prod.dbt_dev_marts.fact_transfers ......... [RUN]
[0m06:21:39.166713 [debug] [Thread-5 (]: Re-using an available connection from the pool (formerly model.raqib_sf.dim_services, now model.raqib_sf.fact_transfers)
[0m06:21:39.169721 [debug] [Thread-5 (]: Began compiling node model.raqib_sf.fact_transfers
[0m06:21:39.193919 [debug] [Thread-5 (]: Writing injected SQL for node "model.raqib_sf.fact_transfers"
[0m06:21:39.196709 [debug] [Thread-5 (]: Began executing node model.raqib_sf.fact_transfers
[0m06:21:39.202754 [debug] [Thread-5 (]: Writing runtime sql for node "model.raqib_sf.fact_transfers"
[0m06:21:39.204755 [debug] [Thread-5 (]: Using snowflake connection "model.raqib_sf.fact_transfers"
[0m06:21:39.205755 [debug] [Thread-5 (]: On model.raqib_sf.fact_transfers: create or replace transient table prod.dbt_dev_marts.fact_transfers
    
    
    
    as (with __dbt__cte__stg_transfers as (
WITH raw_transfers AS (
    SELECT *
    FROM raw.public.transfers
)

SELECT 
    transfer_id,
    patient_id,
    admission_id,
    from_department,
    to_department,
    (from_department = to_department) AS is_same_department_transfer,
    CAST(transfer_datetime AS TIMESTAMP) AS transfer_datetime,
    transfer_reason
    
FROM raw_transfers
) SELECT
    md5(cast(coalesce(cast(t.transfer_id as TEXT), '_dbt_utils_surrogate_key_null_') || '-' || coalesce(cast(t.patient_id as TEXT), '_dbt_utils_surrogate_key_null_') || '-' || coalesce(cast(t.admission_id as TEXT), '_dbt_utils_surrogate_key_null_') as TEXT))                                       AS transfer_key,

    t.transfer_id,
    dp.patient_key,
    ie.encounter_key,
    dd.date_key                                 AS transfer_date_key,
    dt.time_key                                 AS transfer_time_key,
    t.from_department,
    t.to_department,
    t.is_same_department_transfer,
    t.transfer_reason

FROM __dbt__cte__stg_transfers t
LEFT JOIN prod.dbt_dev_marts.dim_patients dp
    ON t.patient_id = dp.patient_id
LEFT JOIN dev.dbt_dev.int_encounters ie
    ON t.admission_id = ie.admission_id
LEFT JOIN prod.dbt_dev_marts.dim_date dd
    ON CAST(t.transfer_datetime AS DATE) = dd.date_bk
LEFT JOIN prod.dbt_dev_marts.dim_time dt
    ON CAST(t.transfer_datetime AS TIME) = dt.time_bk
    )

/* {"app": "dbt", "dbt_version": "1.11.7", "profile_name": "raqib_sf", "target_name": "dev", "node_id": "model.raqib_sf.fact_transfers"} */;
[0m06:21:41.270211 [debug] [Thread-5 (]: SQL status: SUCCESS 119591 in 2.064 seconds
[0m06:21:41.281208 [debug] [Thread-5 (]: Applying DROP to: prod.dbt_dev_marts.fact_transfers__dbt_tmp
[0m06:21:41.283202 [debug] [Thread-5 (]: Using snowflake connection "model.raqib_sf.fact_transfers"
[0m06:21:41.284642 [debug] [Thread-5 (]: On model.raqib_sf.fact_transfers: drop view if exists prod.dbt_dev_marts.fact_transfers__dbt_tmp cascade
/* {"app": "dbt", "dbt_version": "1.11.7", "profile_name": "raqib_sf", "target_name": "dev", "node_id": "model.raqib_sf.fact_transfers"} */
[0m06:21:41.388902 [debug] [Thread-5 (]: SQL status: SUCCESS 1 in 0.102 seconds
[0m06:21:41.395898 [debug] [Thread-5 (]: Sending event: {'category': 'dbt', 'action': 'run_model', 'label': '9f6ca335-4cb9-429e-99d3-33aadd1a1643', 'context': [<snowplow_tracker.self_describing_json.SelfDescribingJson object at 0x000001D734E7DD60>]}
[0m06:21:41.397912 [info ] [Thread-5 (]: 18 of 20 OK created sql incremental model prod.dbt_dev_marts.fact_transfers .... [[32mSUCCESS 119591[0m in 2.23s]
[0m06:21:41.400899 [debug] [Thread-5 (]: Finished running node model.raqib_sf.fact_transfers
[0m06:21:41.402899 [debug] [Thread-5 (]: Began running node model.raqib_sf.int_clinical_events
[0m06:21:41.404197 [info ] [Thread-5 (]: 19 of 20 START sql view model dbt_dev.int_clinical_events ...................... [RUN]
[0m06:21:41.407231 [debug] [Thread-5 (]: Re-using an available connection from the pool (formerly model.raqib_sf.fact_transfers, now model.raqib_sf.int_clinical_events)
[0m06:21:41.408223 [debug] [Thread-5 (]: Began compiling node model.raqib_sf.int_clinical_events
[0m06:21:41.459211 [debug] [Thread-5 (]: Writing injected SQL for node "model.raqib_sf.int_clinical_events"
[0m06:21:41.460212 [debug] [Thread-5 (]: Began executing node model.raqib_sf.int_clinical_events
[0m06:21:41.463213 [debug] [Thread-5 (]: Writing runtime sql for node "model.raqib_sf.int_clinical_events"
[0m06:21:41.469212 [debug] [Thread-5 (]: Using snowflake connection "model.raqib_sf.int_clinical_events"
[0m06:21:41.470219 [debug] [Thread-5 (]: On model.raqib_sf.int_clinical_events: create or replace   view dev.dbt_dev.int_clinical_events
  
  
  
  
  as (
    WITH  __dbt__cte__stg_diagnosis as (
WITH raw_diagnosis AS (
    SELECT * 
    FROM raw.public.diagnosis
)

SELECT 
    diagnosis_id,
    patient_id,
    admission_id,
    provider_id,
    sub_domain_key,
    TRIM(REGEXP_REPLACE(description, '\\s*\\([^)]+\\)', '')) AS description,
    REGEXP_SUBSTR(description, '\\(([^)]+)\\)', 1, 1, 'e', 1) AS description_type,
    TRIM(SPLIT_PART(REGEXP_REPLACE(SPLIT_PART(sub_domain, ' – ', 2), '\\s*/\\s*', ' & '), ' & ', 1)) AS domain,
    NULLIF(TRIM(SPLIT_PART(REGEXP_REPLACE(SPLIT_PART(sub_domain, ' – ', 2), '\\s*/\\s*', ' & '), ' & ', 2)), '') AS sub_domain
FROM raw_diagnosis
),  __dbt__cte__stg_prescriptions as (
WITH raw_prescriptions AS (
    SELECT *
    FROM raw.public.prescriptions 
)
SELECT 
    prescription_id,
    patient_id,
    admission_id,
    provider_id,
    drug_id,
    CAST(prescribed_date AS TIMESTAMP) AS prescribed_date,
    INITCAP(status) AS status
FROM raw_prescriptions
),  __dbt__cte__stg_drugs as (
with raw_drugs as (
    select * 
    from raw.public.drugs
)

select 
    drug_id,
    case 
        when brand_name is not null then initcap(brand_name)
        when brand_name is null and generic_name ilike 'Atropine Sulfate Injection%' then 'AtroPen'
        when brand_name is null and generic_name ilike 'Midazolam Injection%' then 'Versed'
        when brand_name is null and generic_name = 'Tadalafil' then 'Cialis'
    end as brand_name,
    case 
        when generic_name is not null then initcap(generic_name) 
        when generic_name is null then brand_name
    end as generic_name,
    initcap(route) as route,
    indications,
    dosage,
    contraindications,
    side_effects,
    warnings,
    has_contraindications,
    has_side_effects
    
from raw_drugs
), all_events AS (
    SELECT 
        admission_id, 
        patient_id, 
        'Diagnosis'                                                      AS event_type, 
        description                                                      AS event_name, 
        NULL::TIMESTAMP                                                  AS event_date,
        NULL::FLOAT                                                      AS cost,
        diagnosis_id::VARCHAR                                            AS source_id
    FROM __dbt__cte__stg_diagnosis

    UNION ALL

    SELECT 
        le.admission_id, 
        le.patient_id, 
        'Lab'                                                            AS event_type, 
        le.test_name                                                        AS event_name, 
        le.lab_done_at                                                   AS event_date,
        le.cost,
        le.lab_event_id::VARCHAR                                         AS source_id
    FROM dev.dbt_dev.int_lab_analysis le

    UNION ALL

    SELECT 
        p.admission_id, 
        p.patient_id, 
        'Medication'                                                     AS event_type, 
        d.brand_name                                                     AS event_name, 
        p.prescribed_date                                                AS event_date,
        NULL::FLOAT                                                      AS cost,
        p.prescription_id::VARCHAR                                       AS source_id
    FROM __dbt__cte__stg_prescriptions p
    LEFT JOIN __dbt__cte__stg_drugs d 
        ON p.drug_id = d.drug_id
),

events_with_date AS (
    SELECT
        ae.admission_id,
        ae.patient_id,
        ae.event_type,
        ae.event_name,
        ae.source_id,
        ae.cost,
        COALESCE(ae.event_date, e.admitted_at)                          AS event_date
    FROM all_events ae
    LEFT JOIN dev.dbt_dev.int_encounters e 
        ON ae.admission_id = e.admission_id
)

SELECT
    md5(cast(coalesce(cast(admission_id as TEXT), '_dbt_utils_surrogate_key_null_') || '-' || coalesce(cast(event_type as TEXT), '_dbt_utils_surrogate_key_null_') || '-' || coalesce(cast(event_date as TEXT), '_dbt_utils_surrogate_key_null_') || '-' || coalesce(cast(event_name as TEXT), '_dbt_utils_surrogate_key_null_') || '-' || coalesce(cast(source_id as TEXT), '_dbt_utils_surrogate_key_null_') as TEXT))                                                                AS event_key,

    admission_id,
    patient_id,
    event_type,
    event_name,
    event_date,
    COALESCE(cost, 0)                                                    AS event_cost

FROM events_with_date
  )
/* {"app": "dbt", "dbt_version": "1.11.7", "profile_name": "raqib_sf", "target_name": "dev", "node_id": "model.raqib_sf.int_clinical_events"} */;
[0m06:21:41.956334 [debug] [Thread-5 (]: SQL status: SUCCESS 1 in 0.485 seconds
[0m06:21:41.962822 [debug] [Thread-5 (]: Sending event: {'category': 'dbt', 'action': 'run_model', 'label': '9f6ca335-4cb9-429e-99d3-33aadd1a1643', 'context': [<snowplow_tracker.self_describing_json.SelfDescribingJson object at 0x000001D736B3EA50>]}
[0m06:21:41.964774 [info ] [Thread-5 (]: 19 of 20 OK created sql view model dbt_dev.int_clinical_events ................. [[32mSUCCESS 1[0m in 0.56s]
[0m06:21:41.967814 [debug] [Thread-5 (]: Finished running node model.raqib_sf.int_clinical_events
[0m06:21:41.969821 [debug] [Thread-5 (]: Began running node model.raqib_sf.fact_clinical_events
[0m06:21:41.970821 [info ] [Thread-5 (]: 20 of 20 START sql incremental model prod.dbt_dev_marts.fact_clinical_events ... [RUN]
[0m06:21:41.972809 [debug] [Thread-5 (]: Re-using an available connection from the pool (formerly model.raqib_sf.int_clinical_events, now model.raqib_sf.fact_clinical_events)
[0m06:21:41.973774 [debug] [Thread-5 (]: Began compiling node model.raqib_sf.fact_clinical_events
[0m06:21:41.982147 [debug] [Thread-5 (]: Writing injected SQL for node "model.raqib_sf.fact_clinical_events"
[0m06:21:41.983160 [debug] [Thread-5 (]: Began executing node model.raqib_sf.fact_clinical_events
[0m06:21:41.991306 [debug] [Thread-5 (]: Writing runtime sql for node "model.raqib_sf.fact_clinical_events"
[0m06:21:41.992309 [debug] [Thread-5 (]: Using snowflake connection "model.raqib_sf.fact_clinical_events"
[0m06:21:41.993733 [debug] [Thread-5 (]: On model.raqib_sf.fact_clinical_events: create or replace transient table prod.dbt_dev_marts.fact_clinical_events
    
    
    
    as (SELECT
    event_key,
    admission_id,
    patient_id,
    event_type,
    event_name,
    event_date,
    event_cost
FROM dev.dbt_dev.int_clinical_events
    )

/* {"app": "dbt", "dbt_version": "1.11.7", "profile_name": "raqib_sf", "target_name": "dev", "node_id": "model.raqib_sf.fact_clinical_events"} */;
[0m06:21:42.381825 [debug] [Thread-2 (]: SQL status: SUCCESS 1663395 in 3.590 seconds
[0m06:21:42.385828 [debug] [Thread-2 (]: Applying DROP to: prod.dbt_dev_marts.fact_patient_services__dbt_tmp
[0m06:21:42.386828 [debug] [Thread-2 (]: Using snowflake connection "model.raqib_sf.fact_patient_services"
[0m06:21:42.387827 [debug] [Thread-2 (]: On model.raqib_sf.fact_patient_services: drop view if exists prod.dbt_dev_marts.fact_patient_services__dbt_tmp cascade
/* {"app": "dbt", "dbt_version": "1.11.7", "profile_name": "raqib_sf", "target_name": "dev", "node_id": "model.raqib_sf.fact_patient_services"} */
[0m06:21:42.476763 [debug] [Thread-3 (]: SQL status: SUCCESS 2093218 in 6.602 seconds
[0m06:21:42.480499 [debug] [Thread-3 (]: Sending event: {'category': 'dbt', 'action': 'run_model', 'label': '9f6ca335-4cb9-429e-99d3-33aadd1a1643', 'context': [<snowplow_tracker.self_describing_json.SelfDescribingJson object at 0x000001D736B92840>]}
[0m06:21:42.481648 [info ] [Thread-3 (]: 14 of 20 OK created sql table model prod.dbt_dev_marts.fact_lab_results ........ [[32mSUCCESS 2093218[0m in 6.62s]
[0m06:21:42.482676 [debug] [Thread-3 (]: Finished running node model.raqib_sf.fact_lab_results
[0m06:21:42.488675 [debug] [Thread-2 (]: SQL status: SUCCESS 1 in 0.101 seconds
[0m06:21:42.492240 [debug] [Thread-2 (]: Sending event: {'category': 'dbt', 'action': 'run_model', 'label': '9f6ca335-4cb9-429e-99d3-33aadd1a1643', 'context': [<snowplow_tracker.self_describing_json.SelfDescribingJson object at 0x000001D734DF6240>]}
[0m06:21:42.493240 [info ] [Thread-2 (]: 17 of 20 OK created sql incremental model prod.dbt_dev_marts.fact_patient_services  [[32mSUCCESS 1663395[0m in 3.72s]
[0m06:21:42.494241 [debug] [Thread-2 (]: Finished running node model.raqib_sf.fact_patient_services
[0m06:21:43.317688 [debug] [Thread-4 (]: SQL status: SUCCESS 5634706 in 7.309 seconds
[0m06:21:43.327690 [debug] [Thread-4 (]: Applying DROP to: prod.dbt_dev_marts.fact_encounters__dbt_tmp
[0m06:21:43.330703 [debug] [Thread-4 (]: Using snowflake connection "model.raqib_sf.fact_encounters"
[0m06:21:43.331699 [debug] [Thread-4 (]: On model.raqib_sf.fact_encounters: drop view if exists prod.dbt_dev_marts.fact_encounters__dbt_tmp cascade
/* {"app": "dbt", "dbt_version": "1.11.7", "profile_name": "raqib_sf", "target_name": "dev", "node_id": "model.raqib_sf.fact_encounters"} */
[0m06:21:43.438114 [debug] [Thread-4 (]: SQL status: SUCCESS 1 in 0.106 seconds
[0m06:21:43.447092 [debug] [Thread-4 (]: Sending event: {'category': 'dbt', 'action': 'run_model', 'label': '9f6ca335-4cb9-429e-99d3-33aadd1a1643', 'context': [<snowplow_tracker.self_describing_json.SelfDescribingJson object at 0x000001D73693CA40>]}
[0m06:21:43.449094 [info ] [Thread-4 (]: 15 of 20 OK created sql incremental model prod.dbt_dev_marts.fact_encounters ... [[32mSUCCESS 5634706[0m in 7.46s]
[0m06:21:43.452099 [debug] [Thread-4 (]: Finished running node model.raqib_sf.fact_encounters
[0m06:21:45.723187 [debug] [Thread-5 (]: SQL status: SUCCESS 3361583 in 3.728 seconds
[0m06:21:45.729275 [debug] [Thread-5 (]: Applying DROP to: prod.dbt_dev_marts.fact_clinical_events__dbt_tmp
[0m06:21:45.730272 [debug] [Thread-5 (]: Using snowflake connection "model.raqib_sf.fact_clinical_events"
[0m06:21:45.731271 [debug] [Thread-5 (]: On model.raqib_sf.fact_clinical_events: drop view if exists prod.dbt_dev_marts.fact_clinical_events__dbt_tmp cascade
/* {"app": "dbt", "dbt_version": "1.11.7", "profile_name": "raqib_sf", "target_name": "dev", "node_id": "model.raqib_sf.fact_clinical_events"} */
[0m06:21:46.143045 [debug] [Thread-5 (]: SQL status: SUCCESS 1 in 0.411 seconds
[0m06:21:46.145426 [debug] [Thread-5 (]: Sending event: {'category': 'dbt', 'action': 'run_model', 'label': '9f6ca335-4cb9-429e-99d3-33aadd1a1643', 'context': [<snowplow_tracker.self_describing_json.SelfDescribingJson object at 0x000001D736B3EA50>]}
[0m06:21:46.147037 [info ] [Thread-5 (]: 20 of 20 OK created sql incremental model prod.dbt_dev_marts.fact_clinical_events  [[32mSUCCESS 3361583[0m in 4.17s]
[0m06:21:46.148055 [debug] [Thread-5 (]: Finished running node model.raqib_sf.fact_clinical_events
[0m06:21:46.150056 [debug] [MainThread]: Connection 'master' was properly closed.
[0m06:21:46.151056 [debug] [MainThread]: Connection 'list_dev' was left open.
[0m06:21:46.151056 [debug] [MainThread]: On list_dev: Close
[0m06:21:46.346419 [debug] [MainThread]: Connection 'list_prod' was left open.
[0m06:21:46.347423 [debug] [MainThread]: On list_prod: Close
[0m06:21:46.525070 [debug] [MainThread]: Connection 'list_dev_dbt_dev' was left open.
[0m06:21:46.527055 [debug] [MainThread]: On list_dev_dbt_dev: Close
[0m06:21:46.719162 [debug] [MainThread]: Connection 'list_prod_dbt_dev_marts' was left open.
[0m06:21:46.720165 [debug] [MainThread]: On list_prod_dbt_dev_marts: Close
[0m06:21:46.913109 [debug] [MainThread]: Connection 'model.raqib_sf.fact_encounters' was left open.
[0m06:21:46.915119 [debug] [MainThread]: On model.raqib_sf.fact_encounters: Close
[0m06:21:47.116851 [debug] [MainThread]: Connection 'model.raqib_sf.fact_clinical_events' was left open.
[0m06:21:47.117847 [debug] [MainThread]: On model.raqib_sf.fact_clinical_events: Close
[0m06:21:47.306159 [debug] [MainThread]: Connection 'model.raqib_sf.fact_patient_services' was left open.
[0m06:21:47.308146 [debug] [MainThread]: On model.raqib_sf.fact_patient_services: Close
[0m06:21:47.496095 [debug] [MainThread]: Connection 'model.raqib_sf.fact_lab_results' was left open.
[0m06:21:47.497094 [debug] [MainThread]: On model.raqib_sf.fact_lab_results: Close
[0m06:21:47.723748 [info ] [MainThread]: 
[0m06:21:47.726752 [info ] [MainThread]: Finished running 11 incremental models, 6 table models, 3 view models in 0 hours 0 minutes and 19.91 seconds (19.91s).
[0m06:21:47.743768 [debug] [MainThread]: Command end result
[0m06:21:47.825387 [debug] [MainThread]: Wrote artifact WritableManifest to D:\ITI Data Engineering\ITI_GP\Raqib\Raqib\raqib_sf_dbt\target\manifest.json
[0m06:21:47.828347 [debug] [MainThread]: Wrote artifact SemanticManifest to D:\ITI Data Engineering\ITI_GP\Raqib\Raqib\raqib_sf_dbt\target\semantic_manifest.json
[0m06:21:47.834346 [debug] [MainThread]: Wrote artifact RunExecutionResult to D:\ITI Data Engineering\ITI_GP\Raqib\Raqib\raqib_sf_dbt\target\run_results.json
[0m06:21:47.835348 [info ] [MainThread]: 
[0m06:21:47.835348 [info ] [MainThread]: [32mCompleted successfully[0m
[0m06:21:47.836347 [info ] [MainThread]: 
[0m06:21:47.836347 [info ] [MainThread]: Done. PASS=20 WARN=0 ERROR=0 SKIP=0 NO-OP=0 TOTAL=20
[0m06:21:47.837350 [warn ] [MainThread]: [[33mWARNING[0m][DeprecationsSummary]: Deprecated functionality
Summary of encountered deprecations:
- MissingArgumentsPropertyInGenericTestDeprecation: 9 occurrences
To see all deprecation instances instead of just the first occurrence of each,
run command again with the `--show-all-deprecations` flag. You may also need to
run with `--no-partial-parse` as some deprecations are only encountered during
parsing.
[0m06:21:47.838381 [debug] [MainThread]: Command `dbt run` succeeded at 06:21:47.837350 after 24.31 seconds
[0m06:21:47.838381 [debug] [MainThread]: Sending event: {'category': 'dbt', 'action': 'invocation', 'label': 'end', 'context': [<snowplow_tracker.self_describing_json.SelfDescribingJson object at 0x000001D71FDAF410>, <snowplow_tracker.self_describing_json.SelfDescribingJson object at 0x000001D71FC68170>, <snowplow_tracker.self_describing_json.SelfDescribingJson object at 0x000001D71FC68110>]}
[0m06:21:47.838381 [debug] [MainThread]: Flushing usage events
[0m06:21:49.051342 [debug] [MainThread]: An error was encountered while trying to flush usage events
[0m07:15:24.801105 [debug] [MainThread]: Sending event: {'category': 'dbt', 'action': 'invocation', 'label': 'start', 'context': [<snowplow_tracker.self_describing_json.SelfDescribingJson object at 0x000001483464DEB0>, <snowplow_tracker.self_describing_json.SelfDescribingJson object at 0x0000014833AB9A00>, <snowplow_tracker.self_describing_json.SelfDescribingJson object at 0x0000014832D6F500>]}


============================== 07:15:24.809386 | 2ffb9154-474a-44d2-a097-2361be34bdc5 ==============================
[0m07:15:24.809386 [info ] [MainThread]: Running with dbt=1.11.7
[0m07:15:24.810381 [debug] [MainThread]: running dbt with arguments {'static_parser': 'True', 'no_print': 'None', 'version_check': 'True', 'target_path': 'None', 'warn_error_options': 'WarnErrorOptionsV2(error=[], warn=[], silence=[])', 'printer_width': '80', 'write_json': 'True', 'introspect': 'True', 'log_cache_events': 'False', 'empty': 'False', 'cache_selected_only': 'False', 'fail_fast': 'False', 'debug': 'False', 'log_format': 'default', 'profiles_dir': 'D:\\ITI Data Engineering\\ITI_GP\\Raqib\\Raqib\\raqib_sf_dbt', 'send_anonymous_usage_stats': 'True', 'quiet': 'False', 'warn_error': 'None', 'partial_parse': 'True', 'use_colors': 'True', 'invocation_command': 'dbt run --select history', 'indirect_selection': 'eager', 'use_experimental_parser': 'False', 'log_path': 'D:\\ITI Data Engineering\\ITI_GP\\Raqib\\Raqib\\raqib_sf_dbt\\logs'}
[0m07:15:26.937322 [debug] [MainThread]: Snowflake adapter: Setting snowflake.connector to ERROR (file logging only)
[0m07:15:26.938322 [debug] [MainThread]: Snowflake adapter: Setting botocore to ERROR (file logging only)
[0m07:15:26.939322 [debug] [MainThread]: Snowflake adapter: Setting boto3 to ERROR (file logging only)
[0m07:15:27.254705 [debug] [MainThread]: Sending event: {'category': 'dbt', 'action': 'project_id', 'label': '2ffb9154-474a-44d2-a097-2361be34bdc5', 'context': [<snowplow_tracker.self_describing_json.SelfDescribingJson object at 0x00000148465EE870>]}
[0m07:15:27.337227 [debug] [MainThread]: Sending event: {'category': 'dbt', 'action': 'adapter_info', 'label': '2ffb9154-474a-44d2-a097-2361be34bdc5', 'context': [<snowplow_tracker.self_describing_json.SelfDescribingJson object at 0x0000014848397C20>]}
[0m07:15:27.339230 [info ] [MainThread]: Registered adapter: snowflake=1.11.4
[0m07:15:27.891091 [debug] [MainThread]: checksum: b80718358155fc17c3559352095564dd56ada1cc1a1c0ef2e62c857e71583775, vars: {}, profile: , target: , version: 1.11.7
[0m07:15:28.272020 [debug] [MainThread]: Partial parsing enabled: 0 files deleted, 0 files added, 0 files changed.
[0m07:15:28.272020 [debug] [MainThread]: Nothing changed, skipping partial parsing.
[0m07:15:28.273020 [debug] [MainThread]: Partial parsing enabled, no changes found, skipping parsing
[0m07:15:28.281019 [warn ] [MainThread]: [[33mWARNING[0m]: Configuration paths exist in your dbt_project.yml file which do not apply to any resources.
There are 1 unused configuration paths:
- models.raqib_sf.intermediate
[0m07:15:28.348050 [debug] [MainThread]: Sending event: {'category': 'dbt', 'action': 'load_project', 'label': '2ffb9154-474a-44d2-a097-2361be34bdc5', 'context': [<snowplow_tracker.self_describing_json.SelfDescribingJson object at 0x0000014848E05AF0>]}
[0m07:15:28.497567 [debug] [MainThread]: Wrote artifact WritableManifest to D:\ITI Data Engineering\ITI_GP\Raqib\Raqib\raqib_sf_dbt\target\manifest.json
[0m07:15:28.500572 [debug] [MainThread]: Wrote artifact SemanticManifest to D:\ITI Data Engineering\ITI_GP\Raqib\Raqib\raqib_sf_dbt\target\semantic_manifest.json
[0m07:15:28.570952 [debug] [MainThread]: Sending event: {'category': 'dbt', 'action': 'resource_counts', 'label': '2ffb9154-474a-44d2-a097-2361be34bdc5', 'context': [<snowplow_tracker.self_describing_json.SelfDescribingJson object at 0x0000014849503AD0>]}
[0m07:15:28.571953 [info ] [MainThread]: Found 31 models, 154 data tests, 11 sources, 639 macros
[0m07:15:28.572951 [debug] [MainThread]: Sending event: {'category': 'dbt', 'action': 'runnable_timing', 'label': '2ffb9154-474a-44d2-a097-2361be34bdc5', 'context': [<snowplow_tracker.self_describing_json.SelfDescribingJson object at 0x000001484948D760>]}
[0m07:15:28.578006 [info ] [MainThread]: 
[0m07:15:28.578962 [info ] [MainThread]: Concurrency: 4 threads (target='dev')
[0m07:15:28.579954 [info ] [MainThread]: 
[0m07:15:28.579954 [debug] [MainThread]: Acquiring new snowflake connection 'master'
[0m07:15:28.587638 [debug] [ThreadPool]: Acquiring new snowflake connection 'list_dev'
[0m07:15:28.722158 [debug] [ThreadPool]: Using snowflake connection "list_dev"
[0m07:15:28.722158 [debug] [ThreadPool]: On list_dev: show terse schemas in database dev
    limit 10000
/* {"app": "dbt", "dbt_version": "1.11.7", "profile_name": "raqib_sf", "target_name": "dev", "connection_name": "list_dev"} */
[0m07:15:28.723160 [debug] [ThreadPool]: Opening a new connection, currently in state init
[0m07:15:30.067201 [debug] [ThreadPool]: SQL status: SUCCESS 4 in 1.344 seconds
[0m07:15:30.076332 [debug] [ThreadPool]: Acquiring new snowflake connection 'list_prod_dbt_dev_marts'
[0m07:15:30.092315 [debug] [ThreadPool]: Acquiring new snowflake connection 'list_dev_dbt_dev'
[0m07:15:30.115299 [debug] [ThreadPool]: Using snowflake connection "list_prod_dbt_dev_marts"
[0m07:15:30.123337 [debug] [ThreadPool]: Using snowflake connection "list_dev_dbt_dev"
[0m07:15:30.124337 [debug] [ThreadPool]: On list_prod_dbt_dev_marts: show objects in prod.dbt_dev_marts
    limit 10000
    

/* {"app": "dbt", "dbt_version": "1.11.7", "profile_name": "raqib_sf", "target_name": "dev", "connection_name": "list_prod_dbt_dev_marts"} */;
[0m07:15:30.125338 [debug] [ThreadPool]: On list_dev_dbt_dev: show objects in dev.dbt_dev
    limit 10000
    

/* {"app": "dbt", "dbt_version": "1.11.7", "profile_name": "raqib_sf", "target_name": "dev", "connection_name": "list_dev_dbt_dev"} */;
[0m07:15:30.126339 [debug] [ThreadPool]: Opening a new connection, currently in state init
[0m07:15:30.127338 [debug] [ThreadPool]: Opening a new connection, currently in state init
[0m07:15:30.976739 [debug] [ThreadPool]: SQL status: SUCCESS 3 in 0.849 seconds
[0m07:15:31.052431 [debug] [ThreadPool]: SQL status: SUCCESS 17 in 0.925 seconds
[0m07:15:31.077979 [debug] [MainThread]: Sending event: {'category': 'dbt', 'action': 'runnable_timing', 'label': '2ffb9154-474a-44d2-a097-2361be34bdc5', 'context': [<snowplow_tracker.self_describing_json.SelfDescribingJson object at 0x00000148313585F0>]}
[0m07:15:31.099015 [debug] [Thread-2 (]: Began running node model.raqib_sf.int_encounters
[0m07:15:31.101061 [debug] [Thread-3 (]: Began running node model.raqib_sf.int_lab_analysis
[0m07:15:31.103065 [info ] [Thread-2 (]: 1 of 3 START sql view model dbt_dev.int_encounters ............................. [RUN]
[0m07:15:31.108121 [debug] [Thread-2 (]: Acquiring new snowflake connection 'model.raqib_sf.int_encounters'
[0m07:15:31.110120 [debug] [Thread-2 (]: Began compiling node model.raqib_sf.int_encounters
[0m07:15:31.106122 [info ] [Thread-3 (]: 2 of 3 START sql view model dbt_dev.int_lab_analysis ........................... [RUN]
[0m07:15:31.133818 [debug] [Thread-3 (]: Acquiring new snowflake connection 'model.raqib_sf.int_lab_analysis'
[0m07:15:31.133818 [debug] [Thread-3 (]: Began compiling node model.raqib_sf.int_lab_analysis
[0m07:15:31.159129 [debug] [Thread-2 (]: Writing injected SQL for node "model.raqib_sf.int_encounters"
[0m07:15:31.164651 [debug] [Thread-3 (]: Writing injected SQL for node "model.raqib_sf.int_lab_analysis"
[0m07:15:31.168601 [debug] [Thread-2 (]: Writing injected SQL for node "model.raqib_sf.int_encounters"
[0m07:15:31.172736 [debug] [Thread-3 (]: Writing injected SQL for node "model.raqib_sf.int_lab_analysis"
[0m07:15:31.178968 [debug] [Thread-2 (]: Writing injected SQL for node "model.raqib_sf.int_encounters"
[0m07:15:31.188013 [debug] [Thread-3 (]: Writing injected SQL for node "model.raqib_sf.int_lab_analysis"
[0m07:15:31.224495 [debug] [Thread-2 (]: Writing injected SQL for node "model.raqib_sf.int_encounters"
[0m07:15:31.225535 [debug] [Thread-3 (]: Began executing node model.raqib_sf.int_lab_analysis
[0m07:15:31.277384 [debug] [Thread-3 (]: Writing runtime sql for node "model.raqib_sf.int_lab_analysis"
[0m07:15:31.277945 [debug] [Thread-2 (]: Began executing node model.raqib_sf.int_encounters
[0m07:15:31.283269 [debug] [Thread-2 (]: Writing runtime sql for node "model.raqib_sf.int_encounters"
[0m07:15:31.288415 [debug] [Thread-3 (]: Using snowflake connection "model.raqib_sf.int_lab_analysis"
[0m07:15:31.289480 [debug] [Thread-3 (]: On model.raqib_sf.int_lab_analysis: create or replace   view dev.dbt_dev.int_lab_analysis
  
  
  
  
  as (
    WITH  __dbt__cte__stg_lab_events as (
WITH raw_lab_events AS (

    SELECT *
    FROM raw.public.lab_events

)

SELECT
    lab_event_id,
    patient_id,
    admission_id,
    specimen_id,
    item_id,
    provider_id,
    CAST(done_datetime AS TIMESTAMP)    AS lab_done_at,
    CAST(stored_datetime AS TIMESTAMP)  AS lab_stored_at,
    TRY_CAST(value AS FLOAT) AS result_value,
    TRIM(measurement_unit) AS measurement_unit,
    TRY_CAST(range_lower AS FLOAT) AS range_lower,
    TRY_CAST(range_higher AS FLOAT) AS range_higher,
    TRIM(abnormal_flag) AS abnormal_flag,
    TRY_CAST(cost AS FLOAT) AS cost

FROM raw_lab_events 

--  CONVERT_TIMEZONE('UTC', done_datetime::TIMESTAMP_TZ)    AS lab_done_at,
--     CONVERT_TIMEZONE('UTC', stored_datetime::TIMESTAMP_TZ)  AS lab_stored_at,
),  __dbt__cte__stg_lab_specimen_types as (
WITH raw_lab_specimen_types AS (
    SELECT *
    FROM raw.public.lab_specimen_types
)

SELECT 
    itemid AS item_id,
    CASE 
        WHEN CONTAINS(label, '(') THEN TRIM(SPLIT_PART(label, '(', 1))
        ELSE label
    END AS label,
    CASE 
        WHEN CONTAINS(label, '(') THEN TRIM(REPLACE(SPLIT_PART(label, '(', 2), ')', ''))
        ELSE NULL
    END AS label_sub_type,
    fluid,
    CASE 
        WHEN CONTAINS(category, '–') THEN TRIM(SPLIT_PART(category, '–', 1))
        ELSE category
    END AS category_type,
    CASE   
        WHEN CONTAINS(category, '–') THEN TRIM(SPLIT_PART(category, '–', 2))
        ELSE NULL
    END AS category_sub_type,
    sub_domain_key,
    TRIM(SPLIT_PART(REGEXP_REPLACE(specialty, '\\s*/\\s*', ' & '), ' & ', 1)) AS specialty_1,
    NULLIF(TRIM(SPLIT_PART(REGEXP_REPLACE(specialty, '\\s*/\\s*', ' & '), ' & ', 2)), '') AS specialty_2,
    
FROM raw_lab_specimen_types
), lab_events AS (
    SELECT *
    FROM __dbt__cte__stg_lab_events
),

specimen_types AS (
    SELECT *
    FROM __dbt__cte__stg_lab_specimen_types
)

SELECT
    md5(cast(coalesce(cast(lab_event_id as TEXT), '_dbt_utils_surrogate_key_null_') as TEXT)) AS lab_event_key,
    le.lab_event_id,
    le.patient_id,
    le.admission_id,
    le.provider_id,
    le.specimen_id,
    le.item_id,
    le.lab_done_at,
    le.lab_stored_at,

    st.label AS test_name,
    st.label_sub_type,
    st.fluid,
    st.category_type,
    st.category_sub_type,
    st.specialty_1,
    st.specialty_2,

    le.result_value,
    le.measurement_unit,

    le.range_lower,
    le.range_higher,

    le.abnormal_flag,

    le.cost

FROM lab_events le

LEFT JOIN specimen_types st
    ON le.item_id = st.item_id
  )
/* {"app": "dbt", "dbt_version": "1.11.7", "profile_name": "raqib_sf", "target_name": "dev", "node_id": "model.raqib_sf.int_lab_analysis"} */;
[0m07:15:31.290034 [debug] [Thread-3 (]: Opening a new connection, currently in state init
[0m07:15:31.297763 [debug] [Thread-2 (]: Using snowflake connection "model.raqib_sf.int_encounters"
[0m07:15:31.298924 [debug] [Thread-2 (]: On model.raqib_sf.int_encounters: create or replace   view dev.dbt_dev.int_encounters
  
  
  
  
  as (
    WITH  __dbt__cte__stg_admissions as (
WITH raw_admissions AS (
    SELECT * 
    FROM raw.public.admissions
)

SELECT 
    admission_id,
    patient_id,
    admission_provider_id                                       AS provider_id,
    CAST(ADMISSION_DATETIME_IN AS TIMESTAMP)                    AS admitted_at,
    CAST(ADMISSION_DATETIME_OUT AS TIMESTAMP)                   AS discharged_at,
    UPPER(LEFT(admission_type, 1)) 
        || LOWER(SUBSTR(admission_type, 2))                     AS admission_type,
    admission_location,
    discharge_location,
    INITCAP(insurance_type)                                     AS insurance_type,
    total_cost,
    payer_coverage,
    hospital_expire_flag,
    primary_sdk
FROM raw_admissions
),  __dbt__cte__stg_patients as (
WITH raw_patients AS (
    SELECT *
    FROM raw.public.patients
)

SELECT 
    patient_id,
    ssn,
    INITCAP(first_name || ' ' || last_name) AS full_name,
    birthdate::DATE AS birthdate,
    YEAR(birthdate::DATE) AS birth_year,
    deathdate::DATE AS deathdate,
    CASE 
        WHEN deathdate IS NOT NULL THEN TRUE
        ELSE FALSE
    END AS is_dead,
    blood_type,
    CASE 
        WHEN marital = 'S' THEN 'Single'
        WHEN marital = 'M' THEN 'Married'
        WHEN marital = 'D' THEN 'Divorced'
        WHEN marital = 'W' THEN 'Widowed'
    END AS marital_status,
    INITCAP(REPLACE(race, '/', ' / ')) AS race,
    CASE
        WHEN UPPER(TRIM(ethnicity)) IN ('HISPANIC', 'HISPANIC OR LATINO')
            THEN 'Hispanic or Latino'
        WHEN UPPER(TRIM(ethnicity)) IN ('NONHISPANIC', 'NOT HISPANIC OR LATINO')
            THEN 'Not Hispanic or Latino'
        ELSE 'Unknown'
    END AS ethnicity,
    CASE 
        WHEN gender = 'F' THEN 'Female'
        WHEN gender = 'M' THEN 'Male'
        ELSE 'Unknown'
    END AS gender,
    INITCAP(language) AS spoken_language,
    INITCAP(TRIM(SPLIT_PART(birthplace, ',', 1))) AS birth_city,
    CASE UPPER(TRIM(SPLIT_PART(birthplace, ',',2)))
    WHEN 'CT' THEN 'Connecticut'
    WHEN 'ME' THEN 'Maine'
    WHEN 'MA' THEN 'Massachusetts'
    WHEN 'NH' THEN 'New Hampshire'
    WHEN 'RI' THEN 'Rhode Island'
    WHEN 'VT' THEN 'Vermont'
    WHEN 'NY' THEN 'New York'
    END AS birth_state,
    address,
    INITCAP(city) AS city,
    CASE UPPER(TRIM(country))
        WHEN 'US' THEN 'United States'
        WHEN 'UK' THEN 'United Kingdom' 
    END AS country,
    CAST(healthcare_expenses AS FLOAT) AS healthcare_expenses,
    CAST(healthcare_coverage AS FLOAT) AS healthcare_coverage,
    income AS income_usd
  
FROM raw_patients
),  __dbt__cte__stg_providers as (
WITH raw_providers AS (
    SELECT * 
    FROM raw.public.providers
)

SELECT 
    npi AS provider_id,
    INITCAP(provider_first_name || ' ' || provider_last_name) AS provider_full_name,
    INITCAP(provider_name_prefix) AS provider_name_prefix,
    REGEXP_LIKE(provider_name_prefix, '\\.$') AS is_valid_prefix,
    INITCAP(provider_address) AS provider_address,
    INITCAP(provider_city) AS provider_city,
    TRIM(provider_state_code) AS provider_state_code,
    TRIM(provider_country_code) AS provider_country_code,
    provider_postal_code,
    CASE 
        WHEN provider_sex_code = 'M' OR provider_sex_code = 'm' THEN 'Male'
        WHEN provider_sex_code = 'F' OR provider_sex_code = 'f' THEN 'Female'
        ELSE 'Unknown'
    END AS provider_gender,
    provider_telephone_number,
    CAST(provider_enumeration_date AS DATE) AS provider_enumeration_date,
    CASE 
        WHEN CAST(provider_enumeration_date AS DATE) IS NOT NULL THEN TRUE
        ELSE FALSE
    END AS is_valid_enumeration_date,
    CAST(provider_join_date AS DATE) AS provider_join_date,
    CASE 
        WHEN DATE(provider_join_date, 'YYYY-MM-DD') IS NOT NULL THEN TRUE
        ELSE FALSE
    END AS is_valid_join_date,
    provider_specialty

FROM raw_providers
), admissions AS (
    SELECT *
    FROM __dbt__cte__stg_admissions
),

patients AS (
    SELECT *
    FROM __dbt__cte__stg_patients
),

providers AS (
    SELECT *
    FROM __dbt__cte__stg_providers
),

base AS (
    SELECT
        md5(cast(coalesce(cast(a.admission_id as TEXT), '_dbt_utils_surrogate_key_null_') as TEXT))  AS encounter_key,
        a.admission_id,
        a.patient_id,
        a.provider_id,
        a.primary_sdk,
        a.admitted_at,
        a.discharged_at,

        CASE
            WHEN a.discharged_at IS NULL THEN TRUE
            ELSE FALSE
        END                                                         AS is_active_encounter,

        a.admission_type,
        a.admission_location,
        a.discharge_location,
        a.total_cost,
        a.payer_coverage,
        a.hospital_expire_flag,
        p.birthdate,
        pr.provider_specialty

    FROM admissions a
    LEFT JOIN patients p  ON a.patient_id  = p.patient_id
    LEFT JOIN providers pr ON a.provider_id = pr.provider_id
),

final AS (
    SELECT
        encounter_key,
        admission_id,
        patient_id,
        provider_id,
        primary_sdk,
        provider_specialty,

        admitted_at,
        discharged_at,
        is_active_encounter,

        DATEDIFF(
            'day',
            admitted_at,
            COALESCE(discharged_at, CURRENT_TIMESTAMP)
        )                                                           AS length_of_stay_days,

        admission_type,
        admission_location,
        discharge_location,

        total_cost,
        payer_coverage,

        ROUND(
            payer_coverage / NULLIF(total_cost, 0) * 100, 1
        )                                                           AS coverage_percentage,

        total_cost - payer_coverage                                 AS out_of_pocket_cost,

        DATEDIFF(
            'year',
            birthdate,
            admitted_at
        )                                                           AS age_at_admission,

        CASE
            WHEN DATEDIFF('year', birthdate, admitted_at) < 12
                THEN 'Child'
            WHEN DATEDIFF('year', birthdate, admitted_at) BETWEEN 12 AND 17
                THEN 'Teen'
            WHEN DATEDIFF('year', birthdate, admitted_at) BETWEEN 18 AND 60
                THEN 'Adult'
            ELSE 'Senior'
        END                                                         AS age_group,

        CASE
            WHEN hospital_expire_flag THEN 'Deceased'
            ELSE 'Alive'
        END                                                         AS discharge_status

    FROM base
)

SELECT *
FROM final
  )
/* {"app": "dbt", "dbt_version": "1.11.7", "profile_name": "raqib_sf", "target_name": "dev", "node_id": "model.raqib_sf.int_encounters"} */;
[0m07:15:31.300127 [debug] [Thread-2 (]: Opening a new connection, currently in state init
[0m07:15:32.328671 [debug] [Thread-3 (]: SQL status: SUCCESS 1 in 1.039 seconds
[0m07:15:32.342668 [debug] [Thread-2 (]: SQL status: SUCCESS 1 in 1.043 seconds
[0m07:15:32.379680 [debug] [Thread-2 (]: Sending event: {'category': 'dbt', 'action': 'run_model', 'label': '2ffb9154-474a-44d2-a097-2361be34bdc5', 'context': [<snowplow_tracker.self_describing_json.SelfDescribingJson object at 0x00000148357855E0>]}
[0m07:15:32.381130 [debug] [Thread-3 (]: Sending event: {'category': 'dbt', 'action': 'run_model', 'label': '2ffb9154-474a-44d2-a097-2361be34bdc5', 'context': [<snowplow_tracker.self_describing_json.SelfDescribingJson object at 0x0000014832DE1AC0>]}
[0m07:15:32.379680 [info ] [Thread-2 (]: 1 of 3 OK created sql view model dbt_dev.int_encounters ........................ [[32mSUCCESS 1[0m in 1.27s]
[0m07:15:32.383159 [debug] [Thread-2 (]: Finished running node model.raqib_sf.int_encounters
[0m07:15:32.382192 [info ] [Thread-3 (]: 2 of 3 OK created sql view model dbt_dev.int_lab_analysis ...................... [[32mSUCCESS 1[0m in 1.24s]
[0m07:15:32.384508 [debug] [Thread-3 (]: Finished running node model.raqib_sf.int_lab_analysis
[0m07:15:32.386495 [debug] [Thread-5 (]: Began running node model.raqib_sf.int_clinical_events
[0m07:15:32.386495 [info ] [Thread-5 (]: 3 of 3 START sql view model dbt_dev.int_clinical_events ........................ [RUN]
[0m07:15:32.388507 [debug] [Thread-5 (]: Acquiring new snowflake connection 'model.raqib_sf.int_clinical_events'
[0m07:15:32.388507 [debug] [Thread-5 (]: Began compiling node model.raqib_sf.int_clinical_events
[0m07:15:32.399539 [debug] [Thread-5 (]: Writing injected SQL for node "model.raqib_sf.int_clinical_events"
[0m07:15:32.407496 [debug] [Thread-5 (]: Writing injected SQL for node "model.raqib_sf.int_clinical_events"
[0m07:15:32.415499 [debug] [Thread-5 (]: Writing injected SQL for node "model.raqib_sf.int_clinical_events"
[0m07:15:32.453496 [debug] [Thread-5 (]: Writing injected SQL for node "model.raqib_sf.int_clinical_events"
[0m07:15:32.454503 [debug] [Thread-5 (]: Began executing node model.raqib_sf.int_clinical_events
[0m07:15:32.457502 [debug] [Thread-5 (]: Writing runtime sql for node "model.raqib_sf.int_clinical_events"
[0m07:15:32.465501 [debug] [Thread-5 (]: Using snowflake connection "model.raqib_sf.int_clinical_events"
[0m07:15:32.465501 [debug] [Thread-5 (]: On model.raqib_sf.int_clinical_events: create or replace   view dev.dbt_dev.int_clinical_events
  
  
  
  
  as (
    WITH  __dbt__cte__stg_diagnosis as (
WITH raw_diagnosis AS (
    SELECT * 
    FROM raw.public.diagnosis
)

SELECT 
    diagnosis_id,
    patient_id,
    admission_id,
    provider_id,
    sub_domain_key,
    TRIM(REGEXP_REPLACE(description, '\\s*\\([^)]+\\)', '')) AS description,
    REGEXP_SUBSTR(description, '\\(([^)]+)\\)', 1, 1, 'e', 1) AS description_type,
    TRIM(SPLIT_PART(REGEXP_REPLACE(SPLIT_PART(sub_domain, ' – ', 2), '\\s*/\\s*', ' & '), ' & ', 1)) AS domain,
    NULLIF(TRIM(SPLIT_PART(REGEXP_REPLACE(SPLIT_PART(sub_domain, ' – ', 2), '\\s*/\\s*', ' & '), ' & ', 2)), '') AS sub_domain
FROM raw_diagnosis
),  __dbt__cte__stg_prescriptions as (
WITH raw_prescriptions AS (
    SELECT *
    FROM raw.public.prescriptions 
)
SELECT 
    prescription_id,
    patient_id,
    admission_id,
    provider_id,
    drug_id,
    CAST(prescribed_date AS TIMESTAMP) AS prescribed_date,
    INITCAP(status) AS status
FROM raw_prescriptions
),  __dbt__cte__stg_drugs as (
with raw_drugs as (
    select * 
    from raw.public.drugs
)

select 
    drug_id,
    case 
        when brand_name is not null then initcap(brand_name)
        when brand_name is null and generic_name ilike 'Atropine Sulfate Injection%' then 'AtroPen'
        when brand_name is null and generic_name ilike 'Midazolam Injection%' then 'Versed'
        when brand_name is null and generic_name = 'Tadalafil' then 'Cialis'
    end as brand_name,
    case 
        when generic_name is not null then initcap(generic_name) 
        when generic_name is null then brand_name
    end as generic_name,
    initcap(route) as route,
    indications,
    dosage,
    contraindications,
    side_effects,
    warnings,
    has_contraindications,
    has_side_effects
    
from raw_drugs
), all_events AS (
    SELECT 
        admission_id, 
        patient_id, 
        'Diagnosis'                                                      AS event_type, 
        description                                                      AS event_name, 
        NULL::TIMESTAMP                                                  AS event_date,
        NULL::FLOAT                                                      AS cost,
        diagnosis_id::VARCHAR                                            AS source_id
    FROM __dbt__cte__stg_diagnosis

    UNION ALL

    SELECT 
        le.admission_id, 
        le.patient_id, 
        'Lab'                                                            AS event_type, 
        le.test_name                                                        AS event_name, 
        le.lab_done_at                                                   AS event_date,
        le.cost,
        le.lab_event_id::VARCHAR                                         AS source_id
    FROM dev.dbt_dev.int_lab_analysis le

    UNION ALL

    SELECT 
        p.admission_id, 
        p.patient_id, 
        'Medication'                                                     AS event_type, 
        d.brand_name                                                     AS event_name, 
        p.prescribed_date                                                AS event_date,
        NULL::FLOAT                                                      AS cost,
        p.prescription_id::VARCHAR                                       AS source_id
    FROM __dbt__cte__stg_prescriptions p
    LEFT JOIN __dbt__cte__stg_drugs d 
        ON p.drug_id = d.drug_id
),

events_with_date AS (
    SELECT
        ae.admission_id,
        ae.patient_id,
        ae.event_type,
        ae.event_name,
        ae.source_id,
        ae.cost,
        COALESCE(ae.event_date, e.admitted_at)                          AS event_date
    FROM all_events ae
    LEFT JOIN dev.dbt_dev.int_encounters e 
        ON ae.admission_id = e.admission_id
)

SELECT
    md5(cast(coalesce(cast(admission_id as TEXT), '_dbt_utils_surrogate_key_null_') || '-' || coalesce(cast(event_type as TEXT), '_dbt_utils_surrogate_key_null_') || '-' || coalesce(cast(event_date as TEXT), '_dbt_utils_surrogate_key_null_') || '-' || coalesce(cast(event_name as TEXT), '_dbt_utils_surrogate_key_null_') || '-' || coalesce(cast(source_id as TEXT), '_dbt_utils_surrogate_key_null_') as TEXT))                                                                AS event_key,

    admission_id,
    patient_id,
    event_type,
    event_name,
    event_date,
    COALESCE(cost, 0)                                                    AS event_cost

FROM events_with_date
  )
/* {"app": "dbt", "dbt_version": "1.11.7", "profile_name": "raqib_sf", "target_name": "dev", "node_id": "model.raqib_sf.int_clinical_events"} */;
[0m07:15:32.466502 [debug] [Thread-5 (]: Opening a new connection, currently in state init
[0m07:15:33.520903 [debug] [Thread-5 (]: SQL status: SUCCESS 1 in 1.054 seconds
[0m07:15:33.531690 [debug] [Thread-5 (]: Sending event: {'category': 'dbt', 'action': 'run_model', 'label': '2ffb9154-474a-44d2-a097-2361be34bdc5', 'context': [<snowplow_tracker.self_describing_json.SelfDescribingJson object at 0x000001484AB7C350>]}
[0m07:15:33.536967 [info ] [Thread-5 (]: 3 of 3 OK created sql view model dbt_dev.int_clinical_events ................... [[32mSUCCESS 1[0m in 1.14s]
[0m07:15:33.542210 [debug] [Thread-5 (]: Finished running node model.raqib_sf.int_clinical_events
[0m07:15:33.587448 [debug] [MainThread]: Connection 'master' was properly closed.
[0m07:15:33.588449 [debug] [MainThread]: Connection 'list_dev' was left open.
[0m07:15:33.589496 [debug] [MainThread]: On list_dev: Close
[0m07:15:33.826780 [debug] [MainThread]: Connection 'list_prod_dbt_dev_marts' was left open.
[0m07:15:33.827965 [debug] [MainThread]: On list_prod_dbt_dev_marts: Close
[0m07:15:34.027109 [debug] [MainThread]: Connection 'list_dev_dbt_dev' was left open.
[0m07:15:34.028213 [debug] [MainThread]: On list_dev_dbt_dev: Close
[0m07:15:34.209537 [debug] [MainThread]: Connection 'model.raqib_sf.int_encounters' was left open.
[0m07:15:34.210609 [debug] [MainThread]: On model.raqib_sf.int_encounters: Close
[0m07:15:34.902029 [debug] [MainThread]: Connection 'model.raqib_sf.int_lab_analysis' was left open.
[0m07:15:34.905172 [debug] [MainThread]: On model.raqib_sf.int_lab_analysis: Close
[0m07:15:35.133876 [debug] [MainThread]: Connection 'model.raqib_sf.int_clinical_events' was left open.
[0m07:15:35.135851 [debug] [MainThread]: On model.raqib_sf.int_clinical_events: Close
[0m07:15:35.351854 [info ] [MainThread]: 
[0m07:15:35.355897 [info ] [MainThread]: Finished running 3 view models in 0 hours 0 minutes and 6.77 seconds (6.77s).
[0m07:15:35.362851 [debug] [MainThread]: Command end result
[0m07:15:35.590717 [debug] [MainThread]: Wrote artifact WritableManifest to D:\ITI Data Engineering\ITI_GP\Raqib\Raqib\raqib_sf_dbt\target\manifest.json
[0m07:15:35.597686 [debug] [MainThread]: Wrote artifact SemanticManifest to D:\ITI Data Engineering\ITI_GP\Raqib\Raqib\raqib_sf_dbt\target\semantic_manifest.json
[0m07:15:35.616897 [debug] [MainThread]: Wrote artifact RunExecutionResult to D:\ITI Data Engineering\ITI_GP\Raqib\Raqib\raqib_sf_dbt\target\run_results.json
[0m07:15:35.617868 [info ] [MainThread]: 
[0m07:15:35.618881 [info ] [MainThread]: [32mCompleted successfully[0m
[0m07:15:35.619883 [info ] [MainThread]: 
[0m07:15:35.620885 [info ] [MainThread]: Done. PASS=3 WARN=0 ERROR=0 SKIP=0 NO-OP=0 TOTAL=3
[0m07:15:35.622866 [debug] [MainThread]: Command `dbt run` succeeded at 07:15:35.622866 after 11.10 seconds
[0m07:15:35.623867 [debug] [MainThread]: Sending event: {'category': 'dbt', 'action': 'invocation', 'label': 'end', 'context': [<snowplow_tracker.self_describing_json.SelfDescribingJson object at 0x0000014831069700>, <snowplow_tracker.self_describing_json.SelfDescribingJson object at 0x000001484948EE10>, <snowplow_tracker.self_describing_json.SelfDescribingJson object at 0x0000014848C0E4E0>]}
[0m07:15:35.623867 [debug] [MainThread]: Flushing usage events
[0m07:15:37.248413 [debug] [MainThread]: An error was encountered while trying to flush usage events
[0m08:06:30.783532 [debug] [MainThread]: Sending event: {'category': 'dbt', 'action': 'invocation', 'label': 'start', 'context': [<snowplow_tracker.self_describing_json.SelfDescribingJson object at 0x000001F3797F48C0>, <snowplow_tracker.self_describing_json.SelfDescribingJson object at 0x000001F37C2AF560>, <snowplow_tracker.self_describing_json.SelfDescribingJson object at 0x000001F37C6F0DD0>]}


============================== 08:06:30.789568 | 3609196a-3446-4edf-8adb-de8942d548cd ==============================
[0m08:06:30.789568 [info ] [MainThread]: Running with dbt=1.11.7
[0m08:06:30.790568 [debug] [MainThread]: running dbt with arguments {'version_check': 'True', 'no_print': 'None', 'static_parser': 'True', 'target_path': 'None', 'warn_error_options': 'WarnErrorOptionsV2(error=[], warn=[], silence=[])', 'printer_width': '80', 'write_json': 'True', 'introspect': 'True', 'log_cache_events': 'False', 'empty': 'False', 'cache_selected_only': 'False', 'fail_fast': 'False', 'debug': 'False', 'log_format': 'default', 'profiles_dir': 'D:\\ITI Data Engineering\\ITI_GP\\Raqib\\Raqib\\raqib_sf_dbt', 'send_anonymous_usage_stats': 'True', 'quiet': 'False', 'warn_error': 'None', 'partial_parse': 'False', 'indirect_selection': 'eager', 'use_colors': 'True', 'invocation_command': 'dbt run --full-refresh --no-partial-parse', 'use_experimental_parser': 'False', 'log_path': 'D:\\ITI Data Engineering\\ITI_GP\\Raqib\\Raqib\\raqib_sf_dbt\\logs'}
[0m08:06:32.238422 [debug] [MainThread]: Snowflake adapter: Setting snowflake.connector to ERROR (file logging only)
[0m08:06:32.239422 [debug] [MainThread]: Snowflake adapter: Setting botocore to ERROR (file logging only)
[0m08:06:32.239422 [debug] [MainThread]: Snowflake adapter: Setting boto3 to ERROR (file logging only)
[0m08:06:32.486681 [debug] [MainThread]: Sending event: {'category': 'dbt', 'action': 'project_id', 'label': '3609196a-3446-4edf-8adb-de8942d548cd', 'context': [<snowplow_tracker.self_describing_json.SelfDescribingJson object at 0x000001F37E805790>]}
[0m08:06:32.567144 [debug] [MainThread]: Sending event: {'category': 'dbt', 'action': 'adapter_info', 'label': '3609196a-3446-4edf-8adb-de8942d548cd', 'context': [<snowplow_tracker.self_describing_json.SelfDescribingJson object at 0x000001F37CC6D400>]}
[0m08:06:32.568144 [info ] [MainThread]: Registered adapter: snowflake=1.11.4
[0m08:06:33.116000 [debug] [MainThread]: checksum: b80718358155fc17c3559352095564dd56ada1cc1a1c0ef2e62c857e71583775, vars: {}, profile: , target: , version: 1.11.7
[0m08:06:33.117021 [debug] [MainThread]: Partial parsing not enabled
[0m08:06:35.243269 [warn ] [MainThread]: [[33mWARNING[0m][MissingArgumentsPropertyInGenericTestDeprecation]: Deprecated
functionality
Found top-level arguments to test `accepted_values` defined on 'fact_encounters'
in package 'raqib_sf' (models\marts\schema.yml). Arguments to generic tests
should be nested under the `arguments` property.
[0m08:06:35.244288 [debug] [MainThread]: Sending event: {'category': 'dbt', 'action': 'deprecation', 'label': '3609196a-3446-4edf-8adb-de8942d548cd', 'property_': 'warn', 'context': [<snowplow_tracker.self_describing_json.SelfDescribingJson object at 0x000001F3118D24B0>]}
[0m08:06:35.685879 [warn ] [MainThread]: [[33mWARNING[0m]: Configuration paths exist in your dbt_project.yml file which do not apply to any resources.
There are 1 unused configuration paths:
- models.raqib_sf.intermediate
[0m08:06:35.703881 [debug] [MainThread]: Sending event: {'category': 'dbt', 'action': 'load_project', 'label': '3609196a-3446-4edf-8adb-de8942d548cd', 'context': [<snowplow_tracker.self_describing_json.SelfDescribingJson object at 0x000001F31189D340>]}
[0m08:06:35.851821 [debug] [MainThread]: Wrote artifact WritableManifest to D:\ITI Data Engineering\ITI_GP\Raqib\Raqib\raqib_sf_dbt\target\manifest.json
[0m08:06:35.855842 [debug] [MainThread]: Wrote artifact SemanticManifest to D:\ITI Data Engineering\ITI_GP\Raqib\Raqib\raqib_sf_dbt\target\semantic_manifest.json
[0m08:06:35.896693 [debug] [MainThread]: Sending event: {'category': 'dbt', 'action': 'resource_counts', 'label': '3609196a-3446-4edf-8adb-de8942d548cd', 'context': [<snowplow_tracker.self_describing_json.SelfDescribingJson object at 0x000001F311C3DD90>]}
[0m08:06:35.897694 [info ] [MainThread]: Found 31 models, 154 data tests, 11 sources, 639 macros
[0m08:06:35.897694 [debug] [MainThread]: Sending event: {'category': 'dbt', 'action': 'runnable_timing', 'label': '3609196a-3446-4edf-8adb-de8942d548cd', 'context': [<snowplow_tracker.self_describing_json.SelfDescribingJson object at 0x000001F3117F9100>]}
[0m08:06:35.904237 [info ] [MainThread]: 
[0m08:06:35.905236 [info ] [MainThread]: Concurrency: 4 threads (target='dev')
[0m08:06:35.905236 [info ] [MainThread]: 
[0m08:06:35.906235 [debug] [MainThread]: Acquiring new snowflake connection 'master'
[0m08:06:35.914224 [debug] [ThreadPool]: Acquiring new snowflake connection 'list_prod'
[0m08:06:35.928583 [debug] [ThreadPool]: Acquiring new snowflake connection 'list_dev'
[0m08:06:36.030046 [debug] [ThreadPool]: Using snowflake connection "list_prod"
[0m08:06:36.030046 [debug] [ThreadPool]: On list_prod: show terse schemas in database prod
    limit 10000
/* {"app": "dbt", "dbt_version": "1.11.7", "profile_name": "raqib_sf", "target_name": "dev", "connection_name": "list_prod"} */
[0m08:06:36.031118 [debug] [ThreadPool]: Opening a new connection, currently in state init
[0m08:06:36.032149 [debug] [ThreadPool]: Using snowflake connection "list_dev"
[0m08:06:36.032149 [debug] [ThreadPool]: On list_dev: show terse schemas in database dev
    limit 10000
/* {"app": "dbt", "dbt_version": "1.11.7", "profile_name": "raqib_sf", "target_name": "dev", "connection_name": "list_dev"} */
[0m08:06:36.033160 [debug] [ThreadPool]: Opening a new connection, currently in state init
[0m08:06:37.463328 [debug] [ThreadPool]: SQL status: SUCCESS 4 in 1.431 seconds
[0m08:06:37.495770 [debug] [ThreadPool]: SQL status: SUCCESS 3 in 1.465 seconds
[0m08:06:37.511962 [debug] [ThreadPool]: Acquiring new snowflake connection 'list_prod_dbt_dev_marts'
[0m08:06:37.524981 [debug] [ThreadPool]: Acquiring new snowflake connection 'list_dev_dbt_dev'
[0m08:06:37.567382 [debug] [ThreadPool]: Using snowflake connection "list_dev_dbt_dev"
[0m08:06:37.568389 [debug] [ThreadPool]: On list_dev_dbt_dev: show objects in dev.dbt_dev
    limit 10000
    

/* {"app": "dbt", "dbt_version": "1.11.7", "profile_name": "raqib_sf", "target_name": "dev", "connection_name": "list_dev_dbt_dev"} */;
[0m08:06:37.569386 [debug] [ThreadPool]: Opening a new connection, currently in state init
[0m08:06:37.577552 [debug] [ThreadPool]: Using snowflake connection "list_prod_dbt_dev_marts"
[0m08:06:37.578551 [debug] [ThreadPool]: On list_prod_dbt_dev_marts: show objects in prod.dbt_dev_marts
    limit 10000
    

/* {"app": "dbt", "dbt_version": "1.11.7", "profile_name": "raqib_sf", "target_name": "dev", "connection_name": "list_prod_dbt_dev_marts"} */;
[0m08:06:37.578551 [debug] [ThreadPool]: Opening a new connection, currently in state init
[0m08:06:38.232246 [debug] [ThreadPool]: SQL status: SUCCESS 3 in 0.663 seconds
[0m08:06:38.248559 [debug] [ThreadPool]: SQL status: SUCCESS 17 in 0.670 seconds
[0m08:06:38.268629 [debug] [MainThread]: Sending event: {'category': 'dbt', 'action': 'runnable_timing', 'label': '3609196a-3446-4edf-8adb-de8942d548cd', 'context': [<snowplow_tracker.self_describing_json.SelfDescribingJson object at 0x000001F311D13500>]}
[0m08:06:38.284039 [debug] [Thread-2 (]: Began running node model.raqib_sf.dim_date
[0m08:06:38.286975 [debug] [Thread-3 (]: Began running node model.raqib_sf.dim_time
[0m08:06:38.289038 [debug] [Thread-4 (]: Began running node model.raqib_sf.stg_admissions
[0m08:06:38.291036 [debug] [Thread-4 (]: Acquiring new snowflake connection 'model.raqib_sf.stg_admissions'
[0m08:06:38.286039 [info ] [Thread-2 (]: 1 of 20 START sql table model prod.dbt_dev_marts.dim_date ...................... [RUN]
[0m08:06:38.293001 [debug] [Thread-4 (]: Began compiling node model.raqib_sf.stg_admissions
[0m08:06:38.294037 [debug] [Thread-5 (]: Began running node model.raqib_sf.stg_diagnosis
[0m08:06:38.287991 [info ] [Thread-3 (]: 2 of 20 START sql table model prod.dbt_dev_marts.dim_time ...................... [RUN]
[0m08:06:38.295969 [debug] [Thread-2 (]: Acquiring new snowflake connection 'model.raqib_sf.dim_date'
[0m08:06:38.312294 [debug] [Thread-4 (]: Writing injected SQL for node "model.raqib_sf.stg_admissions"
[0m08:06:38.312294 [debug] [Thread-5 (]: Acquiring new snowflake connection 'model.raqib_sf.stg_diagnosis'
[0m08:06:38.313294 [debug] [Thread-3 (]: Acquiring new snowflake connection 'model.raqib_sf.dim_time'
[0m08:06:38.314290 [debug] [Thread-2 (]: Began compiling node model.raqib_sf.dim_date
[0m08:06:38.314290 [debug] [Thread-5 (]: Began compiling node model.raqib_sf.stg_diagnosis
[0m08:06:38.314290 [debug] [Thread-3 (]: Began compiling node model.raqib_sf.dim_time
[0m08:06:38.319854 [debug] [Thread-2 (]: Writing injected SQL for node "model.raqib_sf.dim_date"
[0m08:06:38.323838 [debug] [Thread-5 (]: Writing injected SQL for node "model.raqib_sf.stg_diagnosis"
[0m08:06:38.324806 [debug] [Thread-4 (]: Finished running node model.raqib_sf.stg_admissions
[0m08:06:38.330836 [debug] [Thread-3 (]: Writing injected SQL for node "model.raqib_sf.dim_time"
[0m08:06:38.331806 [debug] [Thread-4 (]: Began running node model.raqib_sf.stg_drugs
[0m08:06:38.332806 [debug] [Thread-4 (]: Re-using an available connection from the pool (formerly model.raqib_sf.stg_admissions, now model.raqib_sf.stg_drugs)
[0m08:06:38.332806 [debug] [Thread-4 (]: Began compiling node model.raqib_sf.stg_drugs
[0m08:06:38.337059 [debug] [Thread-4 (]: Writing injected SQL for node "model.raqib_sf.stg_drugs"
[0m08:06:38.337059 [debug] [Thread-2 (]: Began executing node model.raqib_sf.dim_date
[0m08:06:38.370118 [debug] [Thread-5 (]: Finished running node model.raqib_sf.stg_diagnosis
[0m08:06:38.375085 [debug] [Thread-2 (]: Writing runtime sql for node "model.raqib_sf.dim_date"
[0m08:06:38.375085 [debug] [Thread-5 (]: Began running node model.raqib_sf.stg_emergency_contacts
[0m08:06:38.376081 [debug] [Thread-3 (]: Began executing node model.raqib_sf.dim_time
[0m08:06:38.377083 [debug] [Thread-5 (]: Re-using an available connection from the pool (formerly model.raqib_sf.stg_diagnosis, now model.raqib_sf.stg_emergency_contacts)
[0m08:06:38.378083 [debug] [Thread-4 (]: Finished running node model.raqib_sf.stg_drugs
[0m08:06:38.381116 [debug] [Thread-3 (]: Writing runtime sql for node "model.raqib_sf.dim_time"
[0m08:06:38.382079 [debug] [Thread-5 (]: Began compiling node model.raqib_sf.stg_emergency_contacts
[0m08:06:38.382635 [debug] [Thread-4 (]: Began running node model.raqib_sf.stg_lab_events
[0m08:06:38.382635 [debug] [Thread-2 (]: Using snowflake connection "model.raqib_sf.dim_date"
[0m08:06:38.386862 [debug] [Thread-5 (]: Writing injected SQL for node "model.raqib_sf.stg_emergency_contacts"
[0m08:06:38.387907 [debug] [Thread-4 (]: Re-using an available connection from the pool (formerly model.raqib_sf.stg_drugs, now model.raqib_sf.stg_lab_events)
[0m08:06:38.387907 [debug] [Thread-2 (]: On model.raqib_sf.dim_date: create or replace transient table prod.dbt_dev_marts.dim_date
    
    
    
    as (

SELECT
    md5(cast(coalesce(cast(date_bk as TEXT), '_dbt_utils_surrogate_key_null_') as TEXT)) AS date_key,
    date_bk,
    year,
    month,
    month_name,
    day_name, 
    is_weekend 
FROM (
SELECT
    DATEADD(DAY, SEQ4(), '2000-01-01'::DATE) AS date_bk,
    
    YEAR(date_bk) AS year,
    MONTH(date_bk) AS month,
    MONTHNAME(date_bk) AS month_name,
    DAYNAME(date_bk) AS day_name,
    
    CASE 
        WHEN DAYOFWEEKISO(date_bk) IN (6, 7) THEN 1 
        ELSE 0 
    END AS is_weekend
FROM TABLE(GENERATOR(ROWCOUNT => 10000))
WHERE date_bk <= '2026-12-31'::DATE
)
    )

/* {"app": "dbt", "dbt_version": "1.11.7", "profile_name": "raqib_sf", "target_name": "dev", "node_id": "model.raqib_sf.dim_date"} */;
[0m08:06:38.388905 [debug] [Thread-4 (]: Began compiling node model.raqib_sf.stg_lab_events
[0m08:06:38.389869 [debug] [Thread-3 (]: Using snowflake connection "model.raqib_sf.dim_time"
[0m08:06:38.390869 [debug] [Thread-2 (]: Opening a new connection, currently in state init
[0m08:06:38.391870 [debug] [Thread-5 (]: Finished running node model.raqib_sf.stg_emergency_contacts
[0m08:06:38.394869 [debug] [Thread-4 (]: Writing injected SQL for node "model.raqib_sf.stg_lab_events"
[0m08:06:38.395869 [debug] [Thread-3 (]: On model.raqib_sf.dim_time: create or replace transient table prod.dbt_dev_marts.dim_time
    
    
    
    as (

SELECT
    md5(cast(coalesce(cast(time_bk as TEXT), '_dbt_utils_surrogate_key_null_') as TEXT)) AS time_key,
    time_bk,
    hour,
    minute,
    second,
    time_of_day
FROM (
SELECT   
    TIMEADD(SECOND, SEQ4(), '00:00:00'::TIME) AS time_bk,
    
    HOUR(time_bk) AS hour,
    MINUTE(time_bk) AS minute,
    SECOND(time_bk) AS second,
    
    CASE 
        WHEN HOUR(time_bk) < 6 THEN 'Night'
        WHEN HOUR(time_bk) < 12 THEN 'Morning'
        WHEN HOUR(time_bk) < 18 THEN 'Afternoon'
        ELSE 'Evening'
    END AS time_of_day

FROM TABLE(GENERATOR(ROWCOUNT => 86400))
)
    )

/* {"app": "dbt", "dbt_version": "1.11.7", "profile_name": "raqib_sf", "target_name": "dev", "node_id": "model.raqib_sf.dim_time"} */;
[0m08:06:38.396864 [debug] [Thread-5 (]: Began running node model.raqib_sf.stg_lab_specimen_types
[0m08:06:38.433593 [debug] [Thread-3 (]: Opening a new connection, currently in state init
[0m08:06:38.434588 [debug] [Thread-5 (]: Re-using an available connection from the pool (formerly model.raqib_sf.stg_emergency_contacts, now model.raqib_sf.stg_lab_specimen_types)
[0m08:06:38.435587 [debug] [Thread-4 (]: Finished running node model.raqib_sf.stg_lab_events
[0m08:06:38.472998 [debug] [Thread-5 (]: Began compiling node model.raqib_sf.stg_lab_specimen_types
[0m08:06:38.477015 [debug] [Thread-4 (]: Began running node model.raqib_sf.stg_patients
[0m08:06:38.480235 [debug] [Thread-5 (]: Writing injected SQL for node "model.raqib_sf.stg_lab_specimen_types"
[0m08:06:38.481238 [debug] [Thread-4 (]: Re-using an available connection from the pool (formerly model.raqib_sf.stg_lab_events, now model.raqib_sf.stg_patients)
[0m08:06:38.486370 [debug] [Thread-4 (]: Began compiling node model.raqib_sf.stg_patients
[0m08:06:38.490418 [debug] [Thread-4 (]: Writing injected SQL for node "model.raqib_sf.stg_patients"
[0m08:06:38.491376 [debug] [Thread-5 (]: Finished running node model.raqib_sf.stg_lab_specimen_types
[0m08:06:38.491376 [debug] [Thread-5 (]: Began running node model.raqib_sf.stg_prescriptions
[0m08:06:38.497132 [debug] [Thread-5 (]: Re-using an available connection from the pool (formerly model.raqib_sf.stg_lab_specimen_types, now model.raqib_sf.stg_prescriptions)
[0m08:06:38.497132 [debug] [Thread-5 (]: Began compiling node model.raqib_sf.stg_prescriptions
[0m08:06:38.502192 [debug] [Thread-5 (]: Writing injected SQL for node "model.raqib_sf.stg_prescriptions"
[0m08:06:38.506145 [debug] [Thread-4 (]: Finished running node model.raqib_sf.stg_patients
[0m08:06:38.507495 [debug] [Thread-4 (]: Began running node model.raqib_sf.stg_providers
[0m08:06:38.507495 [debug] [Thread-4 (]: Re-using an available connection from the pool (formerly model.raqib_sf.stg_patients, now model.raqib_sf.stg_providers)
[0m08:06:38.508728 [debug] [Thread-4 (]: Began compiling node model.raqib_sf.stg_providers
[0m08:06:38.511800 [debug] [Thread-4 (]: Writing injected SQL for node "model.raqib_sf.stg_providers"
[0m08:06:38.516841 [debug] [Thread-5 (]: Finished running node model.raqib_sf.stg_prescriptions
[0m08:06:38.518149 [debug] [Thread-5 (]: Began running node model.raqib_sf.stg_services
[0m08:06:38.518654 [debug] [Thread-5 (]: Re-using an available connection from the pool (formerly model.raqib_sf.stg_prescriptions, now model.raqib_sf.stg_services)
[0m08:06:38.518654 [debug] [Thread-5 (]: Began compiling node model.raqib_sf.stg_services
[0m08:06:38.522661 [debug] [Thread-5 (]: Writing injected SQL for node "model.raqib_sf.stg_services"
[0m08:06:38.523661 [debug] [Thread-4 (]: Finished running node model.raqib_sf.stg_providers
[0m08:06:38.523661 [debug] [Thread-4 (]: Began running node model.raqib_sf.stg_transfers
[0m08:06:38.524661 [debug] [Thread-4 (]: Re-using an available connection from the pool (formerly model.raqib_sf.stg_providers, now model.raqib_sf.stg_transfers)
[0m08:06:38.525663 [debug] [Thread-4 (]: Began compiling node model.raqib_sf.stg_transfers
[0m08:06:38.528929 [debug] [Thread-4 (]: Writing injected SQL for node "model.raqib_sf.stg_transfers"
[0m08:06:38.529898 [debug] [Thread-5 (]: Finished running node model.raqib_sf.stg_services
[0m08:06:38.529898 [debug] [Thread-5 (]: Began running node model.raqib_sf.dim_admission_type
[0m08:06:38.530937 [info ] [Thread-5 (]: 3 of 20 START sql incremental model prod.dbt_dev_marts.dim_admission_type ...... [RUN]
[0m08:06:38.531972 [debug] [Thread-5 (]: Re-using an available connection from the pool (formerly model.raqib_sf.stg_services, now model.raqib_sf.dim_admission_type)
[0m08:06:38.531972 [debug] [Thread-5 (]: Began compiling node model.raqib_sf.dim_admission_type
[0m08:06:38.537971 [debug] [Thread-5 (]: Writing injected SQL for node "model.raqib_sf.dim_admission_type"
[0m08:06:38.538972 [debug] [Thread-5 (]: Began executing node model.raqib_sf.dim_admission_type
[0m08:06:38.539978 [debug] [Thread-4 (]: Finished running node model.raqib_sf.stg_transfers
[0m08:06:38.572102 [debug] [Thread-4 (]: Began running node model.raqib_sf.dim_location
[0m08:06:38.572102 [info ] [Thread-4 (]: 4 of 20 START sql incremental model prod.dbt_dev_marts.dim_location ............ [RUN]
[0m08:06:38.596369 [debug] [Thread-5 (]: Writing runtime sql for node "model.raqib_sf.dim_admission_type"
[0m08:06:38.597369 [debug] [Thread-4 (]: Re-using an available connection from the pool (formerly model.raqib_sf.stg_transfers, now model.raqib_sf.dim_location)
[0m08:06:38.598328 [debug] [Thread-4 (]: Began compiling node model.raqib_sf.dim_location
[0m08:06:38.606463 [debug] [Thread-4 (]: Writing injected SQL for node "model.raqib_sf.dim_location"
[0m08:06:38.608675 [debug] [Thread-5 (]: Using snowflake connection "model.raqib_sf.dim_admission_type"
[0m08:06:38.608675 [debug] [Thread-5 (]: On model.raqib_sf.dim_admission_type: create or replace transient table prod.dbt_dev_marts.dim_admission_type
    
    
    
    as (with  __dbt__cte__stg_admissions as (
WITH raw_admissions AS (
    SELECT * 
    FROM raw.public.admissions
)

SELECT 
    admission_id,
    patient_id,
    admission_provider_id                                       AS provider_id,
    CAST(ADMISSION_DATETIME_IN AS TIMESTAMP)                    AS admitted_at,
    CAST(ADMISSION_DATETIME_OUT AS TIMESTAMP)                   AS discharged_at,
    UPPER(LEFT(admission_type, 1)) 
        || LOWER(SUBSTR(admission_type, 2))                     AS admission_type,
    admission_location,
    discharge_location,
    INITCAP(insurance_type)                                     AS insurance_type,
    total_cost,
    payer_coverage,
    hospital_expire_flag,
    primary_sdk
FROM raw_admissions
), dim_admission_type as (
    select distinct admission_type as admission_type from __dbt__cte__stg_admissions
)

select 
md5(cast(coalesce(cast(admission_type as TEXT), '_dbt_utils_surrogate_key_null_') as TEXT)) as admission_type_Key,
*
from dim_admission_type
    )

/* {"app": "dbt", "dbt_version": "1.11.7", "profile_name": "raqib_sf", "target_name": "dev", "node_id": "model.raqib_sf.dim_admission_type"} */;
[0m08:06:38.611192 [debug] [Thread-5 (]: Opening a new connection, currently in state init
[0m08:06:38.647189 [debug] [Thread-4 (]: Began executing node model.raqib_sf.dim_location
[0m08:06:38.651296 [debug] [Thread-4 (]: Writing runtime sql for node "model.raqib_sf.dim_location"
[0m08:06:38.656048 [debug] [Thread-4 (]: Using snowflake connection "model.raqib_sf.dim_location"
[0m08:06:38.656048 [debug] [Thread-4 (]: On model.raqib_sf.dim_location: create or replace transient table prod.dbt_dev_marts.dim_location
    
    
    
    as (with  __dbt__cte__stg_admissions as (
WITH raw_admissions AS (
    SELECT * 
    FROM raw.public.admissions
)

SELECT 
    admission_id,
    patient_id,
    admission_provider_id                                       AS provider_id,
    CAST(ADMISSION_DATETIME_IN AS TIMESTAMP)                    AS admitted_at,
    CAST(ADMISSION_DATETIME_OUT AS TIMESTAMP)                   AS discharged_at,
    UPPER(LEFT(admission_type, 1)) 
        || LOWER(SUBSTR(admission_type, 2))                     AS admission_type,
    admission_location,
    discharge_location,
    INITCAP(insurance_type)                                     AS insurance_type,
    total_cost,
    payer_coverage,
    hospital_expire_flag,
    primary_sdk
FROM raw_admissions
), dim_location as (
    select distinct admission_location as Location_Name from __dbt__cte__stg_admissions
    union
    select distinct discharge_location from __dbt__cte__stg_admissions
)

select 
md5(cast(coalesce(cast(Location_Name as TEXT), '_dbt_utils_surrogate_key_null_') as TEXT)) as Location_Key,
*
from dim_location
    )

/* {"app": "dbt", "dbt_version": "1.11.7", "profile_name": "raqib_sf", "target_name": "dev", "node_id": "model.raqib_sf.dim_location"} */;
[0m08:06:38.657069 [debug] [Thread-4 (]: Opening a new connection, currently in state init
[0m08:06:40.082328 [debug] [Thread-2 (]: SQL status: SUCCESS 9862 in 1.691 seconds
[0m08:06:40.117475 [debug] [Thread-2 (]: Sending event: {'category': 'dbt', 'action': 'run_model', 'label': '3609196a-3446-4edf-8adb-de8942d548cd', 'context': [<snowplow_tracker.self_describing_json.SelfDescribingJson object at 0x000001F37BE12540>]}
[0m08:06:40.118476 [info ] [Thread-2 (]: 1 of 20 OK created sql table model prod.dbt_dev_marts.dim_date ................. [[32mSUCCESS 9862[0m in 1.82s]
[0m08:06:40.118476 [debug] [Thread-2 (]: Finished running node model.raqib_sf.dim_date
[0m08:06:40.119474 [debug] [Thread-2 (]: Began running node model.raqib_sf.dim_diagnosis
[0m08:06:40.119474 [info ] [Thread-2 (]: 5 of 20 START sql table model prod.dbt_dev_marts.dim_diagnosis ................. [RUN]
[0m08:06:40.120895 [debug] [Thread-2 (]: Re-using an available connection from the pool (formerly model.raqib_sf.dim_date, now model.raqib_sf.dim_diagnosis)
[0m08:06:40.120895 [debug] [Thread-2 (]: Began compiling node model.raqib_sf.dim_diagnosis
[0m08:06:40.129938 [debug] [Thread-2 (]: Writing injected SQL for node "model.raqib_sf.dim_diagnosis"
[0m08:06:40.130900 [debug] [Thread-2 (]: Began executing node model.raqib_sf.dim_diagnosis
[0m08:06:40.134094 [debug] [Thread-2 (]: Writing runtime sql for node "model.raqib_sf.dim_diagnosis"
[0m08:06:40.136124 [debug] [Thread-2 (]: Using snowflake connection "model.raqib_sf.dim_diagnosis"
[0m08:06:40.136124 [debug] [Thread-2 (]: On model.raqib_sf.dim_diagnosis: create or replace transient table prod.dbt_dev_marts.dim_diagnosis
    
    
    
    as (
with  __dbt__cte__stg_diagnosis as (
WITH raw_diagnosis AS (
    SELECT * 
    FROM raw.public.diagnosis
)

SELECT 
    diagnosis_id,
    patient_id,
    admission_id,
    provider_id,
    sub_domain_key,
    TRIM(REGEXP_REPLACE(description, '\\s*\\([^)]+\\)', '')) AS description,
    REGEXP_SUBSTR(description, '\\(([^)]+)\\)', 1, 1, 'e', 1) AS description_type,
    TRIM(SPLIT_PART(REGEXP_REPLACE(SPLIT_PART(sub_domain, ' – ', 2), '\\s*/\\s*', ' & '), ' & ', 1)) AS domain,
    NULLIF(TRIM(SPLIT_PART(REGEXP_REPLACE(SPLIT_PART(sub_domain, ' – ', 2), '\\s*/\\s*', ' & '), ' & ', 2)), '') AS sub_domain
FROM raw_diagnosis
), dim_diagnosis as (
    select * from __dbt__cte__stg_diagnosis
)

select 
    md5(cast(coalesce(cast(diagnosis_id as TEXT), '_dbt_utils_surrogate_key_null_') || '-' || coalesce(cast(domain as TEXT), '_dbt_utils_surrogate_key_null_') || '-' || coalesce(cast(sub_domain_key as TEXT), '_dbt_utils_surrogate_key_null_') as TEXT)) as diagnosis_key,
    description,
    description_type,
    sub_domain_key,
    domain,
    sub_domain
from dim_diagnosis
    )

/* {"app": "dbt", "dbt_version": "1.11.7", "profile_name": "raqib_sf", "target_name": "dev", "node_id": "model.raqib_sf.dim_diagnosis"} */;
[0m08:06:40.179625 [debug] [Thread-3 (]: SQL status: SUCCESS 86400 in 1.746 seconds
[0m08:06:40.183632 [debug] [Thread-3 (]: Sending event: {'category': 'dbt', 'action': 'run_model', 'label': '3609196a-3446-4edf-8adb-de8942d548cd', 'context': [<snowplow_tracker.self_describing_json.SelfDescribingJson object at 0x000001F3133C4F50>]}
[0m08:06:40.184636 [info ] [Thread-3 (]: 2 of 20 OK created sql table model prod.dbt_dev_marts.dim_time ................. [[32mSUCCESS 86400[0m in 1.87s]
[0m08:06:40.185589 [debug] [Thread-3 (]: Finished running node model.raqib_sf.dim_time
[0m08:06:40.185589 [debug] [Thread-3 (]: Began running node model.raqib_sf.dim_emergency_contacts
[0m08:06:40.186636 [info ] [Thread-3 (]: 6 of 20 START sql incremental model prod.dbt_dev_marts.dim_emergency_contacts .. [RUN]
[0m08:06:40.187636 [debug] [Thread-3 (]: Re-using an available connection from the pool (formerly model.raqib_sf.dim_time, now model.raqib_sf.dim_emergency_contacts)
[0m08:06:40.188606 [debug] [Thread-3 (]: Began compiling node model.raqib_sf.dim_emergency_contacts
[0m08:06:40.199462 [debug] [Thread-3 (]: Writing injected SQL for node "model.raqib_sf.dim_emergency_contacts"
[0m08:06:40.201440 [debug] [Thread-3 (]: Began executing node model.raqib_sf.dim_emergency_contacts
[0m08:06:40.206473 [debug] [Thread-3 (]: Writing runtime sql for node "model.raqib_sf.dim_emergency_contacts"
[0m08:06:40.208458 [debug] [Thread-3 (]: Using snowflake connection "model.raqib_sf.dim_emergency_contacts"
[0m08:06:40.209462 [debug] [Thread-3 (]: On model.raqib_sf.dim_emergency_contacts: create or replace transient table prod.dbt_dev_marts.dim_emergency_contacts
    
    
    
    as (with  __dbt__cte__stg_emergency_contacts as (
WITH raw_emergency_contacts AS (
    SELECT *
    FROM raw.public.emergency_contacts
)

SELECT
    Patient_ID AS patient_id,
    INITCAP(emergency_contact_name) AS emergency_contact_name,
    emergency_contact_relationship,
    emergency_contact_bloodtype,
    emergency_contact_number AS emergency_contact_phone_number,
    REGEXP_LIKE(emergency_contact_number, '^\\([0-9]{3}\\) [0-9]{3}-[0-9]{4}$') AS is_valid_phone_number
    
FROM raw_emergency_contacts
), emergency_contacts as (
    select * 
    from __dbt__cte__stg_emergency_contacts
)

SELECT
    md5(cast(coalesce(cast(patient_id as TEXT), '_dbt_utils_surrogate_key_null_') || '-' || coalesce(cast(emergency_contact_name as TEXT), '_dbt_utils_surrogate_key_null_') as TEXT)) AS contact_key,
    *
FROM emergency_contacts
    )

/* {"app": "dbt", "dbt_version": "1.11.7", "profile_name": "raqib_sf", "target_name": "dev", "node_id": "model.raqib_sf.dim_emergency_contacts"} */;
[0m08:06:40.352813 [debug] [Thread-5 (]: SQL status: SUCCESS 12 in 1.741 seconds
[0m08:06:40.376836 [debug] [Thread-5 (]: Applying DROP to: prod.dbt_dev_marts.dim_admission_type__dbt_tmp
[0m08:06:40.389785 [debug] [Thread-5 (]: Using snowflake connection "model.raqib_sf.dim_admission_type"
[0m08:06:40.389785 [debug] [Thread-5 (]: On model.raqib_sf.dim_admission_type: drop view if exists prod.dbt_dev_marts.dim_admission_type__dbt_tmp cascade
/* {"app": "dbt", "dbt_version": "1.11.7", "profile_name": "raqib_sf", "target_name": "dev", "node_id": "model.raqib_sf.dim_admission_type"} */
[0m08:06:40.487691 [debug] [Thread-4 (]: SQL status: SUCCESS 37 in 1.831 seconds
[0m08:06:40.499356 [debug] [Thread-4 (]: Applying DROP to: prod.dbt_dev_marts.dim_location__dbt_tmp
[0m08:06:40.500360 [debug] [Thread-4 (]: Using snowflake connection "model.raqib_sf.dim_location"
[0m08:06:40.501361 [debug] [Thread-4 (]: On model.raqib_sf.dim_location: drop view if exists prod.dbt_dev_marts.dim_location__dbt_tmp cascade
/* {"app": "dbt", "dbt_version": "1.11.7", "profile_name": "raqib_sf", "target_name": "dev", "node_id": "model.raqib_sf.dim_location"} */
[0m08:06:40.521105 [debug] [Thread-5 (]: SQL status: SUCCESS 1 in 0.130 seconds
[0m08:06:40.524184 [debug] [Thread-5 (]: Sending event: {'category': 'dbt', 'action': 'run_model', 'label': '3609196a-3446-4edf-8adb-de8942d548cd', 'context': [<snowplow_tracker.self_describing_json.SelfDescribingJson object at 0x000001F31355BF50>]}
[0m08:06:40.525189 [info ] [Thread-5 (]: 3 of 20 OK created sql incremental model prod.dbt_dev_marts.dim_admission_type . [[32mSUCCESS 12[0m in 1.99s]
[0m08:06:40.526182 [debug] [Thread-5 (]: Finished running node model.raqib_sf.dim_admission_type
[0m08:06:40.527132 [debug] [Thread-5 (]: Began running node model.raqib_sf.dim_lab_types
[0m08:06:40.528323 [info ] [Thread-5 (]: 7 of 20 START sql incremental model prod.dbt_dev_marts.dim_lab_types ........... [RUN]
[0m08:06:40.529368 [debug] [Thread-5 (]: Re-using an available connection from the pool (formerly model.raqib_sf.dim_admission_type, now model.raqib_sf.dim_lab_types)
[0m08:06:40.529368 [debug] [Thread-5 (]: Began compiling node model.raqib_sf.dim_lab_types
[0m08:06:40.544565 [debug] [Thread-5 (]: Writing injected SQL for node "model.raqib_sf.dim_lab_types"
[0m08:06:40.546567 [debug] [Thread-5 (]: Began executing node model.raqib_sf.dim_lab_types
[0m08:06:40.554997 [debug] [Thread-5 (]: Writing runtime sql for node "model.raqib_sf.dim_lab_types"
[0m08:06:40.558957 [debug] [Thread-5 (]: Using snowflake connection "model.raqib_sf.dim_lab_types"
[0m08:06:40.558957 [debug] [Thread-5 (]: On model.raqib_sf.dim_lab_types: create or replace transient table prod.dbt_dev_marts.dim_lab_types
    
    
    
    as (WITH  __dbt__cte__stg_lab_specimen_types as (
WITH raw_lab_specimen_types AS (
    SELECT *
    FROM raw.public.lab_specimen_types
)

SELECT 
    itemid AS item_id,
    CASE 
        WHEN CONTAINS(label, '(') THEN TRIM(SPLIT_PART(label, '(', 1))
        ELSE label
    END AS label,
    CASE 
        WHEN CONTAINS(label, '(') THEN TRIM(REPLACE(SPLIT_PART(label, '(', 2), ')', ''))
        ELSE NULL
    END AS label_sub_type,
    fluid,
    CASE 
        WHEN CONTAINS(category, '–') THEN TRIM(SPLIT_PART(category, '–', 1))
        ELSE category
    END AS category_type,
    CASE   
        WHEN CONTAINS(category, '–') THEN TRIM(SPLIT_PART(category, '–', 2))
        ELSE NULL
    END AS category_sub_type,
    sub_domain_key,
    TRIM(SPLIT_PART(REGEXP_REPLACE(specialty, '\\s*/\\s*', ' & '), ' & ', 1)) AS specialty_1,
    NULLIF(TRIM(SPLIT_PART(REGEXP_REPLACE(specialty, '\\s*/\\s*', ' & '), ' & ', 2)), '') AS specialty_2,
    
FROM raw_lab_specimen_types
), stg_lab_specimen_types AS (
    SELECT *
    FROM __dbt__cte__stg_lab_specimen_types
)

SELECT
    md5(cast(coalesce(cast(item_id as TEXT), '_dbt_utils_surrogate_key_null_') || '-' || coalesce(cast(label as TEXT), '_dbt_utils_surrogate_key_null_') || '-' || coalesce(cast(category_type as TEXT), '_dbt_utils_surrogate_key_null_') as TEXT)) AS specimen_type_key,
    item_id,
    label,
    label_sub_type,
    fluid,
    category_type,
    category_sub_type,
    sub_domain_key,
    specialty_1,
    specialty_2
FROM stg_lab_specimen_types
    )

/* {"app": "dbt", "dbt_version": "1.11.7", "profile_name": "raqib_sf", "target_name": "dev", "node_id": "model.raqib_sf.dim_lab_types"} */;
[0m08:06:40.611535 [debug] [Thread-4 (]: SQL status: SUCCESS 1 in 0.109 seconds
[0m08:06:40.615960 [debug] [Thread-4 (]: Sending event: {'category': 'dbt', 'action': 'run_model', 'label': '3609196a-3446-4edf-8adb-de8942d548cd', 'context': [<snowplow_tracker.self_describing_json.SelfDescribingJson object at 0x000001F313510AD0>]}
[0m08:06:40.617968 [info ] [Thread-4 (]: 4 of 20 OK created sql incremental model prod.dbt_dev_marts.dim_location ....... [[32mSUCCESS 37[0m in 2.02s]
[0m08:06:40.618899 [debug] [Thread-4 (]: Finished running node model.raqib_sf.dim_location
[0m08:06:40.619899 [debug] [Thread-4 (]: Began running node model.raqib_sf.int_lab_analysis
[0m08:06:40.621900 [info ] [Thread-4 (]: 8 of 20 START sql view model dbt_dev.int_lab_analysis .......................... [RUN]
[0m08:06:40.622911 [debug] [Thread-4 (]: Re-using an available connection from the pool (formerly model.raqib_sf.dim_location, now model.raqib_sf.int_lab_analysis)
[0m08:06:40.623964 [debug] [Thread-4 (]: Began compiling node model.raqib_sf.int_lab_analysis
[0m08:06:40.644315 [debug] [Thread-4 (]: Writing injected SQL for node "model.raqib_sf.int_lab_analysis"
[0m08:06:40.646265 [debug] [Thread-4 (]: Began executing node model.raqib_sf.int_lab_analysis
[0m08:06:40.675350 [debug] [Thread-4 (]: Writing runtime sql for node "model.raqib_sf.int_lab_analysis"
[0m08:06:40.678313 [debug] [Thread-4 (]: Using snowflake connection "model.raqib_sf.int_lab_analysis"
[0m08:06:40.679348 [debug] [Thread-4 (]: On model.raqib_sf.int_lab_analysis: create or replace   view dev.dbt_dev.int_lab_analysis
  
  
  
  
  as (
    WITH  __dbt__cte__stg_lab_events as (
WITH raw_lab_events AS (

    SELECT *
    FROM raw.public.lab_events

)

SELECT
    lab_event_id,
    patient_id,
    admission_id,
    specimen_id,
    item_id,
    provider_id,
    CAST(done_datetime AS TIMESTAMP)    AS lab_done_at,
    CAST(stored_datetime AS TIMESTAMP)  AS lab_stored_at,
    TRY_CAST(value AS FLOAT) AS result_value,
    TRIM(measurement_unit) AS measurement_unit,
    TRY_CAST(range_lower AS FLOAT) AS range_lower,
    TRY_CAST(range_higher AS FLOAT) AS range_higher,
    TRIM(abnormal_flag) AS abnormal_flag,
    TRY_CAST(cost AS FLOAT) AS cost

FROM raw_lab_events 

--  CONVERT_TIMEZONE('UTC', done_datetime::TIMESTAMP_TZ)    AS lab_done_at,
--     CONVERT_TIMEZONE('UTC', stored_datetime::TIMESTAMP_TZ)  AS lab_stored_at,
),  __dbt__cte__stg_lab_specimen_types as (
WITH raw_lab_specimen_types AS (
    SELECT *
    FROM raw.public.lab_specimen_types
)

SELECT 
    itemid AS item_id,
    CASE 
        WHEN CONTAINS(label, '(') THEN TRIM(SPLIT_PART(label, '(', 1))
        ELSE label
    END AS label,
    CASE 
        WHEN CONTAINS(label, '(') THEN TRIM(REPLACE(SPLIT_PART(label, '(', 2), ')', ''))
        ELSE NULL
    END AS label_sub_type,
    fluid,
    CASE 
        WHEN CONTAINS(category, '–') THEN TRIM(SPLIT_PART(category, '–', 1))
        ELSE category
    END AS category_type,
    CASE   
        WHEN CONTAINS(category, '–') THEN TRIM(SPLIT_PART(category, '–', 2))
        ELSE NULL
    END AS category_sub_type,
    sub_domain_key,
    TRIM(SPLIT_PART(REGEXP_REPLACE(specialty, '\\s*/\\s*', ' & '), ' & ', 1)) AS specialty_1,
    NULLIF(TRIM(SPLIT_PART(REGEXP_REPLACE(specialty, '\\s*/\\s*', ' & '), ' & ', 2)), '') AS specialty_2,
    
FROM raw_lab_specimen_types
), lab_events AS (
    SELECT *
    FROM __dbt__cte__stg_lab_events
),

specimen_types AS (
    SELECT *
    FROM __dbt__cte__stg_lab_specimen_types
)

SELECT
    md5(cast(coalesce(cast(lab_event_id as TEXT), '_dbt_utils_surrogate_key_null_') as TEXT)) AS lab_event_key,
    le.lab_event_id,
    le.patient_id,
    le.admission_id,
    le.provider_id,
    le.specimen_id,
    le.item_id,
    le.lab_done_at,
    le.lab_stored_at,

    st.label AS test_name,
    st.label_sub_type,
    st.fluid,
    st.category_type,
    st.category_sub_type,
    st.specialty_1,
    st.specialty_2,

    le.result_value,
    le.measurement_unit,

    le.range_lower,
    le.range_higher,

    le.abnormal_flag,

    le.cost

FROM lab_events le

LEFT JOIN specimen_types st
    ON le.item_id = st.item_id
  )
/* {"app": "dbt", "dbt_version": "1.11.7", "profile_name": "raqib_sf", "target_name": "dev", "node_id": "model.raqib_sf.int_lab_analysis"} */;
[0m08:06:40.995648 [debug] [Thread-4 (]: SQL status: SUCCESS 1 in 0.315 seconds
[0m08:06:41.005466 [debug] [Thread-4 (]: Sending event: {'category': 'dbt', 'action': 'run_model', 'label': '3609196a-3446-4edf-8adb-de8942d548cd', 'context': [<snowplow_tracker.self_describing_json.SelfDescribingJson object at 0x000001F3134770B0>]}
[0m08:06:41.008465 [info ] [Thread-4 (]: 8 of 20 OK created sql view model dbt_dev.int_lab_analysis ..................... [[32mSUCCESS 1[0m in 0.38s]
[0m08:06:41.012373 [debug] [Thread-4 (]: Finished running node model.raqib_sf.int_lab_analysis
[0m08:06:41.014375 [debug] [Thread-4 (]: Began running node model.raqib_sf.dim_patients
[0m08:06:41.016372 [info ] [Thread-4 (]: 9 of 20 START sql incremental model prod.dbt_dev_marts.dim_patients ............ [RUN]
[0m08:06:41.019417 [debug] [Thread-4 (]: Re-using an available connection from the pool (formerly model.raqib_sf.int_lab_analysis, now model.raqib_sf.dim_patients)
[0m08:06:41.021367 [debug] [Thread-4 (]: Began compiling node model.raqib_sf.dim_patients
[0m08:06:41.036915 [debug] [Thread-4 (]: Writing injected SQL for node "model.raqib_sf.dim_patients"
[0m08:06:41.038904 [debug] [Thread-4 (]: Began executing node model.raqib_sf.dim_patients
[0m08:06:41.045904 [debug] [Thread-4 (]: Writing runtime sql for node "model.raqib_sf.dim_patients"
[0m08:06:41.048903 [debug] [Thread-4 (]: Using snowflake connection "model.raqib_sf.dim_patients"
[0m08:06:41.049904 [debug] [Thread-4 (]: On model.raqib_sf.dim_patients: create or replace transient table prod.dbt_dev_marts.dim_patients
    
    
    
    as (with  __dbt__cte__stg_patients as (
WITH raw_patients AS (
    SELECT *
    FROM raw.public.patients
)

SELECT 
    patient_id,
    ssn,
    INITCAP(first_name || ' ' || last_name) AS full_name,
    birthdate::DATE AS birthdate,
    YEAR(birthdate::DATE) AS birth_year,
    deathdate::DATE AS deathdate,
    CASE 
        WHEN deathdate IS NOT NULL THEN TRUE
        ELSE FALSE
    END AS is_dead,
    blood_type,
    CASE 
        WHEN marital = 'S' THEN 'Single'
        WHEN marital = 'M' THEN 'Married'
        WHEN marital = 'D' THEN 'Divorced'
        WHEN marital = 'W' THEN 'Widowed'
    END AS marital_status,
    INITCAP(REPLACE(race, '/', ' / ')) AS race,
    CASE
        WHEN UPPER(TRIM(ethnicity)) IN ('HISPANIC', 'HISPANIC OR LATINO')
            THEN 'Hispanic or Latino'
        WHEN UPPER(TRIM(ethnicity)) IN ('NONHISPANIC', 'NOT HISPANIC OR LATINO')
            THEN 'Not Hispanic or Latino'
        ELSE 'Unknown'
    END AS ethnicity,
    CASE 
        WHEN gender = 'F' THEN 'Female'
        WHEN gender = 'M' THEN 'Male'
        ELSE 'Unknown'
    END AS gender,
    INITCAP(language) AS spoken_language,
    INITCAP(TRIM(SPLIT_PART(birthplace, ',', 1))) AS birth_city,
    CASE UPPER(TRIM(SPLIT_PART(birthplace, ',',2)))
    WHEN 'CT' THEN 'Connecticut'
    WHEN 'ME' THEN 'Maine'
    WHEN 'MA' THEN 'Massachusetts'
    WHEN 'NH' THEN 'New Hampshire'
    WHEN 'RI' THEN 'Rhode Island'
    WHEN 'VT' THEN 'Vermont'
    WHEN 'NY' THEN 'New York'
    END AS birth_state,
    address,
    INITCAP(city) AS city,
    CASE UPPER(TRIM(country))
        WHEN 'US' THEN 'United States'
        WHEN 'UK' THEN 'United Kingdom' 
    END AS country,
    CAST(healthcare_expenses AS FLOAT) AS healthcare_expenses,
    CAST(healthcare_coverage AS FLOAT) AS healthcare_coverage,
    income AS income_usd
  
FROM raw_patients
), patients as (
    select
        *
    from __dbt__cte__stg_patients
)

SELECT
    md5(cast(coalesce(cast(patient_id as TEXT), '_dbt_utils_surrogate_key_null_') as TEXT)) AS patient_key,
    patient_id,
    ssn,
    full_name,
    birthdate,
    birth_year,
    deathdate,
    is_dead,
    blood_type,
    marital_status,
    Race,
    ethnicity,
    spoken_language,
    city
    
FROM patients
    )

/* {"app": "dbt", "dbt_version": "1.11.7", "profile_name": "raqib_sf", "target_name": "dev", "node_id": "model.raqib_sf.dim_patients"} */;
[0m08:06:41.452684 [debug] [Thread-5 (]: SQL status: SUCCESS 73 in 0.892 seconds
[0m08:06:41.465758 [debug] [Thread-5 (]: Applying DROP to: prod.dbt_dev_marts.dim_lab_types__dbt_tmp
[0m08:06:41.468741 [debug] [Thread-5 (]: Using snowflake connection "model.raqib_sf.dim_lab_types"
[0m08:06:41.469741 [debug] [Thread-5 (]: On model.raqib_sf.dim_lab_types: drop view if exists prod.dbt_dev_marts.dim_lab_types__dbt_tmp cascade
/* {"app": "dbt", "dbt_version": "1.11.7", "profile_name": "raqib_sf", "target_name": "dev", "node_id": "model.raqib_sf.dim_lab_types"} */
[0m08:06:41.582639 [debug] [Thread-5 (]: SQL status: SUCCESS 1 in 0.111 seconds
[0m08:06:41.583697 [debug] [Thread-5 (]: Sending event: {'category': 'dbt', 'action': 'run_model', 'label': '3609196a-3446-4edf-8adb-de8942d548cd', 'context': [<snowplow_tracker.self_describing_json.SelfDescribingJson object at 0x000001F3135B7F80>]}
[0m08:06:41.584697 [info ] [Thread-5 (]: 7 of 20 OK created sql incremental model prod.dbt_dev_marts.dim_lab_types ...... [[32mSUCCESS 73[0m in 1.05s]
[0m08:06:41.585698 [debug] [Thread-5 (]: Finished running node model.raqib_sf.dim_lab_types
[0m08:06:41.585698 [debug] [Thread-5 (]: Began running node model.raqib_sf.dim_provider
[0m08:06:41.586663 [info ] [Thread-5 (]: 10 of 20 START sql incremental model prod.dbt_dev_marts.dim_provider ........... [RUN]
[0m08:06:41.586663 [debug] [Thread-5 (]: Re-using an available connection from the pool (formerly model.raqib_sf.dim_lab_types, now model.raqib_sf.dim_provider)
[0m08:06:41.587940 [debug] [Thread-5 (]: Began compiling node model.raqib_sf.dim_provider
[0m08:06:41.596010 [debug] [Thread-5 (]: Writing injected SQL for node "model.raqib_sf.dim_provider"
[0m08:06:41.597049 [debug] [Thread-5 (]: Began executing node model.raqib_sf.dim_provider
[0m08:06:41.601016 [debug] [Thread-5 (]: Writing runtime sql for node "model.raqib_sf.dim_provider"
[0m08:06:41.603003 [debug] [Thread-5 (]: Using snowflake connection "model.raqib_sf.dim_provider"
[0m08:06:41.604551 [debug] [Thread-5 (]: On model.raqib_sf.dim_provider: create or replace transient table prod.dbt_dev_marts.dim_provider
    
    
    
    as (with  __dbt__cte__stg_providers as (
WITH raw_providers AS (
    SELECT * 
    FROM raw.public.providers
)

SELECT 
    npi AS provider_id,
    INITCAP(provider_first_name || ' ' || provider_last_name) AS provider_full_name,
    INITCAP(provider_name_prefix) AS provider_name_prefix,
    REGEXP_LIKE(provider_name_prefix, '\\.$') AS is_valid_prefix,
    INITCAP(provider_address) AS provider_address,
    INITCAP(provider_city) AS provider_city,
    TRIM(provider_state_code) AS provider_state_code,
    TRIM(provider_country_code) AS provider_country_code,
    provider_postal_code,
    CASE 
        WHEN provider_sex_code = 'M' OR provider_sex_code = 'm' THEN 'Male'
        WHEN provider_sex_code = 'F' OR provider_sex_code = 'f' THEN 'Female'
        ELSE 'Unknown'
    END AS provider_gender,
    provider_telephone_number,
    CAST(provider_enumeration_date AS DATE) AS provider_enumeration_date,
    CASE 
        WHEN CAST(provider_enumeration_date AS DATE) IS NOT NULL THEN TRUE
        ELSE FALSE
    END AS is_valid_enumeration_date,
    CAST(provider_join_date AS DATE) AS provider_join_date,
    CASE 
        WHEN DATE(provider_join_date, 'YYYY-MM-DD') IS NOT NULL THEN TRUE
        ELSE FALSE
    END AS is_valid_join_date,
    provider_specialty

FROM raw_providers
), stg_providers as (
    select *
    from __dbt__cte__stg_providers
)

select 
    md5(cast(coalesce(cast(provider_id as TEXT), '_dbt_utils_surrogate_key_null_') || '-' || coalesce(cast(provider_full_name as TEXT), '_dbt_utils_surrogate_key_null_') || '-' || coalesce(cast(provider_specialty as TEXT), '_dbt_utils_surrogate_key_null_') as TEXT)) as provider_key,
    *
    
from stg_providers
    )

/* {"app": "dbt", "dbt_version": "1.11.7", "profile_name": "raqib_sf", "target_name": "dev", "node_id": "model.raqib_sf.dim_provider"} */;
[0m08:06:41.605565 [debug] [Thread-3 (]: SQL status: SUCCESS 115063 in 1.396 seconds
[0m08:06:41.609801 [debug] [Thread-3 (]: Applying DROP to: prod.dbt_dev_marts.dim_emergency_contacts__dbt_tmp
[0m08:06:41.610803 [debug] [Thread-3 (]: Using snowflake connection "model.raqib_sf.dim_emergency_contacts"
[0m08:06:41.611800 [debug] [Thread-3 (]: On model.raqib_sf.dim_emergency_contacts: drop view if exists prod.dbt_dev_marts.dim_emergency_contacts__dbt_tmp cascade
/* {"app": "dbt", "dbt_version": "1.11.7", "profile_name": "raqib_sf", "target_name": "dev", "node_id": "model.raqib_sf.dim_emergency_contacts"} */
[0m08:06:41.718253 [debug] [Thread-3 (]: SQL status: SUCCESS 1 in 0.106 seconds
[0m08:06:41.722450 [debug] [Thread-3 (]: Sending event: {'category': 'dbt', 'action': 'run_model', 'label': '3609196a-3446-4edf-8adb-de8942d548cd', 'context': [<snowplow_tracker.self_describing_json.SelfDescribingJson object at 0x000001F31348DAF0>]}
[0m08:06:41.723452 [info ] [Thread-3 (]: 6 of 20 OK created sql incremental model prod.dbt_dev_marts.dim_emergency_contacts  [[32mSUCCESS 115063[0m in 1.53s]
[0m08:06:41.725399 [debug] [Thread-3 (]: Finished running node model.raqib_sf.dim_emergency_contacts
[0m08:06:41.726396 [debug] [Thread-3 (]: Began running node model.raqib_sf.fact_providers_performance
[0m08:06:41.727395 [info ] [Thread-3 (]: 11 of 20 START sql incremental model prod.dbt_dev_marts.fact_providers_performance  [RUN]
[0m08:06:41.728395 [debug] [Thread-3 (]: Re-using an available connection from the pool (formerly model.raqib_sf.dim_emergency_contacts, now model.raqib_sf.fact_providers_performance)
[0m08:06:41.729395 [debug] [Thread-3 (]: Began compiling node model.raqib_sf.fact_providers_performance
[0m08:06:41.772489 [debug] [Thread-3 (]: Writing injected SQL for node "model.raqib_sf.fact_providers_performance"
[0m08:06:41.774489 [debug] [Thread-3 (]: Began executing node model.raqib_sf.fact_providers_performance
[0m08:06:41.783491 [debug] [Thread-3 (]: Writing runtime sql for node "model.raqib_sf.fact_providers_performance"
[0m08:06:41.790535 [debug] [Thread-3 (]: Using snowflake connection "model.raqib_sf.fact_providers_performance"
[0m08:06:41.791537 [debug] [Thread-3 (]: On model.raqib_sf.fact_providers_performance: create or replace transient table prod.dbt_dev_marts.fact_providers_performance
    
    
    
    as (WITH  __dbt__cte__stg_providers as (
WITH raw_providers AS (
    SELECT * 
    FROM raw.public.providers
)

SELECT 
    npi AS provider_id,
    INITCAP(provider_first_name || ' ' || provider_last_name) AS provider_full_name,
    INITCAP(provider_name_prefix) AS provider_name_prefix,
    REGEXP_LIKE(provider_name_prefix, '\\.$') AS is_valid_prefix,
    INITCAP(provider_address) AS provider_address,
    INITCAP(provider_city) AS provider_city,
    TRIM(provider_state_code) AS provider_state_code,
    TRIM(provider_country_code) AS provider_country_code,
    provider_postal_code,
    CASE 
        WHEN provider_sex_code = 'M' OR provider_sex_code = 'm' THEN 'Male'
        WHEN provider_sex_code = 'F' OR provider_sex_code = 'f' THEN 'Female'
        ELSE 'Unknown'
    END AS provider_gender,
    provider_telephone_number,
    CAST(provider_enumeration_date AS DATE) AS provider_enumeration_date,
    CASE 
        WHEN CAST(provider_enumeration_date AS DATE) IS NOT NULL THEN TRUE
        ELSE FALSE
    END AS is_valid_enumeration_date,
    CAST(provider_join_date AS DATE) AS provider_join_date,
    CASE 
        WHEN DATE(provider_join_date, 'YYYY-MM-DD') IS NOT NULL THEN TRUE
        ELSE FALSE
    END AS is_valid_join_date,
    provider_specialty

FROM raw_providers
),  __dbt__cte__stg_admissions as (
WITH raw_admissions AS (
    SELECT * 
    FROM raw.public.admissions
)

SELECT 
    admission_id,
    patient_id,
    admission_provider_id                                       AS provider_id,
    CAST(ADMISSION_DATETIME_IN AS TIMESTAMP)                    AS admitted_at,
    CAST(ADMISSION_DATETIME_OUT AS TIMESTAMP)                   AS discharged_at,
    UPPER(LEFT(admission_type, 1)) 
        || LOWER(SUBSTR(admission_type, 2))                     AS admission_type,
    admission_location,
    discharge_location,
    INITCAP(insurance_type)                                     AS insurance_type,
    total_cost,
    payer_coverage,
    hospital_expire_flag,
    primary_sdk
FROM raw_admissions
),  __dbt__cte__stg_diagnosis as (
WITH raw_diagnosis AS (
    SELECT * 
    FROM raw.public.diagnosis
)

SELECT 
    diagnosis_id,
    patient_id,
    admission_id,
    provider_id,
    sub_domain_key,
    TRIM(REGEXP_REPLACE(description, '\\s*\\([^)]+\\)', '')) AS description,
    REGEXP_SUBSTR(description, '\\(([^)]+)\\)', 1, 1, 'e', 1) AS description_type,
    TRIM(SPLIT_PART(REGEXP_REPLACE(SPLIT_PART(sub_domain, ' – ', 2), '\\s*/\\s*', ' & '), ' & ', 1)) AS domain,
    NULLIF(TRIM(SPLIT_PART(REGEXP_REPLACE(SPLIT_PART(sub_domain, ' – ', 2), '\\s*/\\s*', ' & '), ' & ', 2)), '') AS sub_domain
FROM raw_diagnosis
),  __dbt__cte__stg_lab_events as (
WITH raw_lab_events AS (

    SELECT *
    FROM raw.public.lab_events

)

SELECT
    lab_event_id,
    patient_id,
    admission_id,
    specimen_id,
    item_id,
    provider_id,
    CAST(done_datetime AS TIMESTAMP)    AS lab_done_at,
    CAST(stored_datetime AS TIMESTAMP)  AS lab_stored_at,
    TRY_CAST(value AS FLOAT) AS result_value,
    TRIM(measurement_unit) AS measurement_unit,
    TRY_CAST(range_lower AS FLOAT) AS range_lower,
    TRY_CAST(range_higher AS FLOAT) AS range_higher,
    TRIM(abnormal_flag) AS abnormal_flag,
    TRY_CAST(cost AS FLOAT) AS cost

FROM raw_lab_events 

--  CONVERT_TIMEZONE('UTC', done_datetime::TIMESTAMP_TZ)    AS lab_done_at,
--     CONVERT_TIMEZONE('UTC', stored_datetime::TIMESTAMP_TZ)  AS lab_stored_at,
),  __dbt__cte__stg_prescriptions as (
WITH raw_prescriptions AS (
    SELECT *
    FROM raw.public.prescriptions 
)
SELECT 
    prescription_id,
    patient_id,
    admission_id,
    provider_id,
    drug_id,
    CAST(prescribed_date AS TIMESTAMP) AS prescribed_date,
    INITCAP(status) AS status
FROM raw_prescriptions
), providers AS (
    SELECT *
    FROM __dbt__cte__stg_providers
),

admissions AS (
    SELECT *
    FROM __dbt__cte__stg_admissions
),

diagnosis AS (
    SELECT *
    FROM __dbt__cte__stg_diagnosis
),

lab_events AS (
    SELECT *
    FROM __dbt__cte__stg_lab_events
),

prescriptions AS (
    SELECT *
    FROM __dbt__cte__stg_prescriptions
),


encounter_metrics AS (
    SELECT
        provider_id,

        COUNT(DISTINCT admission_id) AS total_encounters,
        COUNT(DISTINCT patient_id) AS unique_patients,

        AVG(total_cost) AS avg_encounter_cost,

        SUM(
            CASE 
                WHEN hospital_expire_flag = 1 THEN 1
                ELSE 0
            END
        ) * 1.0 / NULLIF(COUNT(*), 0) AS mortality_rate

    FROM admissions
    GROUP BY provider_id
),


diagnosis_metrics AS (
    SELECT
        provider_id,
        COUNT(*) AS total_diagnoses
    FROM diagnosis
    GROUP BY provider_id
),


lab_metrics AS (
    SELECT
        provider_id,
        COUNT(*) AS total_lab_orders
    FROM lab_events
    GROUP BY provider_id
),

prescription_metrics AS (
    SELECT
        provider_id,
        COUNT(*) AS total_prescriptions
    FROM prescriptions
    GROUP BY provider_id
)

SELECT
    md5(cast(coalesce(cast(p.provider_id as TEXT), '_dbt_utils_surrogate_key_null_') as TEXT)) AS provider_performance_key,
    p.provider_id,

    p.provider_full_name,
    p.provider_specialty,
    p.provider_city,
    p.provider_state_code,

   
    COALESCE(em.total_encounters, 0) AS total_encounters,
    COALESCE(em.unique_patients, 0) AS unique_patients,
    COALESCE(dm.total_diagnoses, 0) AS total_diagnoses,
    COALESCE(lm.total_lab_orders, 0) AS total_lab_orders,
    COALESCE(pm.total_prescriptions, 0) AS total_prescriptions,
    COALESCE(em.mortality_rate, 0) AS mortality_rate

FROM providers p

LEFT JOIN encounter_metrics em
    ON p.provider_id = em.provider_id

LEFT JOIN diagnosis_metrics dm
    ON p.provider_id = dm.provider_id

LEFT JOIN lab_metrics lm
    ON p.provider_id = lm.provider_id

LEFT JOIN prescription_metrics pm
    ON p.provider_id = pm.provider_id
    )

/* {"app": "dbt", "dbt_version": "1.11.7", "profile_name": "raqib_sf", "target_name": "dev", "node_id": "model.raqib_sf.fact_providers_performance"} */;
[0m08:06:42.449502 [debug] [Thread-5 (]: SQL status: SUCCESS 4500 in 0.844 seconds
[0m08:06:42.452531 [debug] [Thread-5 (]: Applying DROP to: prod.dbt_dev_marts.dim_provider__dbt_tmp
[0m08:06:42.453526 [debug] [Thread-5 (]: Using snowflake connection "model.raqib_sf.dim_provider"
[0m08:06:42.454526 [debug] [Thread-5 (]: On model.raqib_sf.dim_provider: drop view if exists prod.dbt_dev_marts.dim_provider__dbt_tmp cascade
/* {"app": "dbt", "dbt_version": "1.11.7", "profile_name": "raqib_sf", "target_name": "dev", "node_id": "model.raqib_sf.dim_provider"} */
[0m08:06:42.551129 [debug] [Thread-4 (]: SQL status: SUCCESS 115063 in 1.501 seconds
[0m08:06:42.575791 [debug] [Thread-4 (]: Applying DROP to: prod.dbt_dev_marts.dim_patients__dbt_tmp
[0m08:06:42.579786 [debug] [Thread-5 (]: SQL status: SUCCESS 1 in 0.125 seconds
[0m08:06:42.584797 [debug] [Thread-4 (]: Using snowflake connection "model.raqib_sf.dim_patients"
[0m08:06:42.595194 [debug] [Thread-5 (]: Sending event: {'category': 'dbt', 'action': 'run_model', 'label': '3609196a-3446-4edf-8adb-de8942d548cd', 'context': [<snowplow_tracker.self_describing_json.SelfDescribingJson object at 0x000001F3135894C0>]}
[0m08:06:42.597197 [debug] [Thread-4 (]: On model.raqib_sf.dim_patients: drop view if exists prod.dbt_dev_marts.dim_patients__dbt_tmp cascade
/* {"app": "dbt", "dbt_version": "1.11.7", "profile_name": "raqib_sf", "target_name": "dev", "node_id": "model.raqib_sf.dim_patients"} */
[0m08:06:42.600383 [info ] [Thread-5 (]: 10 of 20 OK created sql incremental model prod.dbt_dev_marts.dim_provider ...... [[32mSUCCESS 4500[0m in 1.01s]
[0m08:06:42.607364 [debug] [Thread-5 (]: Finished running node model.raqib_sf.dim_provider
[0m08:06:42.609410 [debug] [Thread-5 (]: Began running node model.raqib_sf.int_encounters
[0m08:06:42.610411 [info ] [Thread-5 (]: 12 of 20 START sql view model dbt_dev.int_encounters ........................... [RUN]
[0m08:06:42.614381 [debug] [Thread-5 (]: Re-using an available connection from the pool (formerly model.raqib_sf.dim_provider, now model.raqib_sf.int_encounters)
[0m08:06:42.615378 [debug] [Thread-5 (]: Began compiling node model.raqib_sf.int_encounters
[0m08:06:42.659934 [debug] [Thread-5 (]: Writing injected SQL for node "model.raqib_sf.int_encounters"
[0m08:06:42.660911 [debug] [Thread-5 (]: Began executing node model.raqib_sf.int_encounters
[0m08:06:42.664902 [debug] [Thread-5 (]: Writing runtime sql for node "model.raqib_sf.int_encounters"
[0m08:06:42.673899 [debug] [Thread-5 (]: Using snowflake connection "model.raqib_sf.int_encounters"
[0m08:06:42.674902 [debug] [Thread-5 (]: On model.raqib_sf.int_encounters: create or replace   view dev.dbt_dev.int_encounters
  
  
  
  
  as (
    WITH  __dbt__cte__stg_admissions as (
WITH raw_admissions AS (
    SELECT * 
    FROM raw.public.admissions
)

SELECT 
    admission_id,
    patient_id,
    admission_provider_id                                       AS provider_id,
    CAST(ADMISSION_DATETIME_IN AS TIMESTAMP)                    AS admitted_at,
    CAST(ADMISSION_DATETIME_OUT AS TIMESTAMP)                   AS discharged_at,
    UPPER(LEFT(admission_type, 1)) 
        || LOWER(SUBSTR(admission_type, 2))                     AS admission_type,
    admission_location,
    discharge_location,
    INITCAP(insurance_type)                                     AS insurance_type,
    total_cost,
    payer_coverage,
    hospital_expire_flag,
    primary_sdk
FROM raw_admissions
),  __dbt__cte__stg_patients as (
WITH raw_patients AS (
    SELECT *
    FROM raw.public.patients
)

SELECT 
    patient_id,
    ssn,
    INITCAP(first_name || ' ' || last_name) AS full_name,
    birthdate::DATE AS birthdate,
    YEAR(birthdate::DATE) AS birth_year,
    deathdate::DATE AS deathdate,
    CASE 
        WHEN deathdate IS NOT NULL THEN TRUE
        ELSE FALSE
    END AS is_dead,
    blood_type,
    CASE 
        WHEN marital = 'S' THEN 'Single'
        WHEN marital = 'M' THEN 'Married'
        WHEN marital = 'D' THEN 'Divorced'
        WHEN marital = 'W' THEN 'Widowed'
    END AS marital_status,
    INITCAP(REPLACE(race, '/', ' / ')) AS race,
    CASE
        WHEN UPPER(TRIM(ethnicity)) IN ('HISPANIC', 'HISPANIC OR LATINO')
            THEN 'Hispanic or Latino'
        WHEN UPPER(TRIM(ethnicity)) IN ('NONHISPANIC', 'NOT HISPANIC OR LATINO')
            THEN 'Not Hispanic or Latino'
        ELSE 'Unknown'
    END AS ethnicity,
    CASE 
        WHEN gender = 'F' THEN 'Female'
        WHEN gender = 'M' THEN 'Male'
        ELSE 'Unknown'
    END AS gender,
    INITCAP(language) AS spoken_language,
    INITCAP(TRIM(SPLIT_PART(birthplace, ',', 1))) AS birth_city,
    CASE UPPER(TRIM(SPLIT_PART(birthplace, ',',2)))
    WHEN 'CT' THEN 'Connecticut'
    WHEN 'ME' THEN 'Maine'
    WHEN 'MA' THEN 'Massachusetts'
    WHEN 'NH' THEN 'New Hampshire'
    WHEN 'RI' THEN 'Rhode Island'
    WHEN 'VT' THEN 'Vermont'
    WHEN 'NY' THEN 'New York'
    END AS birth_state,
    address,
    INITCAP(city) AS city,
    CASE UPPER(TRIM(country))
        WHEN 'US' THEN 'United States'
        WHEN 'UK' THEN 'United Kingdom' 
    END AS country,
    CAST(healthcare_expenses AS FLOAT) AS healthcare_expenses,
    CAST(healthcare_coverage AS FLOAT) AS healthcare_coverage,
    income AS income_usd
  
FROM raw_patients
),  __dbt__cte__stg_providers as (
WITH raw_providers AS (
    SELECT * 
    FROM raw.public.providers
)

SELECT 
    npi AS provider_id,
    INITCAP(provider_first_name || ' ' || provider_last_name) AS provider_full_name,
    INITCAP(provider_name_prefix) AS provider_name_prefix,
    REGEXP_LIKE(provider_name_prefix, '\\.$') AS is_valid_prefix,
    INITCAP(provider_address) AS provider_address,
    INITCAP(provider_city) AS provider_city,
    TRIM(provider_state_code) AS provider_state_code,
    TRIM(provider_country_code) AS provider_country_code,
    provider_postal_code,
    CASE 
        WHEN provider_sex_code = 'M' OR provider_sex_code = 'm' THEN 'Male'
        WHEN provider_sex_code = 'F' OR provider_sex_code = 'f' THEN 'Female'
        ELSE 'Unknown'
    END AS provider_gender,
    provider_telephone_number,
    CAST(provider_enumeration_date AS DATE) AS provider_enumeration_date,
    CASE 
        WHEN CAST(provider_enumeration_date AS DATE) IS NOT NULL THEN TRUE
        ELSE FALSE
    END AS is_valid_enumeration_date,
    CAST(provider_join_date AS DATE) AS provider_join_date,
    CASE 
        WHEN DATE(provider_join_date, 'YYYY-MM-DD') IS NOT NULL THEN TRUE
        ELSE FALSE
    END AS is_valid_join_date,
    provider_specialty

FROM raw_providers
), admissions AS (
    SELECT *
    FROM __dbt__cte__stg_admissions
),

patients AS (
    SELECT *
    FROM __dbt__cte__stg_patients
),

providers AS (
    SELECT *
    FROM __dbt__cte__stg_providers
),

base AS (
    SELECT
        md5(cast(coalesce(cast(a.admission_id as TEXT), '_dbt_utils_surrogate_key_null_') as TEXT))  AS encounter_key,
        a.admission_id,
        a.patient_id,
        a.provider_id,
        a.primary_sdk,
        a.admitted_at,
        a.discharged_at,

        CASE
            WHEN a.discharged_at IS NULL THEN TRUE
            ELSE FALSE
        END                                                         AS is_active_encounter,

        a.admission_type,
        a.admission_location,
        a.discharge_location,
        a.total_cost,
        a.payer_coverage,
        a.hospital_expire_flag,
        p.birthdate,
        pr.provider_specialty

    FROM admissions a
    LEFT JOIN patients p  ON a.patient_id  = p.patient_id
    LEFT JOIN providers pr ON a.provider_id = pr.provider_id
),

final AS (
    SELECT
        encounter_key,
        admission_id,
        patient_id,
        provider_id,
        primary_sdk,
        provider_specialty,

        admitted_at,
        discharged_at,
        is_active_encounter,

        DATEDIFF(
            'day',
            admitted_at,
            COALESCE(discharged_at, CURRENT_TIMESTAMP)
        )                                                           AS length_of_stay_days,

        admission_type,
        admission_location,
        discharge_location,

        total_cost,
        payer_coverage,

        ROUND(
            payer_coverage / NULLIF(total_cost, 0) * 100, 1
        )                                                           AS coverage_percentage,

        total_cost - payer_coverage                                 AS out_of_pocket_cost,

        DATEDIFF(
            'year',
            birthdate,
            admitted_at
        )                                                           AS age_at_admission,

        CASE
            WHEN DATEDIFF('year', birthdate, admitted_at) < 12
                THEN 'Child'
            WHEN DATEDIFF('year', birthdate, admitted_at) BETWEEN 12 AND 17
                THEN 'Teen'
            WHEN DATEDIFF('year', birthdate, admitted_at) BETWEEN 18 AND 60
                THEN 'Adult'
            ELSE 'Senior'
        END                                                         AS age_group,

        CASE
            WHEN hospital_expire_flag THEN 'Deceased'
            ELSE 'Alive'
        END                                                         AS discharge_status

    FROM base
)

SELECT *
FROM final
  )
/* {"app": "dbt", "dbt_version": "1.11.7", "profile_name": "raqib_sf", "target_name": "dev", "node_id": "model.raqib_sf.int_encounters"} */;
[0m08:06:42.723317 [debug] [Thread-4 (]: SQL status: SUCCESS 1 in 0.121 seconds
[0m08:06:42.726873 [debug] [Thread-4 (]: Sending event: {'category': 'dbt', 'action': 'run_model', 'label': '3609196a-3446-4edf-8adb-de8942d548cd', 'context': [<snowplow_tracker.self_describing_json.SelfDescribingJson object at 0x000001F3134616A0>]}
[0m08:06:42.727875 [info ] [Thread-4 (]: 9 of 20 OK created sql incremental model prod.dbt_dev_marts.dim_patients ....... [[32mSUCCESS 115063[0m in 1.71s]
[0m08:06:42.728874 [debug] [Thread-4 (]: Finished running node model.raqib_sf.dim_patients
[0m08:06:42.728874 [debug] [Thread-4 (]: Began running node model.raqib_sf.dim_services
[0m08:06:42.729874 [info ] [Thread-4 (]: 13 of 20 START sql table model prod.dbt_dev_marts.dim_services ................. [RUN]
[0m08:06:42.730874 [debug] [Thread-4 (]: Re-using an available connection from the pool (formerly model.raqib_sf.dim_patients, now model.raqib_sf.dim_services)
[0m08:06:42.731899 [debug] [Thread-4 (]: Began compiling node model.raqib_sf.dim_services
[0m08:06:42.873882 [debug] [Thread-4 (]: Writing injected SQL for node "model.raqib_sf.dim_services"
[0m08:06:42.874880 [debug] [Thread-4 (]: Began executing node model.raqib_sf.dim_services
[0m08:06:42.878875 [debug] [Thread-4 (]: Writing runtime sql for node "model.raqib_sf.dim_services"
[0m08:06:42.882197 [debug] [Thread-4 (]: Using snowflake connection "model.raqib_sf.dim_services"
[0m08:06:42.883191 [debug] [Thread-4 (]: On model.raqib_sf.dim_services: create or replace transient table prod.dbt_dev_marts.dim_services
    
    
    
    as (

with  __dbt__cte__stg_services as (
WITH raw_services AS (
    SELECT *
    FROM raw.public.services
)

SELECT 
    patient_id,
    admission_id,
    service_id,
    REGEXP_LIKE(service_id, '^SVC[0-9]+$') AS is_valid_service_id,
    CASE 
        WHEN CONTAINS(service_name, '–') 
        THEN TRIM(SPLIT_PART(service_name, '–', 1))
        WHEN CONTAINS(service_name, '(')
        THEN TRIM(SPLIT_PART(service_name, '(', 1))
        ELSE service_name 
    END AS service_name,

    CASE 
        WHEN CONTAINS(service_name, '–')
        THEN TRIM(SPLIT_PART(service_name, '–', 2))
        WHEN CONTAINS(service_name, '(')
        THEN TRIM(REPLACE(SPLIT_PART(service_name, '(', 2), ')', ''))
        ELSE NULL
    END AS service_sub_type,
    INITCAP(category) AS category,
    TRY_CAST(cost AS FLOAT) AS cost,
    duration AS service_duration_in_minutes
    
FROM raw_services
), services as (
    select *
    from __dbt__cte__stg_services
)

select    
    md5(cast(coalesce(cast(service_id as TEXT), '_dbt_utils_surrogate_key_null_') as TEXT)) AS service_dim_key,
    service_name,
    service_sub_type,
    category 
from services
    )

/* {"app": "dbt", "dbt_version": "1.11.7", "profile_name": "raqib_sf", "target_name": "dev", "node_id": "model.raqib_sf.dim_services"} */;
[0m08:06:42.956053 [debug] [Thread-2 (]: SQL status: SUCCESS 500000 in 2.820 seconds
[0m08:06:42.962041 [debug] [Thread-2 (]: Sending event: {'category': 'dbt', 'action': 'run_model', 'label': '3609196a-3446-4edf-8adb-de8942d548cd', 'context': [<snowplow_tracker.self_describing_json.SelfDescribingJson object at 0x000001F313431130>]}
[0m08:06:42.964052 [info ] [Thread-2 (]: 5 of 20 OK created sql table model prod.dbt_dev_marts.dim_diagnosis ............ [[32mSUCCESS 500000[0m in 2.84s]
[0m08:06:42.966072 [debug] [Thread-2 (]: Finished running node model.raqib_sf.dim_diagnosis
[0m08:06:42.967058 [debug] [Thread-2 (]: Began running node model.raqib_sf.fact_lab_results
[0m08:06:42.968070 [info ] [Thread-2 (]: 14 of 20 START sql table model prod.dbt_dev_marts.fact_lab_results ............. [RUN]
[0m08:06:42.970430 [debug] [Thread-2 (]: Re-using an available connection from the pool (formerly model.raqib_sf.dim_diagnosis, now model.raqib_sf.fact_lab_results)
[0m08:06:42.970430 [debug] [Thread-2 (]: Began compiling node model.raqib_sf.fact_lab_results
[0m08:06:42.981212 [debug] [Thread-2 (]: Writing injected SQL for node "model.raqib_sf.fact_lab_results"
[0m08:06:42.983555 [debug] [Thread-2 (]: Began executing node model.raqib_sf.fact_lab_results
[0m08:06:42.989675 [debug] [Thread-2 (]: Writing runtime sql for node "model.raqib_sf.fact_lab_results"
[0m08:06:42.992462 [debug] [Thread-2 (]: Using snowflake connection "model.raqib_sf.fact_lab_results"
[0m08:06:42.993534 [debug] [Thread-2 (]: On model.raqib_sf.fact_lab_results: create or replace transient table prod.dbt_dev_marts.fact_lab_results
    
    
    
    as (

SELECT
    lab_event_key,
    lab_event_id,
    patient_id,
    admission_id,
    provider_id,
    specimen_id,
    item_id,
    lab_done_at,
    lab_stored_at,
    test_name,
    label_sub_type,
    fluid,
    category_type,
    category_sub_type,
    specialty_1,
    specialty_2,
    result_value,
    measurement_unit,
    range_lower,
    range_higher,
    abnormal_flag,
    cost
FROM dev.dbt_dev.int_lab_analysis
    )

/* {"app": "dbt", "dbt_version": "1.11.7", "profile_name": "raqib_sf", "target_name": "dev", "node_id": "model.raqib_sf.fact_lab_results"} */;
[0m08:06:43.178095 [debug] [Thread-5 (]: SQL status: SUCCESS 1 in 0.503 seconds
[0m08:06:43.186069 [debug] [Thread-5 (]: Sending event: {'category': 'dbt', 'action': 'run_model', 'label': '3609196a-3446-4edf-8adb-de8942d548cd', 'context': [<snowplow_tracker.self_describing_json.SelfDescribingJson object at 0x000001F3134360C0>]}
[0m08:06:43.187068 [info ] [Thread-5 (]: 12 of 20 OK created sql view model dbt_dev.int_encounters ...................... [[32mSUCCESS 1[0m in 0.57s]
[0m08:06:43.190071 [debug] [Thread-5 (]: Finished running node model.raqib_sf.int_encounters
[0m08:06:43.191021 [debug] [Thread-5 (]: Began running node model.raqib_sf.fact_encounters
[0m08:06:43.193076 [info ] [Thread-5 (]: 15 of 20 START sql incremental model prod.dbt_dev_marts.fact_encounters ........ [RUN]
[0m08:06:43.194068 [debug] [Thread-5 (]: Re-using an available connection from the pool (formerly model.raqib_sf.int_encounters, now model.raqib_sf.fact_encounters)
[0m08:06:43.195060 [debug] [Thread-5 (]: Began compiling node model.raqib_sf.fact_encounters
[0m08:06:43.201002 [debug] [Thread-5 (]: Writing injected SQL for node "model.raqib_sf.fact_encounters"
[0m08:06:43.203385 [debug] [Thread-5 (]: Began executing node model.raqib_sf.fact_encounters
[0m08:06:43.209609 [debug] [Thread-5 (]: Writing runtime sql for node "model.raqib_sf.fact_encounters"
[0m08:06:43.212608 [debug] [Thread-5 (]: Using snowflake connection "model.raqib_sf.fact_encounters"
[0m08:06:43.213609 [debug] [Thread-5 (]: On model.raqib_sf.fact_encounters: create or replace transient table prod.dbt_dev_marts.fact_encounters
    
    
    
    as (SELECT
    encounter_key,
    admission_id,
    patient_id,
    provider_id,
    primary_sdk,
    provider_specialty,
    admitted_at,
    discharged_at,
    is_active_encounter,
    length_of_stay_days,
    admission_type,
    admission_location,
    discharge_location,
    total_cost,
    payer_coverage,
    coverage_percentage,
    out_of_pocket_cost,
    age_at_admission,
    age_group,
    discharge_status
FROM dev.dbt_dev.int_encounters
    )

/* {"app": "dbt", "dbt_version": "1.11.7", "profile_name": "raqib_sf", "target_name": "dev", "node_id": "model.raqib_sf.fact_encounters"} */;
[0m08:06:44.243254 [debug] [Thread-3 (]: SQL status: SUCCESS 4500 in 2.450 seconds
[0m08:06:44.248317 [debug] [Thread-3 (]: Applying DROP to: prod.dbt_dev_marts.fact_providers_performance__dbt_tmp
[0m08:06:44.250315 [debug] [Thread-3 (]: Using snowflake connection "model.raqib_sf.fact_providers_performance"
[0m08:06:44.250315 [debug] [Thread-3 (]: On model.raqib_sf.fact_providers_performance: drop view if exists prod.dbt_dev_marts.fact_providers_performance__dbt_tmp cascade
/* {"app": "dbt", "dbt_version": "1.11.7", "profile_name": "raqib_sf", "target_name": "dev", "node_id": "model.raqib_sf.fact_providers_performance"} */
[0m08:06:44.355909 [debug] [Thread-3 (]: SQL status: SUCCESS 1 in 0.105 seconds
[0m08:06:44.365905 [debug] [Thread-3 (]: Sending event: {'category': 'dbt', 'action': 'run_model', 'label': '3609196a-3446-4edf-8adb-de8942d548cd', 'context': [<snowplow_tracker.self_describing_json.SelfDescribingJson object at 0x000001F3133303E0>]}
[0m08:06:44.367905 [info ] [Thread-3 (]: 11 of 20 OK created sql incremental model prod.dbt_dev_marts.fact_providers_performance  [[32mSUCCESS 4500[0m in 2.64s]
[0m08:06:44.371988 [debug] [Thread-3 (]: Finished running node model.raqib_sf.fact_providers_performance
[0m08:06:44.373986 [debug] [Thread-3 (]: Began running node model.raqib_sf.fact_patient_finances
[0m08:06:44.376911 [info ] [Thread-3 (]: 16 of 20 START sql table model prod.dbt_dev_marts.fact_patient_finances ........ [RUN]
[0m08:06:44.379905 [debug] [Thread-3 (]: Re-using an available connection from the pool (formerly model.raqib_sf.fact_providers_performance, now model.raqib_sf.fact_patient_finances)
[0m08:06:44.381902 [debug] [Thread-3 (]: Began compiling node model.raqib_sf.fact_patient_finances
[0m08:06:44.414078 [debug] [Thread-3 (]: Writing injected SQL for node "model.raqib_sf.fact_patient_finances"
[0m08:06:44.415076 [debug] [Thread-3 (]: Began executing node model.raqib_sf.fact_patient_finances
[0m08:06:44.419750 [debug] [Thread-3 (]: Writing runtime sql for node "model.raqib_sf.fact_patient_finances"
[0m08:06:44.424807 [debug] [Thread-3 (]: Using snowflake connection "model.raqib_sf.fact_patient_finances"
[0m08:06:44.424807 [debug] [Thread-3 (]: On model.raqib_sf.fact_patient_finances: create or replace transient table prod.dbt_dev_marts.fact_patient_finances
    
    
    
    as (

WITH  __dbt__cte__stg_patients as (
WITH raw_patients AS (
    SELECT *
    FROM raw.public.patients
)

SELECT 
    patient_id,
    ssn,
    INITCAP(first_name || ' ' || last_name) AS full_name,
    birthdate::DATE AS birthdate,
    YEAR(birthdate::DATE) AS birth_year,
    deathdate::DATE AS deathdate,
    CASE 
        WHEN deathdate IS NOT NULL THEN TRUE
        ELSE FALSE
    END AS is_dead,
    blood_type,
    CASE 
        WHEN marital = 'S' THEN 'Single'
        WHEN marital = 'M' THEN 'Married'
        WHEN marital = 'D' THEN 'Divorced'
        WHEN marital = 'W' THEN 'Widowed'
    END AS marital_status,
    INITCAP(REPLACE(race, '/', ' / ')) AS race,
    CASE
        WHEN UPPER(TRIM(ethnicity)) IN ('HISPANIC', 'HISPANIC OR LATINO')
            THEN 'Hispanic or Latino'
        WHEN UPPER(TRIM(ethnicity)) IN ('NONHISPANIC', 'NOT HISPANIC OR LATINO')
            THEN 'Not Hispanic or Latino'
        ELSE 'Unknown'
    END AS ethnicity,
    CASE 
        WHEN gender = 'F' THEN 'Female'
        WHEN gender = 'M' THEN 'Male'
        ELSE 'Unknown'
    END AS gender,
    INITCAP(language) AS spoken_language,
    INITCAP(TRIM(SPLIT_PART(birthplace, ',', 1))) AS birth_city,
    CASE UPPER(TRIM(SPLIT_PART(birthplace, ',',2)))
    WHEN 'CT' THEN 'Connecticut'
    WHEN 'ME' THEN 'Maine'
    WHEN 'MA' THEN 'Massachusetts'
    WHEN 'NH' THEN 'New Hampshire'
    WHEN 'RI' THEN 'Rhode Island'
    WHEN 'VT' THEN 'Vermont'
    WHEN 'NY' THEN 'New York'
    END AS birth_state,
    address,
    INITCAP(city) AS city,
    CASE UPPER(TRIM(country))
        WHEN 'US' THEN 'United States'
        WHEN 'UK' THEN 'United Kingdom' 
    END AS country,
    CAST(healthcare_expenses AS FLOAT) AS healthcare_expenses,
    CAST(healthcare_coverage AS FLOAT) AS healthcare_coverage,
    income AS income_usd
  
FROM raw_patients
), patients AS (
    SELECT
        patient_id,
        healthcare_expenses,
        healthcare_coverage,
        income_usd
    FROM __dbt__cte__stg_patients
),

encounter_finances AS (
    SELECT
        patient_id,
        SUM(total_cost)          AS total_admissions_cost,
        SUM(payer_coverage)      AS total_payer_coverage,
        SUM(out_of_pocket_cost)  AS total_out_of_pocket,
        AVG(coverage_percentage) AS avg_coverage_percentage
    FROM dev.dbt_dev.int_encounters
    GROUP BY patient_id
)

SELECT
    md5(cast(coalesce(cast(p.patient_id as TEXT), '_dbt_utils_surrogate_key_null_') as TEXT)) AS patient_key,
    p.patient_id,
    p.healthcare_expenses,
    p.healthcare_coverage,
    p.income_usd,
    COALESCE(ef.total_admissions_cost, 0)    AS total_admissions_cost,
    COALESCE(ef.total_payer_coverage, 0)     AS total_payer_coverage,
    COALESCE(ef.total_out_of_pocket, 0)      AS total_out_of_pocket,
    COALESCE(ef.avg_coverage_percentage, 0)  AS avg_coverage_percentage
FROM patients p
LEFT JOIN encounter_finances ef ON p.patient_id = ef.patient_id
    )

/* {"app": "dbt", "dbt_version": "1.11.7", "profile_name": "raqib_sf", "target_name": "dev", "node_id": "model.raqib_sf.fact_patient_finances"} */;
[0m08:06:46.034292 [debug] [Thread-4 (]: SQL status: SUCCESS 1663395 in 3.151 seconds
[0m08:06:46.037335 [debug] [Thread-4 (]: Sending event: {'category': 'dbt', 'action': 'run_model', 'label': '3609196a-3446-4edf-8adb-de8942d548cd', 'context': [<snowplow_tracker.self_describing_json.SelfDescribingJson object at 0x000001F3134332C0>]}
[0m08:06:46.037335 [info ] [Thread-4 (]: 13 of 20 OK created sql table model prod.dbt_dev_marts.dim_services ............ [[32mSUCCESS 1663395[0m in 3.31s]
[0m08:06:46.038843 [debug] [Thread-4 (]: Finished running node model.raqib_sf.dim_services
[0m08:06:46.038843 [debug] [Thread-4 (]: Began running node model.raqib_sf.fact_patient_services
[0m08:06:46.040100 [info ] [Thread-4 (]: 17 of 20 START sql incremental model prod.dbt_dev_marts.fact_patient_services .. [RUN]
[0m08:06:46.041122 [debug] [Thread-4 (]: Re-using an available connection from the pool (formerly model.raqib_sf.dim_services, now model.raqib_sf.fact_patient_services)
[0m08:06:46.041122 [debug] [Thread-4 (]: Began compiling node model.raqib_sf.fact_patient_services
[0m08:06:46.056635 [debug] [Thread-4 (]: Writing injected SQL for node "model.raqib_sf.fact_patient_services"
[0m08:06:46.057636 [debug] [Thread-4 (]: Began executing node model.raqib_sf.fact_patient_services
[0m08:06:46.061636 [debug] [Thread-4 (]: Writing runtime sql for node "model.raqib_sf.fact_patient_services"
[0m08:06:46.064634 [debug] [Thread-4 (]: Using snowflake connection "model.raqib_sf.fact_patient_services"
[0m08:06:46.065636 [debug] [Thread-4 (]: On model.raqib_sf.fact_patient_services: create or replace transient table prod.dbt_dev_marts.fact_patient_services
    
    
    
    as (WITH  __dbt__cte__stg_services as (
WITH raw_services AS (
    SELECT *
    FROM raw.public.services
)

SELECT 
    patient_id,
    admission_id,
    service_id,
    REGEXP_LIKE(service_id, '^SVC[0-9]+$') AS is_valid_service_id,
    CASE 
        WHEN CONTAINS(service_name, '–') 
        THEN TRIM(SPLIT_PART(service_name, '–', 1))
        WHEN CONTAINS(service_name, '(')
        THEN TRIM(SPLIT_PART(service_name, '(', 1))
        ELSE service_name 
    END AS service_name,

    CASE 
        WHEN CONTAINS(service_name, '–')
        THEN TRIM(SPLIT_PART(service_name, '–', 2))
        WHEN CONTAINS(service_name, '(')
        THEN TRIM(REPLACE(SPLIT_PART(service_name, '(', 2), ')', ''))
        ELSE NULL
    END AS service_sub_type,
    INITCAP(category) AS category,
    TRY_CAST(cost AS FLOAT) AS cost,
    duration AS service_duration_in_minutes
    
FROM raw_services
), services AS (
    SELECT *
    FROM __dbt__cte__stg_services
)

SELECT
    md5(cast(coalesce(cast(s.service_id as TEXT), '_dbt_utils_surrogate_key_null_') || '-' || coalesce(cast(s.patient_id as TEXT), '_dbt_utils_surrogate_key_null_') || '-' || coalesce(cast(s.admission_id as TEXT), '_dbt_utils_surrogate_key_null_') as TEXT)) AS service_key,
    dp.patient_key,
    ie.encounter_key,
    s.service_id,
    s.patient_id,
    s.admission_id,
    s.cost,
    s.service_duration_in_minutes
FROM services s
LEFT JOIN prod.dbt_dev_marts.dim_patients dp ON s.patient_id = dp.patient_id
LEFT JOIN dev.dbt_dev.int_encounters ie ON s.admission_id = ie.admission_id
    )

/* {"app": "dbt", "dbt_version": "1.11.7", "profile_name": "raqib_sf", "target_name": "dev", "node_id": "model.raqib_sf.fact_patient_services"} */;
[0m08:06:46.888170 [debug] [Thread-3 (]: SQL status: SUCCESS 115063 in 2.462 seconds
[0m08:06:46.892268 [debug] [Thread-3 (]: Sending event: {'category': 'dbt', 'action': 'run_model', 'label': '3609196a-3446-4edf-8adb-de8942d548cd', 'context': [<snowplow_tracker.self_describing_json.SelfDescribingJson object at 0x000001F311C9B980>]}
[0m08:06:46.893226 [info ] [Thread-3 (]: 16 of 20 OK created sql table model prod.dbt_dev_marts.fact_patient_finances ... [[32mSUCCESS 115063[0m in 2.51s]
[0m08:06:46.894230 [debug] [Thread-3 (]: Finished running node model.raqib_sf.fact_patient_finances
[0m08:06:46.895225 [debug] [Thread-3 (]: Began running node model.raqib_sf.fact_transfers
[0m08:06:46.895225 [info ] [Thread-3 (]: 18 of 20 START sql incremental model prod.dbt_dev_marts.fact_transfers ......... [RUN]
[0m08:06:46.896702 [debug] [Thread-3 (]: Re-using an available connection from the pool (formerly model.raqib_sf.fact_patient_finances, now model.raqib_sf.fact_transfers)
[0m08:06:46.896702 [debug] [Thread-3 (]: Began compiling node model.raqib_sf.fact_transfers
[0m08:06:46.916780 [debug] [Thread-3 (]: Writing injected SQL for node "model.raqib_sf.fact_transfers"
[0m08:06:46.917773 [debug] [Thread-3 (]: Began executing node model.raqib_sf.fact_transfers
[0m08:06:46.923416 [debug] [Thread-3 (]: Writing runtime sql for node "model.raqib_sf.fact_transfers"
[0m08:06:46.925415 [debug] [Thread-3 (]: Using snowflake connection "model.raqib_sf.fact_transfers"
[0m08:06:46.926416 [debug] [Thread-3 (]: On model.raqib_sf.fact_transfers: create or replace transient table prod.dbt_dev_marts.fact_transfers
    
    
    
    as (with __dbt__cte__stg_transfers as (
WITH raw_transfers AS (
    SELECT *
    FROM raw.public.transfers
)

SELECT 
    transfer_id,
    patient_id,
    admission_id,
    from_department,
    to_department,
    (from_department = to_department) AS is_same_department_transfer,
    CAST(transfer_datetime AS TIMESTAMP) AS transfer_datetime,
    transfer_reason
    
FROM raw_transfers
) SELECT
    md5(cast(coalesce(cast(t.transfer_id as TEXT), '_dbt_utils_surrogate_key_null_') || '-' || coalesce(cast(t.patient_id as TEXT), '_dbt_utils_surrogate_key_null_') || '-' || coalesce(cast(t.admission_id as TEXT), '_dbt_utils_surrogate_key_null_') as TEXT))                                       AS transfer_key,

    t.transfer_id,
    dp.patient_key,
    ie.encounter_key,
    dd.date_key                                 AS transfer_date_key,
    dt.time_key                                 AS transfer_time_key,
    t.from_department,
    t.to_department,
    t.is_same_department_transfer,
    t.transfer_reason

FROM __dbt__cte__stg_transfers t
LEFT JOIN prod.dbt_dev_marts.dim_patients dp
    ON t.patient_id = dp.patient_id
LEFT JOIN dev.dbt_dev.int_encounters ie
    ON t.admission_id = ie.admission_id
LEFT JOIN prod.dbt_dev_marts.dim_date dd
    ON CAST(t.transfer_datetime AS DATE) = dd.date_bk
LEFT JOIN prod.dbt_dev_marts.dim_time dt
    ON CAST(t.transfer_datetime AS TIME) = dt.time_bk
    )

/* {"app": "dbt", "dbt_version": "1.11.7", "profile_name": "raqib_sf", "target_name": "dev", "node_id": "model.raqib_sf.fact_transfers"} */;
[0m08:06:49.407029 [debug] [Thread-3 (]: SQL status: SUCCESS 119591 in 2.479 seconds
[0m08:06:49.417990 [debug] [Thread-3 (]: Applying DROP to: prod.dbt_dev_marts.fact_transfers__dbt_tmp
[0m08:06:49.419992 [debug] [Thread-3 (]: Using snowflake connection "model.raqib_sf.fact_transfers"
[0m08:06:49.419992 [debug] [Thread-3 (]: On model.raqib_sf.fact_transfers: drop view if exists prod.dbt_dev_marts.fact_transfers__dbt_tmp cascade
/* {"app": "dbt", "dbt_version": "1.11.7", "profile_name": "raqib_sf", "target_name": "dev", "node_id": "model.raqib_sf.fact_transfers"} */
[0m08:06:49.546788 [debug] [Thread-3 (]: SQL status: SUCCESS 1 in 0.126 seconds
[0m08:06:49.556838 [debug] [Thread-3 (]: Sending event: {'category': 'dbt', 'action': 'run_model', 'label': '3609196a-3446-4edf-8adb-de8942d548cd', 'context': [<snowplow_tracker.self_describing_json.SelfDescribingJson object at 0x000001F311AB1FA0>]}
[0m08:06:49.558836 [info ] [Thread-3 (]: 18 of 20 OK created sql incremental model prod.dbt_dev_marts.fact_transfers .... [[32mSUCCESS 119591[0m in 2.66s]
[0m08:06:49.561755 [debug] [Thread-3 (]: Finished running node model.raqib_sf.fact_transfers
[0m08:06:49.562753 [debug] [Thread-3 (]: Began running node model.raqib_sf.int_clinical_events
[0m08:06:49.564753 [info ] [Thread-3 (]: 19 of 20 START sql view model dbt_dev.int_clinical_events ...................... [RUN]
[0m08:06:49.565754 [debug] [Thread-3 (]: Re-using an available connection from the pool (formerly model.raqib_sf.fact_transfers, now model.raqib_sf.int_clinical_events)
[0m08:06:49.566793 [debug] [Thread-3 (]: Began compiling node model.raqib_sf.int_clinical_events
[0m08:06:49.598950 [debug] [Thread-3 (]: Writing injected SQL for node "model.raqib_sf.int_clinical_events"
[0m08:06:49.600904 [debug] [Thread-3 (]: Began executing node model.raqib_sf.int_clinical_events
[0m08:06:49.603903 [debug] [Thread-3 (]: Writing runtime sql for node "model.raqib_sf.int_clinical_events"
[0m08:06:49.608903 [debug] [Thread-3 (]: Using snowflake connection "model.raqib_sf.int_clinical_events"
[0m08:06:49.609903 [debug] [Thread-3 (]: On model.raqib_sf.int_clinical_events: create or replace   view dev.dbt_dev.int_clinical_events
  
  
  
  
  as (
    WITH  __dbt__cte__stg_diagnosis as (
WITH raw_diagnosis AS (
    SELECT * 
    FROM raw.public.diagnosis
)

SELECT 
    diagnosis_id,
    patient_id,
    admission_id,
    provider_id,
    sub_domain_key,
    TRIM(REGEXP_REPLACE(description, '\\s*\\([^)]+\\)', '')) AS description,
    REGEXP_SUBSTR(description, '\\(([^)]+)\\)', 1, 1, 'e', 1) AS description_type,
    TRIM(SPLIT_PART(REGEXP_REPLACE(SPLIT_PART(sub_domain, ' – ', 2), '\\s*/\\s*', ' & '), ' & ', 1)) AS domain,
    NULLIF(TRIM(SPLIT_PART(REGEXP_REPLACE(SPLIT_PART(sub_domain, ' – ', 2), '\\s*/\\s*', ' & '), ' & ', 2)), '') AS sub_domain
FROM raw_diagnosis
),  __dbt__cte__stg_prescriptions as (
WITH raw_prescriptions AS (
    SELECT *
    FROM raw.public.prescriptions 
)
SELECT 
    prescription_id,
    patient_id,
    admission_id,
    provider_id,
    drug_id,
    CAST(prescribed_date AS TIMESTAMP) AS prescribed_date,
    INITCAP(status) AS status
FROM raw_prescriptions
),  __dbt__cte__stg_drugs as (
with raw_drugs as (
    select * 
    from raw.public.drugs
)

select 
    drug_id,
    case 
        when brand_name is not null then initcap(brand_name)
        when brand_name is null and generic_name ilike 'Atropine Sulfate Injection%' then 'AtroPen'
        when brand_name is null and generic_name ilike 'Midazolam Injection%' then 'Versed'
        when brand_name is null and generic_name = 'Tadalafil' then 'Cialis'
    end as brand_name,
    case 
        when generic_name is not null then initcap(generic_name) 
        when generic_name is null then brand_name
    end as generic_name,
    initcap(route) as route,
    indications,
    dosage,
    contraindications,
    side_effects,
    warnings,
    has_contraindications,
    has_side_effects
    
from raw_drugs
), all_events AS (
    SELECT 
        admission_id, 
        patient_id, 
        'Diagnosis'                                                      AS event_type, 
        description                                                      AS event_name, 
        NULL::TIMESTAMP                                                  AS event_date,
        NULL::FLOAT                                                      AS cost,
        diagnosis_id::VARCHAR                                            AS source_id
    FROM __dbt__cte__stg_diagnosis

    UNION ALL

    SELECT 
        le.admission_id, 
        le.patient_id, 
        'Lab'                                                            AS event_type, 
        le.test_name                                                        AS event_name, 
        le.lab_done_at                                                   AS event_date,
        le.cost,
        le.lab_event_id::VARCHAR                                         AS source_id
    FROM dev.dbt_dev.int_lab_analysis le

    UNION ALL

    SELECT 
        p.admission_id, 
        p.patient_id, 
        'Medication'                                                     AS event_type, 
        d.brand_name                                                     AS event_name, 
        p.prescribed_date                                                AS event_date,
        NULL::FLOAT                                                      AS cost,
        p.prescription_id::VARCHAR                                       AS source_id
    FROM __dbt__cte__stg_prescriptions p
    LEFT JOIN __dbt__cte__stg_drugs d 
        ON p.drug_id = d.drug_id
),

events_with_date AS (
    SELECT
        ae.admission_id,
        ae.patient_id,
        ae.event_type,
        ae.event_name,
        ae.source_id,
        ae.cost,
        COALESCE(ae.event_date, e.admitted_at)                          AS event_date
    FROM all_events ae
    LEFT JOIN dev.dbt_dev.int_encounters e 
        ON ae.admission_id = e.admission_id
)

SELECT
    md5(cast(coalesce(cast(admission_id as TEXT), '_dbt_utils_surrogate_key_null_') || '-' || coalesce(cast(event_type as TEXT), '_dbt_utils_surrogate_key_null_') || '-' || coalesce(cast(event_date as TEXT), '_dbt_utils_surrogate_key_null_') || '-' || coalesce(cast(event_name as TEXT), '_dbt_utils_surrogate_key_null_') || '-' || coalesce(cast(source_id as TEXT), '_dbt_utils_surrogate_key_null_') as TEXT))                                                                AS event_key,

    admission_id,
    patient_id,
    event_type,
    event_name,
    event_date,
    COALESCE(cost, 0)                                                    AS event_cost

FROM events_with_date
  )
/* {"app": "dbt", "dbt_version": "1.11.7", "profile_name": "raqib_sf", "target_name": "dev", "node_id": "model.raqib_sf.int_clinical_events"} */;
[0m08:06:49.654920 [debug] [Thread-4 (]: SQL status: SUCCESS 1663395 in 3.589 seconds
[0m08:06:49.659928 [debug] [Thread-4 (]: Applying DROP to: prod.dbt_dev_marts.fact_patient_services__dbt_tmp
[0m08:06:49.661929 [debug] [Thread-4 (]: Using snowflake connection "model.raqib_sf.fact_patient_services"
[0m08:06:49.662930 [debug] [Thread-4 (]: On model.raqib_sf.fact_patient_services: drop view if exists prod.dbt_dev_marts.fact_patient_services__dbt_tmp cascade
/* {"app": "dbt", "dbt_version": "1.11.7", "profile_name": "raqib_sf", "target_name": "dev", "node_id": "model.raqib_sf.fact_patient_services"} */
[0m08:06:49.770881 [debug] [Thread-4 (]: SQL status: SUCCESS 1 in 0.106 seconds
[0m08:06:49.779504 [debug] [Thread-4 (]: Sending event: {'category': 'dbt', 'action': 'run_model', 'label': '3609196a-3446-4edf-8adb-de8942d548cd', 'context': [<snowplow_tracker.self_describing_json.SelfDescribingJson object at 0x000001F311864C50>]}
[0m08:06:49.781503 [info ] [Thread-4 (]: 17 of 20 OK created sql incremental model prod.dbt_dev_marts.fact_patient_services  [[32mSUCCESS 1663395[0m in 3.74s]
[0m08:06:49.783456 [debug] [Thread-4 (]: Finished running node model.raqib_sf.fact_patient_services
[0m08:06:50.210589 [debug] [Thread-3 (]: SQL status: SUCCESS 1 in 0.599 seconds
[0m08:06:50.216592 [debug] [Thread-3 (]: Sending event: {'category': 'dbt', 'action': 'run_model', 'label': '3609196a-3446-4edf-8adb-de8942d548cd', 'context': [<snowplow_tracker.self_describing_json.SelfDescribingJson object at 0x000001F3135149B0>]}
[0m08:06:50.217595 [info ] [Thread-3 (]: 19 of 20 OK created sql view model dbt_dev.int_clinical_events ................. [[32mSUCCESS 1[0m in 0.65s]
[0m08:06:50.220513 [debug] [Thread-3 (]: Finished running node model.raqib_sf.int_clinical_events
[0m08:06:50.221514 [debug] [Thread-4 (]: Began running node model.raqib_sf.fact_clinical_events
[0m08:06:50.222582 [info ] [Thread-4 (]: 20 of 20 START sql incremental model prod.dbt_dev_marts.fact_clinical_events ... [RUN]
[0m08:06:50.224537 [debug] [Thread-4 (]: Re-using an available connection from the pool (formerly model.raqib_sf.fact_patient_services, now model.raqib_sf.fact_clinical_events)
[0m08:06:50.224537 [debug] [Thread-4 (]: Began compiling node model.raqib_sf.fact_clinical_events
[0m08:06:50.235589 [debug] [Thread-4 (]: Writing injected SQL for node "model.raqib_sf.fact_clinical_events"
[0m08:06:50.237591 [debug] [Thread-4 (]: Began executing node model.raqib_sf.fact_clinical_events
[0m08:06:50.242588 [debug] [Thread-4 (]: Writing runtime sql for node "model.raqib_sf.fact_clinical_events"
[0m08:06:50.244586 [debug] [Thread-4 (]: Using snowflake connection "model.raqib_sf.fact_clinical_events"
[0m08:06:50.244586 [debug] [Thread-4 (]: On model.raqib_sf.fact_clinical_events: create or replace transient table prod.dbt_dev_marts.fact_clinical_events
    
    
    
    as (SELECT
    event_key,
    admission_id,
    patient_id,
    event_type,
    event_name,
    event_date,
    event_cost
FROM dev.dbt_dev.int_clinical_events
    )

/* {"app": "dbt", "dbt_version": "1.11.7", "profile_name": "raqib_sf", "target_name": "dev", "node_id": "model.raqib_sf.fact_clinical_events"} */;
[0m08:06:50.294169 [debug] [Thread-2 (]: SQL status: SUCCESS 2093218 in 7.300 seconds
[0m08:06:50.297241 [debug] [Thread-2 (]: Sending event: {'category': 'dbt', 'action': 'run_model', 'label': '3609196a-3446-4edf-8adb-de8942d548cd', 'context': [<snowplow_tracker.self_describing_json.SelfDescribingJson object at 0x000001F313351040>]}
[0m08:06:50.297241 [info ] [Thread-2 (]: 14 of 20 OK created sql table model prod.dbt_dev_marts.fact_lab_results ........ [[32mSUCCESS 2093218[0m in 7.33s]
[0m08:06:50.299198 [debug] [Thread-2 (]: Finished running node model.raqib_sf.fact_lab_results
[0m08:06:52.211682 [debug] [Thread-5 (]: SQL status: SUCCESS 5634706 in 8.997 seconds
[0m08:06:52.220681 [debug] [Thread-5 (]: Applying DROP to: prod.dbt_dev_marts.fact_encounters__dbt_tmp
[0m08:06:52.222682 [debug] [Thread-5 (]: Using snowflake connection "model.raqib_sf.fact_encounters"
[0m08:06:52.223665 [debug] [Thread-5 (]: On model.raqib_sf.fact_encounters: drop view if exists prod.dbt_dev_marts.fact_encounters__dbt_tmp cascade
/* {"app": "dbt", "dbt_version": "1.11.7", "profile_name": "raqib_sf", "target_name": "dev", "node_id": "model.raqib_sf.fact_encounters"} */
[0m08:06:52.405802 [debug] [Thread-5 (]: SQL status: SUCCESS 1 in 0.180 seconds
[0m08:06:52.415821 [debug] [Thread-5 (]: Sending event: {'category': 'dbt', 'action': 'run_model', 'label': '3609196a-3446-4edf-8adb-de8942d548cd', 'context': [<snowplow_tracker.self_describing_json.SelfDescribingJson object at 0x000001F313437AA0>]}
[0m08:06:52.417820 [info ] [Thread-5 (]: 15 of 20 OK created sql incremental model prod.dbt_dev_marts.fact_encounters ... [[32mSUCCESS 5634706[0m in 9.22s]
[0m08:06:52.419796 [debug] [Thread-5 (]: Finished running node model.raqib_sf.fact_encounters
[0m08:06:54.790593 [debug] [Thread-4 (]: SQL status: SUCCESS 3361583 in 4.545 seconds
[0m08:06:54.797592 [debug] [Thread-4 (]: Applying DROP to: prod.dbt_dev_marts.fact_clinical_events__dbt_tmp
[0m08:06:54.798593 [debug] [Thread-4 (]: Using snowflake connection "model.raqib_sf.fact_clinical_events"
[0m08:06:54.799593 [debug] [Thread-4 (]: On model.raqib_sf.fact_clinical_events: drop view if exists prod.dbt_dev_marts.fact_clinical_events__dbt_tmp cascade
/* {"app": "dbt", "dbt_version": "1.11.7", "profile_name": "raqib_sf", "target_name": "dev", "node_id": "model.raqib_sf.fact_clinical_events"} */
[0m08:06:54.904394 [debug] [Thread-4 (]: SQL status: SUCCESS 1 in 0.103 seconds
[0m08:06:54.907414 [debug] [Thread-4 (]: Sending event: {'category': 'dbt', 'action': 'run_model', 'label': '3609196a-3446-4edf-8adb-de8942d548cd', 'context': [<snowplow_tracker.self_describing_json.SelfDescribingJson object at 0x000001F313330EF0>]}
[0m08:06:54.907414 [info ] [Thread-4 (]: 20 of 20 OK created sql incremental model prod.dbt_dev_marts.fact_clinical_events  [[32mSUCCESS 3361583[0m in 4.68s]
[0m08:06:54.908414 [debug] [Thread-4 (]: Finished running node model.raqib_sf.fact_clinical_events
[0m08:06:54.910844 [debug] [MainThread]: Connection 'master' was properly closed.
[0m08:06:54.910844 [debug] [MainThread]: Connection 'list_prod' was left open.
[0m08:06:54.912360 [debug] [MainThread]: On list_prod: Close
[0m08:06:55.096103 [debug] [MainThread]: Connection 'list_dev' was left open.
[0m08:06:55.097103 [debug] [MainThread]: On list_dev: Close
[0m08:06:55.283679 [debug] [MainThread]: Connection 'list_prod_dbt_dev_marts' was left open.
[0m08:06:55.284682 [debug] [MainThread]: On list_prod_dbt_dev_marts: Close
[0m08:06:55.645164 [debug] [MainThread]: Connection 'list_dev_dbt_dev' was left open.
[0m08:06:55.646164 [debug] [MainThread]: On list_dev_dbt_dev: Close
[0m08:06:55.862656 [debug] [MainThread]: Connection 'model.raqib_sf.fact_clinical_events' was left open.
[0m08:06:55.863657 [debug] [MainThread]: On model.raqib_sf.fact_clinical_events: Close
[0m08:06:56.070717 [debug] [MainThread]: Connection 'model.raqib_sf.fact_lab_results' was left open.
[0m08:06:56.072719 [debug] [MainThread]: On model.raqib_sf.fact_lab_results: Close
[0m08:06:56.265328 [debug] [MainThread]: Connection 'model.raqib_sf.fact_encounters' was left open.
[0m08:06:56.267332 [debug] [MainThread]: On model.raqib_sf.fact_encounters: Close
[0m08:06:56.562836 [debug] [MainThread]: Connection 'model.raqib_sf.int_clinical_events' was left open.
[0m08:06:56.563771 [debug] [MainThread]: On model.raqib_sf.int_clinical_events: Close
[0m08:06:56.749391 [info ] [MainThread]: 
[0m08:06:56.750785 [info ] [MainThread]: Finished running 11 incremental models, 6 table models, 3 view models in 0 hours 0 minutes and 20.84 seconds (20.84s).
[0m08:06:56.755088 [debug] [MainThread]: Command end result
[0m08:06:56.841096 [debug] [MainThread]: Wrote artifact WritableManifest to D:\ITI Data Engineering\ITI_GP\Raqib\Raqib\raqib_sf_dbt\target\manifest.json
[0m08:06:56.844099 [debug] [MainThread]: Wrote artifact SemanticManifest to D:\ITI Data Engineering\ITI_GP\Raqib\Raqib\raqib_sf_dbt\target\semantic_manifest.json
[0m08:06:56.852097 [debug] [MainThread]: Wrote artifact RunExecutionResult to D:\ITI Data Engineering\ITI_GP\Raqib\Raqib\raqib_sf_dbt\target\run_results.json
[0m08:06:56.853085 [info ] [MainThread]: 
[0m08:06:56.854091 [info ] [MainThread]: [32mCompleted successfully[0m
[0m08:06:56.854091 [info ] [MainThread]: 
[0m08:06:56.855093 [info ] [MainThread]: Done. PASS=20 WARN=0 ERROR=0 SKIP=0 NO-OP=0 TOTAL=20
[0m08:06:56.856094 [warn ] [MainThread]: [[33mWARNING[0m][DeprecationsSummary]: Deprecated functionality
Summary of encountered deprecations:
- MissingArgumentsPropertyInGenericTestDeprecation: 9 occurrences
To see all deprecation instances instead of just the first occurrence of each,
run command again with the `--show-all-deprecations` flag. You may also need to
run with `--no-partial-parse` as some deprecations are only encountered during
parsing.
[0m08:06:56.857094 [debug] [MainThread]: Command `dbt run` succeeded at 08:06:56.857094 after 26.31 seconds
[0m08:06:56.857094 [debug] [MainThread]: Sending event: {'category': 'dbt', 'action': 'invocation', 'label': 'end', 'context': [<snowplow_tracker.self_describing_json.SelfDescribingJson object at 0x000001F3797F48C0>, <snowplow_tracker.self_describing_json.SelfDescribingJson object at 0x000001F37C7273B0>, <snowplow_tracker.self_describing_json.SelfDescribingJson object at 0x000001F37C7271A0>]}
[0m08:06:56.858109 [debug] [MainThread]: Flushing usage events
[0m08:06:58.160595 [debug] [MainThread]: An error was encountered while trying to flush usage events
[0m08:14:46.387675 [debug] [MainThread]: Sending event: {'category': 'dbt', 'action': 'invocation', 'label': 'start', 'context': [<snowplow_tracker.self_describing_json.SelfDescribingJson object at 0x000001E494E1E480>, <snowplow_tracker.self_describing_json.SelfDescribingJson object at 0x000001E497FDD2E0>, <snowplow_tracker.self_describing_json.SelfDescribingJson object at 0x000001E497FDF830>]}


============================== 08:14:46.391678 | 50a6a900-c682-4638-8026-e1b0c95b5ce2 ==============================
[0m08:14:46.391678 [info ] [MainThread]: Running with dbt=1.11.7
[0m08:14:46.392678 [debug] [MainThread]: running dbt with arguments {'static_parser': 'True', 'no_print': 'None', 'version_check': 'True', 'warn_error_options': 'WarnErrorOptionsV2(error=[], warn=[], silence=[])', 'target_path': 'None', 'printer_width': '80', 'write_json': 'True', 'empty': 'False', 'log_cache_events': 'False', 'introspect': 'True', 'cache_selected_only': 'False', 'fail_fast': 'False', 'debug': 'False', 'log_format': 'default', 'partial_parse': 'False', 'send_anonymous_usage_stats': 'True', 'quiet': 'False', 'warn_error': 'None', 'profiles_dir': 'D:\\ITI Data Engineering\\ITI_GP\\Raqib\\Raqib\\raqib_sf_dbt', 'invocation_command': 'dbt run --full-refresh --no-partial-parse', 'use_colors': 'True', 'indirect_selection': 'eager', 'use_experimental_parser': 'False', 'log_path': 'D:\\ITI Data Engineering\\ITI_GP\\Raqib\\Raqib\\raqib_sf_dbt\\logs'}
[0m08:14:47.113504 [debug] [MainThread]: Snowflake adapter: Setting snowflake.connector to ERROR (file logging only)
[0m08:14:47.114711 [debug] [MainThread]: Snowflake adapter: Setting botocore to ERROR (file logging only)
[0m08:14:47.114711 [debug] [MainThread]: Snowflake adapter: Setting boto3 to ERROR (file logging only)
[0m08:14:47.333645 [debug] [MainThread]: Sending event: {'category': 'dbt', 'action': 'project_id', 'label': '50a6a900-c682-4638-8026-e1b0c95b5ce2', 'context': [<snowplow_tracker.self_describing_json.SelfDescribingJson object at 0x000001E499639220>]}
[0m08:14:47.401886 [debug] [MainThread]: Sending event: {'category': 'dbt', 'action': 'adapter_info', 'label': '50a6a900-c682-4638-8026-e1b0c95b5ce2', 'context': [<snowplow_tracker.self_describing_json.SelfDescribingJson object at 0x000001E49966AED0>]}
[0m08:14:47.402843 [info ] [MainThread]: Registered adapter: snowflake=1.11.4
[0m08:14:47.799671 [debug] [MainThread]: checksum: b80718358155fc17c3559352095564dd56ada1cc1a1c0ef2e62c857e71583775, vars: {}, profile: , target: , version: 1.11.7
[0m08:14:47.800672 [debug] [MainThread]: Partial parsing not enabled
[0m08:14:49.582639 [warn ] [MainThread]: [[33mWARNING[0m][MissingArgumentsPropertyInGenericTestDeprecation]: Deprecated
functionality
Found top-level arguments to test `accepted_values` defined on 'fact_encounters'
in package 'raqib_sf' (models\marts\schema.yml). Arguments to generic tests
should be nested under the `arguments` property.
[0m08:14:49.582639 [debug] [MainThread]: Sending event: {'category': 'dbt', 'action': 'deprecation', 'label': '50a6a900-c682-4638-8026-e1b0c95b5ce2', 'property_': 'warn', 'context': [<snowplow_tracker.self_describing_json.SelfDescribingJson object at 0x000001E4AD23E5D0>]}
[0m08:14:49.961538 [warn ] [MainThread]: [[33mWARNING[0m]: Configuration paths exist in your dbt_project.yml file which do not apply to any resources.
There are 1 unused configuration paths:
- models.raqib_sf.intermediate
[0m08:14:49.975550 [debug] [MainThread]: Sending event: {'category': 'dbt', 'action': 'load_project', 'label': '50a6a900-c682-4638-8026-e1b0c95b5ce2', 'context': [<snowplow_tracker.self_describing_json.SelfDescribingJson object at 0x000001E4ACC5C440>]}
[0m08:14:50.102118 [debug] [MainThread]: Wrote artifact WritableManifest to D:\ITI Data Engineering\ITI_GP\Raqib\Raqib\raqib_sf_dbt\target\manifest.json
[0m08:14:50.104659 [debug] [MainThread]: Wrote artifact SemanticManifest to D:\ITI Data Engineering\ITI_GP\Raqib\Raqib\raqib_sf_dbt\target\semantic_manifest.json
[0m08:14:50.130894 [debug] [MainThread]: Sending event: {'category': 'dbt', 'action': 'resource_counts', 'label': '50a6a900-c682-4638-8026-e1b0c95b5ce2', 'context': [<snowplow_tracker.self_describing_json.SelfDescribingJson object at 0x000001E4AD5A4410>]}
[0m08:14:50.131886 [info ] [MainThread]: Found 31 models, 154 data tests, 11 sources, 639 macros
[0m08:14:50.132846 [debug] [MainThread]: Sending event: {'category': 'dbt', 'action': 'runnable_timing', 'label': '50a6a900-c682-4638-8026-e1b0c95b5ce2', 'context': [<snowplow_tracker.self_describing_json.SelfDescribingJson object at 0x000001E4AD1DE2D0>]}
[0m08:14:50.137031 [info ] [MainThread]: 
[0m08:14:50.138031 [info ] [MainThread]: Concurrency: 4 threads (target='dev')
[0m08:14:50.138031 [info ] [MainThread]: 
[0m08:14:50.139034 [debug] [MainThread]: Acquiring new snowflake connection 'master'
[0m08:14:50.146030 [debug] [ThreadPool]: Acquiring new snowflake connection 'list_dev'
[0m08:14:50.158068 [debug] [ThreadPool]: Acquiring new snowflake connection 'list_prod'
[0m08:14:50.226195 [debug] [ThreadPool]: Using snowflake connection "list_dev"
[0m08:14:50.227195 [debug] [ThreadPool]: On list_dev: show terse schemas in database dev
    limit 10000
/* {"app": "dbt", "dbt_version": "1.11.7", "profile_name": "raqib_sf", "target_name": "dev", "connection_name": "list_dev"} */
[0m08:14:50.227195 [debug] [ThreadPool]: Opening a new connection, currently in state init
[0m08:14:50.228212 [debug] [ThreadPool]: Using snowflake connection "list_prod"
[0m08:14:50.228212 [debug] [ThreadPool]: On list_prod: show terse schemas in database prod
    limit 10000
/* {"app": "dbt", "dbt_version": "1.11.7", "profile_name": "raqib_sf", "target_name": "dev", "connection_name": "list_prod"} */
[0m08:14:50.229195 [debug] [ThreadPool]: Opening a new connection, currently in state init
[0m08:14:51.083133 [debug] [ThreadPool]: SQL status: SUCCESS 3 in 0.854 seconds
[0m08:14:51.084601 [debug] [ThreadPool]: SQL status: SUCCESS 3 in 0.857 seconds
[0m08:14:51.090626 [debug] [ThreadPool]: Acquiring new snowflake connection 'list_dev_dbt_dev'
[0m08:14:51.106782 [debug] [ThreadPool]: Using snowflake connection "list_dev_dbt_dev"
[0m08:14:51.107783 [debug] [ThreadPool]: Acquiring new snowflake connection 'list_prod_dbt_dev_marts'
[0m08:14:51.107783 [debug] [ThreadPool]: On list_dev_dbt_dev: show objects in dev.dbt_dev
    limit 10000
    

/* {"app": "dbt", "dbt_version": "1.11.7", "profile_name": "raqib_sf", "target_name": "dev", "connection_name": "list_dev_dbt_dev"} */;
[0m08:14:51.111152 [debug] [ThreadPool]: Using snowflake connection "list_prod_dbt_dev_marts"
[0m08:14:51.111152 [debug] [ThreadPool]: Opening a new connection, currently in state init
[0m08:14:51.111152 [debug] [ThreadPool]: On list_prod_dbt_dev_marts: show objects in prod.dbt_dev_marts
    limit 10000
    

/* {"app": "dbt", "dbt_version": "1.11.7", "profile_name": "raqib_sf", "target_name": "dev", "connection_name": "list_prod_dbt_dev_marts"} */;
[0m08:14:51.112590 [debug] [ThreadPool]: Opening a new connection, currently in state init
[0m08:14:51.739699 [debug] [ThreadPool]: SQL status: SUCCESS 3 in 0.628 seconds
[0m08:14:51.918235 [debug] [ThreadPool]: SQL status: SUCCESS 17 in 0.806 seconds
[0m08:14:51.938489 [debug] [MainThread]: Sending event: {'category': 'dbt', 'action': 'runnable_timing', 'label': '50a6a900-c682-4638-8026-e1b0c95b5ce2', 'context': [<snowplow_tracker.self_describing_json.SelfDescribingJson object at 0x000001E4AD5A4260>]}
[0m08:14:51.947861 [debug] [Thread-2 (]: Began running node model.raqib_sf.dim_date
[0m08:14:51.948814 [debug] [Thread-3 (]: Began running node model.raqib_sf.dim_time
[0m08:14:51.950814 [debug] [Thread-4 (]: Began running node model.raqib_sf.stg_admissions
[0m08:14:51.952808 [debug] [Thread-5 (]: Began running node model.raqib_sf.stg_diagnosis
[0m08:14:51.949858 [info ] [Thread-2 (]: 1 of 20 START sql table model prod.dbt_dev_marts.dim_date ...................... [RUN]
[0m08:14:51.953812 [debug] [Thread-4 (]: Acquiring new snowflake connection 'model.raqib_sf.stg_admissions'
[0m08:14:51.951810 [info ] [Thread-3 (]: 2 of 20 START sql table model prod.dbt_dev_marts.dim_time ...................... [RUN]
[0m08:14:51.954810 [debug] [Thread-5 (]: Acquiring new snowflake connection 'model.raqib_sf.stg_diagnosis'
[0m08:14:51.955814 [debug] [Thread-2 (]: Acquiring new snowflake connection 'model.raqib_sf.dim_date'
[0m08:14:51.956810 [debug] [Thread-4 (]: Began compiling node model.raqib_sf.stg_admissions
[0m08:14:51.957811 [debug] [Thread-3 (]: Acquiring new snowflake connection 'model.raqib_sf.dim_time'
[0m08:14:51.958811 [debug] [Thread-5 (]: Began compiling node model.raqib_sf.stg_diagnosis
[0m08:14:51.958811 [debug] [Thread-2 (]: Began compiling node model.raqib_sf.dim_date
[0m08:14:51.970842 [debug] [Thread-4 (]: Writing injected SQL for node "model.raqib_sf.stg_admissions"
[0m08:14:51.971810 [debug] [Thread-3 (]: Began compiling node model.raqib_sf.dim_time
[0m08:14:51.975841 [debug] [Thread-5 (]: Writing injected SQL for node "model.raqib_sf.stg_diagnosis"
[0m08:14:51.980836 [debug] [Thread-2 (]: Writing injected SQL for node "model.raqib_sf.dim_date"
[0m08:14:51.985806 [debug] [Thread-3 (]: Writing injected SQL for node "model.raqib_sf.dim_time"
[0m08:14:51.986804 [debug] [Thread-4 (]: Finished running node model.raqib_sf.stg_admissions
[0m08:14:51.987802 [debug] [Thread-4 (]: Began running node model.raqib_sf.stg_drugs
[0m08:14:51.987802 [debug] [Thread-4 (]: Re-using an available connection from the pool (formerly model.raqib_sf.stg_admissions, now model.raqib_sf.stg_drugs)
[0m08:14:51.987802 [debug] [Thread-4 (]: Began compiling node model.raqib_sf.stg_drugs
[0m08:14:51.991877 [debug] [Thread-4 (]: Writing injected SQL for node "model.raqib_sf.stg_drugs"
[0m08:14:51.992846 [debug] [Thread-5 (]: Finished running node model.raqib_sf.stg_diagnosis
[0m08:14:51.992846 [debug] [Thread-5 (]: Began running node model.raqib_sf.stg_emergency_contacts
[0m08:14:51.994047 [debug] [Thread-5 (]: Re-using an available connection from the pool (formerly model.raqib_sf.stg_diagnosis, now model.raqib_sf.stg_emergency_contacts)
[0m08:14:51.994047 [debug] [Thread-5 (]: Began compiling node model.raqib_sf.stg_emergency_contacts
[0m08:14:51.997097 [debug] [Thread-5 (]: Writing injected SQL for node "model.raqib_sf.stg_emergency_contacts"
[0m08:14:51.998062 [debug] [Thread-2 (]: Began executing node model.raqib_sf.dim_date
[0m08:14:51.999068 [debug] [Thread-3 (]: Began executing node model.raqib_sf.dim_time
[0m08:14:52.038589 [debug] [Thread-3 (]: Writing runtime sql for node "model.raqib_sf.dim_time"
[0m08:14:52.046982 [debug] [Thread-2 (]: Writing runtime sql for node "model.raqib_sf.dim_date"
[0m08:14:52.048949 [debug] [Thread-4 (]: Finished running node model.raqib_sf.stg_drugs
[0m08:14:52.048949 [debug] [Thread-4 (]: Began running node model.raqib_sf.stg_lab_events
[0m08:14:52.050353 [debug] [Thread-5 (]: Finished running node model.raqib_sf.stg_emergency_contacts
[0m08:14:52.051356 [debug] [Thread-2 (]: Using snowflake connection "model.raqib_sf.dim_date"
[0m08:14:52.052355 [debug] [Thread-4 (]: Re-using an available connection from the pool (formerly model.raqib_sf.stg_drugs, now model.raqib_sf.stg_lab_events)
[0m08:14:52.053402 [debug] [Thread-3 (]: Using snowflake connection "model.raqib_sf.dim_time"
[0m08:14:52.053402 [debug] [Thread-5 (]: Began running node model.raqib_sf.stg_lab_specimen_types
[0m08:14:52.054367 [debug] [Thread-2 (]: On model.raqib_sf.dim_date: create or replace transient table prod.dbt_dev_marts.dim_date
    
    
    
    as (SELECT
    md5(cast(coalesce(cast(date_bk as TEXT), '_dbt_utils_surrogate_key_null_') as TEXT)) AS date_key,
    date_bk,
    year,
    month,
    month_name,
    day_name, 
    is_weekend 
FROM (
SELECT
    DATEADD(DAY, SEQ4(), '2000-01-01'::DATE) AS date_bk,
    
    YEAR(date_bk) AS year,
    MONTH(date_bk) AS month,
    MONTHNAME(date_bk) AS month_name,
    DAYNAME(date_bk) AS day_name,
    
    CASE 
        WHEN DAYOFWEEKISO(date_bk) IN (6, 7) THEN 1 
        ELSE 0 
    END AS is_weekend
FROM TABLE(GENERATOR(ROWCOUNT => 10000))
WHERE date_bk <= '2026-12-31'::DATE
)
    )

/* {"app": "dbt", "dbt_version": "1.11.7", "profile_name": "raqib_sf", "target_name": "dev", "node_id": "model.raqib_sf.dim_date"} */;
[0m08:14:52.054367 [debug] [Thread-4 (]: Began compiling node model.raqib_sf.stg_lab_events
[0m08:14:52.055357 [debug] [Thread-3 (]: On model.raqib_sf.dim_time: create or replace transient table prod.dbt_dev_marts.dim_time
    
    
    
    as (SELECT
    md5(cast(coalesce(cast(time_bk as TEXT), '_dbt_utils_surrogate_key_null_') as TEXT)) AS time_key,
    time_bk,
    hour,
    minute,
    second,
    time_of_day
FROM (
SELECT   
    TIMEADD(SECOND, SEQ4(), '00:00:00'::TIME) AS time_bk,
    
    HOUR(time_bk) AS hour,
    MINUTE(time_bk) AS minute,
    SECOND(time_bk) AS second,
    
    CASE 
        WHEN HOUR(time_bk) < 6 THEN 'Night'
        WHEN HOUR(time_bk) < 12 THEN 'Morning'
        WHEN HOUR(time_bk) < 18 THEN 'Afternoon'
        ELSE 'Evening'
    END AS time_of_day

FROM TABLE(GENERATOR(ROWCOUNT => 86400))
)
    )

/* {"app": "dbt", "dbt_version": "1.11.7", "profile_name": "raqib_sf", "target_name": "dev", "node_id": "model.raqib_sf.dim_time"} */;
[0m08:14:52.055357 [debug] [Thread-5 (]: Re-using an available connection from the pool (formerly model.raqib_sf.stg_emergency_contacts, now model.raqib_sf.stg_lab_specimen_types)
[0m08:14:52.056356 [debug] [Thread-2 (]: Opening a new connection, currently in state init
[0m08:14:52.059357 [debug] [Thread-4 (]: Writing injected SQL for node "model.raqib_sf.stg_lab_events"
[0m08:14:52.059357 [debug] [Thread-3 (]: Opening a new connection, currently in state init
[0m08:14:52.060357 [debug] [Thread-5 (]: Began compiling node model.raqib_sf.stg_lab_specimen_types
[0m08:14:52.104509 [debug] [Thread-5 (]: Writing injected SQL for node "model.raqib_sf.stg_lab_specimen_types"
[0m08:14:52.145551 [debug] [Thread-4 (]: Finished running node model.raqib_sf.stg_lab_events
[0m08:14:52.146549 [debug] [Thread-5 (]: Finished running node model.raqib_sf.stg_lab_specimen_types
[0m08:14:52.148039 [debug] [Thread-4 (]: Began running node model.raqib_sf.stg_patients
[0m08:14:52.149040 [debug] [Thread-5 (]: Began running node model.raqib_sf.stg_prescriptions
[0m08:14:52.150036 [debug] [Thread-4 (]: Re-using an available connection from the pool (formerly model.raqib_sf.stg_lab_events, now model.raqib_sf.stg_patients)
[0m08:14:52.151040 [debug] [Thread-5 (]: Re-using an available connection from the pool (formerly model.raqib_sf.stg_lab_specimen_types, now model.raqib_sf.stg_prescriptions)
[0m08:14:52.152038 [debug] [Thread-4 (]: Began compiling node model.raqib_sf.stg_patients
[0m08:14:52.153039 [debug] [Thread-5 (]: Began compiling node model.raqib_sf.stg_prescriptions
[0m08:14:52.157035 [debug] [Thread-4 (]: Writing injected SQL for node "model.raqib_sf.stg_patients"
[0m08:14:52.161039 [debug] [Thread-5 (]: Writing injected SQL for node "model.raqib_sf.stg_prescriptions"
[0m08:14:52.165042 [debug] [Thread-4 (]: Finished running node model.raqib_sf.stg_patients
[0m08:14:52.167036 [debug] [Thread-4 (]: Began running node model.raqib_sf.stg_providers
[0m08:14:52.168041 [debug] [Thread-4 (]: Re-using an available connection from the pool (formerly model.raqib_sf.stg_patients, now model.raqib_sf.stg_providers)
[0m08:14:52.168041 [debug] [Thread-4 (]: Began compiling node model.raqib_sf.stg_providers
[0m08:14:52.169043 [debug] [Thread-5 (]: Finished running node model.raqib_sf.stg_prescriptions
[0m08:14:52.172036 [debug] [Thread-4 (]: Writing injected SQL for node "model.raqib_sf.stg_providers"
[0m08:14:52.176036 [debug] [Thread-5 (]: Began running node model.raqib_sf.stg_services
[0m08:14:52.180200 [debug] [Thread-5 (]: Re-using an available connection from the pool (formerly model.raqib_sf.stg_prescriptions, now model.raqib_sf.stg_services)
[0m08:14:52.181203 [debug] [Thread-5 (]: Began compiling node model.raqib_sf.stg_services
[0m08:14:52.184199 [debug] [Thread-5 (]: Writing injected SQL for node "model.raqib_sf.stg_services"
[0m08:14:52.185200 [debug] [Thread-4 (]: Finished running node model.raqib_sf.stg_providers
[0m08:14:52.186334 [debug] [Thread-4 (]: Began running node model.raqib_sf.stg_transfers
[0m08:14:52.186334 [debug] [Thread-4 (]: Re-using an available connection from the pool (formerly model.raqib_sf.stg_providers, now model.raqib_sf.stg_transfers)
[0m08:14:52.190346 [debug] [Thread-4 (]: Began compiling node model.raqib_sf.stg_transfers
[0m08:14:52.194353 [debug] [Thread-4 (]: Writing injected SQL for node "model.raqib_sf.stg_transfers"
[0m08:14:52.200393 [debug] [Thread-5 (]: Finished running node model.raqib_sf.stg_services
[0m08:14:52.201393 [debug] [Thread-5 (]: Began running node model.raqib_sf.dim_admission_type
[0m08:14:52.202395 [info ] [Thread-5 (]: 3 of 20 START sql table model prod.dbt_dev_marts.dim_admission_type ............ [RUN]
[0m08:14:52.203392 [debug] [Thread-5 (]: Re-using an available connection from the pool (formerly model.raqib_sf.stg_services, now model.raqib_sf.dim_admission_type)
[0m08:14:52.204394 [debug] [Thread-5 (]: Began compiling node model.raqib_sf.dim_admission_type
[0m08:14:52.204394 [debug] [Thread-4 (]: Finished running node model.raqib_sf.stg_transfers
[0m08:14:52.214602 [debug] [Thread-5 (]: Writing injected SQL for node "model.raqib_sf.dim_admission_type"
[0m08:14:52.215604 [debug] [Thread-4 (]: Began running node model.raqib_sf.dim_location
[0m08:14:52.217601 [info ] [Thread-4 (]: 4 of 20 START sql table model prod.dbt_dev_marts.dim_location .................. [RUN]
[0m08:14:52.218674 [debug] [Thread-4 (]: Re-using an available connection from the pool (formerly model.raqib_sf.stg_transfers, now model.raqib_sf.dim_location)
[0m08:14:52.219730 [debug] [Thread-5 (]: Began executing node model.raqib_sf.dim_admission_type
[0m08:14:52.219730 [debug] [Thread-4 (]: Began compiling node model.raqib_sf.dim_location
[0m08:14:52.223726 [debug] [Thread-5 (]: Writing runtime sql for node "model.raqib_sf.dim_admission_type"
[0m08:14:52.234723 [debug] [Thread-4 (]: Writing injected SQL for node "model.raqib_sf.dim_location"
[0m08:14:52.238117 [debug] [Thread-5 (]: Using snowflake connection "model.raqib_sf.dim_admission_type"
[0m08:14:52.239117 [debug] [Thread-5 (]: On model.raqib_sf.dim_admission_type: create or replace transient table prod.dbt_dev_marts.dim_admission_type
    
    
    
    as (with  __dbt__cte__stg_admissions as (
WITH raw_admissions AS (
    SELECT * 
    FROM raw.public.admissions
)

SELECT 
    admission_id,
    patient_id,
    admission_provider_id                                       AS provider_id,
    CAST(ADMISSION_DATETIME_IN AS TIMESTAMP)                    AS admitted_at,
    CAST(ADMISSION_DATETIME_OUT AS TIMESTAMP)                   AS discharged_at,
    UPPER(LEFT(admission_type, 1)) 
        || LOWER(SUBSTR(admission_type, 2))                     AS admission_type,
    admission_location,
    discharge_location,
    INITCAP(insurance_type)                                     AS insurance_type,
    total_cost,
    payer_coverage,
    hospital_expire_flag,
    primary_sdk
FROM raw_admissions
), dim_admission_type as (
    select distinct admission_type as admission_type from __dbt__cte__stg_admissions
)

select 
md5(cast(coalesce(cast(admission_type as TEXT), '_dbt_utils_surrogate_key_null_') as TEXT)) as admission_type_Key,
*
from dim_admission_type
    )

/* {"app": "dbt", "dbt_version": "1.11.7", "profile_name": "raqib_sf", "target_name": "dev", "node_id": "model.raqib_sf.dim_admission_type"} */;
[0m08:14:52.239117 [debug] [Thread-4 (]: Began executing node model.raqib_sf.dim_location
[0m08:14:52.240118 [debug] [Thread-5 (]: Opening a new connection, currently in state init
[0m08:14:52.244117 [debug] [Thread-4 (]: Writing runtime sql for node "model.raqib_sf.dim_location"
[0m08:14:52.285912 [debug] [Thread-4 (]: Using snowflake connection "model.raqib_sf.dim_location"
[0m08:14:52.286905 [debug] [Thread-4 (]: On model.raqib_sf.dim_location: create or replace transient table prod.dbt_dev_marts.dim_location
    
    
    
    as (with  __dbt__cte__stg_admissions as (
WITH raw_admissions AS (
    SELECT * 
    FROM raw.public.admissions
)

SELECT 
    admission_id,
    patient_id,
    admission_provider_id                                       AS provider_id,
    CAST(ADMISSION_DATETIME_IN AS TIMESTAMP)                    AS admitted_at,
    CAST(ADMISSION_DATETIME_OUT AS TIMESTAMP)                   AS discharged_at,
    UPPER(LEFT(admission_type, 1)) 
        || LOWER(SUBSTR(admission_type, 2))                     AS admission_type,
    admission_location,
    discharge_location,
    INITCAP(insurance_type)                                     AS insurance_type,
    total_cost,
    payer_coverage,
    hospital_expire_flag,
    primary_sdk
FROM raw_admissions
), dim_location as (
    select distinct admission_location as Location_Name from __dbt__cte__stg_admissions
    union
    select distinct discharge_location from __dbt__cte__stg_admissions
)

select 
md5(cast(coalesce(cast(Location_Name as TEXT), '_dbt_utils_surrogate_key_null_') as TEXT)) as Location_Key,
*
from dim_location
    )

/* {"app": "dbt", "dbt_version": "1.11.7", "profile_name": "raqib_sf", "target_name": "dev", "node_id": "model.raqib_sf.dim_location"} */;
[0m08:14:52.286905 [debug] [Thread-4 (]: Opening a new connection, currently in state init
[0m08:14:53.503309 [debug] [Thread-2 (]: SQL status: SUCCESS 9862 in 1.447 seconds
[0m08:14:53.546566 [debug] [Thread-2 (]: Sending event: {'category': 'dbt', 'action': 'run_model', 'label': '50a6a900-c682-4638-8026-e1b0c95b5ce2', 'context': [<snowplow_tracker.self_describing_json.SelfDescribingJson object at 0x000001E497754800>]}
[0m08:14:53.547607 [info ] [Thread-2 (]: 1 of 20 OK created sql table model prod.dbt_dev_marts.dim_date ................. [[32mSUCCESS 9862[0m in 1.59s]
[0m08:14:53.548572 [debug] [Thread-2 (]: Finished running node model.raqib_sf.dim_date
[0m08:14:53.548572 [debug] [Thread-2 (]: Began running node model.raqib_sf.dim_diagnosis
[0m08:14:53.549608 [info ] [Thread-2 (]: 5 of 20 START sql table model prod.dbt_dev_marts.dim_diagnosis ................. [RUN]
[0m08:14:53.549608 [debug] [Thread-2 (]: Re-using an available connection from the pool (formerly model.raqib_sf.dim_date, now model.raqib_sf.dim_diagnosis)
[0m08:14:53.549608 [debug] [Thread-2 (]: Began compiling node model.raqib_sf.dim_diagnosis
[0m08:14:53.559288 [debug] [Thread-2 (]: Writing injected SQL for node "model.raqib_sf.dim_diagnosis"
[0m08:14:53.560289 [debug] [Thread-2 (]: Began executing node model.raqib_sf.dim_diagnosis
[0m08:14:53.563288 [debug] [Thread-2 (]: Writing runtime sql for node "model.raqib_sf.dim_diagnosis"
[0m08:14:53.565288 [debug] [Thread-2 (]: Using snowflake connection "model.raqib_sf.dim_diagnosis"
[0m08:14:53.566289 [debug] [Thread-2 (]: On model.raqib_sf.dim_diagnosis: create or replace transient table prod.dbt_dev_marts.dim_diagnosis
    
    
    
    as (
with  __dbt__cte__stg_diagnosis as (
WITH raw_diagnosis AS (
    SELECT * 
    FROM raw.public.diagnosis
)

SELECT 
    diagnosis_id,
    patient_id,
    admission_id,
    provider_id,
    sub_domain_key,
    TRIM(REGEXP_REPLACE(description, '\\s*\\([^)]+\\)', '')) AS description,
    REGEXP_SUBSTR(description, '\\(([^)]+)\\)', 1, 1, 'e', 1) AS description_type,
    TRIM(SPLIT_PART(REGEXP_REPLACE(SPLIT_PART(sub_domain, ' – ', 2), '\\s*/\\s*', ' & '), ' & ', 1)) AS domain,
    NULLIF(TRIM(SPLIT_PART(REGEXP_REPLACE(SPLIT_PART(sub_domain, ' – ', 2), '\\s*/\\s*', ' & '), ' & ', 2)), '') AS sub_domain
FROM raw_diagnosis
), dim_diagnosis as (
    select * from __dbt__cte__stg_diagnosis
)

select 
    md5(cast(coalesce(cast(diagnosis_id as TEXT), '_dbt_utils_surrogate_key_null_') || '-' || coalesce(cast(domain as TEXT), '_dbt_utils_surrogate_key_null_') || '-' || coalesce(cast(sub_domain_key as TEXT), '_dbt_utils_surrogate_key_null_') as TEXT)) as diagnosis_key,
    description,
    description_type,
    sub_domain_key,
    domain,
    sub_domain
from dim_diagnosis
    )

/* {"app": "dbt", "dbt_version": "1.11.7", "profile_name": "raqib_sf", "target_name": "dev", "node_id": "model.raqib_sf.dim_diagnosis"} */;
[0m08:14:53.629818 [debug] [Thread-3 (]: SQL status: SUCCESS 86400 in 1.570 seconds
[0m08:14:53.632851 [debug] [Thread-3 (]: Sending event: {'category': 'dbt', 'action': 'run_model', 'label': '50a6a900-c682-4638-8026-e1b0c95b5ce2', 'context': [<snowplow_tracker.self_describing_json.SelfDescribingJson object at 0x000001E4AD5A8080>]}
[0m08:14:53.633854 [info ] [Thread-3 (]: 2 of 20 OK created sql table model prod.dbt_dev_marts.dim_time ................. [[32mSUCCESS 86400[0m in 1.68s]
[0m08:14:53.635821 [debug] [Thread-3 (]: Finished running node model.raqib_sf.dim_time
[0m08:14:53.635821 [debug] [Thread-3 (]: Began running node model.raqib_sf.dim_emergency_contacts
[0m08:14:53.636818 [info ] [Thread-3 (]: 6 of 20 START sql table model prod.dbt_dev_marts.dim_emergency_contacts ........ [RUN]
[0m08:14:53.637819 [debug] [Thread-3 (]: Re-using an available connection from the pool (formerly model.raqib_sf.dim_time, now model.raqib_sf.dim_emergency_contacts)
[0m08:14:53.638851 [debug] [Thread-3 (]: Began compiling node model.raqib_sf.dim_emergency_contacts
[0m08:14:53.650850 [debug] [Thread-3 (]: Writing injected SQL for node "model.raqib_sf.dim_emergency_contacts"
[0m08:14:53.651848 [debug] [Thread-3 (]: Began executing node model.raqib_sf.dim_emergency_contacts
[0m08:14:53.656969 [debug] [Thread-3 (]: Writing runtime sql for node "model.raqib_sf.dim_emergency_contacts"
[0m08:14:53.659442 [debug] [Thread-3 (]: Using snowflake connection "model.raqib_sf.dim_emergency_contacts"
[0m08:14:53.660881 [debug] [Thread-3 (]: On model.raqib_sf.dim_emergency_contacts: create or replace transient table prod.dbt_dev_marts.dim_emergency_contacts
    
    
    
    as (with  __dbt__cte__stg_emergency_contacts as (
WITH raw_emergency_contacts AS (
    SELECT *
    FROM raw.public.emergency_contacts
)

SELECT
    Patient_ID AS patient_id,
    INITCAP(emergency_contact_name) AS emergency_contact_name,
    emergency_contact_relationship,
    emergency_contact_bloodtype,
    emergency_contact_number AS emergency_contact_phone_number,
    REGEXP_LIKE(emergency_contact_number, '^\\([0-9]{3}\\) [0-9]{3}-[0-9]{4}$') AS is_valid_phone_number
    
FROM raw_emergency_contacts
), emergency_contacts as (
    select * 
    from __dbt__cte__stg_emergency_contacts
)

SELECT
    md5(cast(coalesce(cast(patient_id as TEXT), '_dbt_utils_surrogate_key_null_') || '-' || coalesce(cast(emergency_contact_name as TEXT), '_dbt_utils_surrogate_key_null_') as TEXT)) AS contact_key,
    *
FROM emergency_contacts
    )

/* {"app": "dbt", "dbt_version": "1.11.7", "profile_name": "raqib_sf", "target_name": "dev", "node_id": "model.raqib_sf.dim_emergency_contacts"} */;
[0m08:14:53.731446 [debug] [Thread-5 (]: SQL status: SUCCESS 12 in 1.491 seconds
[0m08:14:53.735497 [debug] [Thread-5 (]: Sending event: {'category': 'dbt', 'action': 'run_model', 'label': '50a6a900-c682-4638-8026-e1b0c95b5ce2', 'context': [<snowplow_tracker.self_describing_json.SelfDescribingJson object at 0x000001E496D08A40>]}
[0m08:14:53.736500 [info ] [Thread-5 (]: 3 of 20 OK created sql table model prod.dbt_dev_marts.dim_admission_type ....... [[32mSUCCESS 12[0m in 1.53s]
[0m08:14:53.738950 [debug] [Thread-5 (]: Finished running node model.raqib_sf.dim_admission_type
[0m08:14:53.739947 [debug] [Thread-5 (]: Began running node model.raqib_sf.dim_lab_types
[0m08:14:53.741951 [info ] [Thread-5 (]: 7 of 20 START sql table model prod.dbt_dev_marts.dim_lab_types ................. [RUN]
[0m08:14:53.742948 [debug] [Thread-5 (]: Re-using an available connection from the pool (formerly model.raqib_sf.dim_admission_type, now model.raqib_sf.dim_lab_types)
[0m08:14:53.744128 [debug] [Thread-5 (]: Began compiling node model.raqib_sf.dim_lab_types
[0m08:14:53.763796 [debug] [Thread-5 (]: Writing injected SQL for node "model.raqib_sf.dim_lab_types"
[0m08:14:53.764799 [debug] [Thread-5 (]: Began executing node model.raqib_sf.dim_lab_types
[0m08:14:53.770225 [debug] [Thread-5 (]: Writing runtime sql for node "model.raqib_sf.dim_lab_types"
[0m08:14:53.772991 [debug] [Thread-5 (]: Using snowflake connection "model.raqib_sf.dim_lab_types"
[0m08:14:53.774350 [debug] [Thread-5 (]: On model.raqib_sf.dim_lab_types: create or replace transient table prod.dbt_dev_marts.dim_lab_types
    
    
    
    as (WITH  __dbt__cte__stg_lab_specimen_types as (
WITH raw_lab_specimen_types AS (
    SELECT *
    FROM raw.public.lab_specimen_types
)

SELECT 
    itemid AS item_id,
    CASE 
        WHEN CONTAINS(label, '(') THEN TRIM(SPLIT_PART(label, '(', 1))
        ELSE label
    END AS label,
    CASE 
        WHEN CONTAINS(label, '(') THEN TRIM(REPLACE(SPLIT_PART(label, '(', 2), ')', ''))
        ELSE NULL
    END AS label_sub_type,
    fluid,
    CASE 
        WHEN CONTAINS(category, '–') THEN TRIM(SPLIT_PART(category, '–', 1))
        ELSE category
    END AS category_type,
    CASE   
        WHEN CONTAINS(category, '–') THEN TRIM(SPLIT_PART(category, '–', 2))
        ELSE NULL
    END AS category_sub_type,
    sub_domain_key,
    TRIM(SPLIT_PART(REGEXP_REPLACE(specialty, '\\s*/\\s*', ' & '), ' & ', 1)) AS specialty_1,
    NULLIF(TRIM(SPLIT_PART(REGEXP_REPLACE(specialty, '\\s*/\\s*', ' & '), ' & ', 2)), '') AS specialty_2,
    
FROM raw_lab_specimen_types
), stg_lab_specimen_types AS (
    SELECT *
    FROM __dbt__cte__stg_lab_specimen_types
)

SELECT
    md5(cast(coalesce(cast(item_id as TEXT), '_dbt_utils_surrogate_key_null_') || '-' || coalesce(cast(label as TEXT), '_dbt_utils_surrogate_key_null_') || '-' || coalesce(cast(category_type as TEXT), '_dbt_utils_surrogate_key_null_') as TEXT)) AS specimen_type_key,
    item_id,
    label,
    label_sub_type,
    fluid,
    category_type,
    category_sub_type,
    sub_domain_key,
    specialty_1,
    specialty_2
FROM stg_lab_specimen_types
    )

/* {"app": "dbt", "dbt_version": "1.11.7", "profile_name": "raqib_sf", "target_name": "dev", "node_id": "model.raqib_sf.dim_lab_types"} */;
[0m08:14:53.815856 [debug] [Thread-4 (]: SQL status: SUCCESS 37 in 1.529 seconds
[0m08:14:53.818859 [debug] [Thread-4 (]: Sending event: {'category': 'dbt', 'action': 'run_model', 'label': '50a6a900-c682-4638-8026-e1b0c95b5ce2', 'context': [<snowplow_tracker.self_describing_json.SelfDescribingJson object at 0x000001E4AEEC19D0>]}
[0m08:14:53.818859 [info ] [Thread-4 (]: 4 of 20 OK created sql table model prod.dbt_dev_marts.dim_location ............. [[32mSUCCESS 37[0m in 1.60s]
[0m08:14:53.820365 [debug] [Thread-4 (]: Finished running node model.raqib_sf.dim_location
[0m08:14:53.821680 [debug] [Thread-4 (]: Began running node model.raqib_sf.int_lab_analysis
[0m08:14:53.821680 [info ] [Thread-4 (]: 8 of 20 START sql view model dbt_dev.int_lab_analysis .......................... [RUN]
[0m08:14:53.823082 [debug] [Thread-4 (]: Re-using an available connection from the pool (formerly model.raqib_sf.dim_location, now model.raqib_sf.int_lab_analysis)
[0m08:14:53.823082 [debug] [Thread-4 (]: Began compiling node model.raqib_sf.int_lab_analysis
[0m08:14:53.835550 [debug] [Thread-4 (]: Writing injected SQL for node "model.raqib_sf.int_lab_analysis"
[0m08:14:53.836917 [debug] [Thread-4 (]: Began executing node model.raqib_sf.int_lab_analysis
[0m08:14:53.864218 [debug] [Thread-4 (]: Writing runtime sql for node "model.raqib_sf.int_lab_analysis"
[0m08:14:53.867605 [debug] [Thread-4 (]: Using snowflake connection "model.raqib_sf.int_lab_analysis"
[0m08:14:53.868605 [debug] [Thread-4 (]: On model.raqib_sf.int_lab_analysis: create or replace   view dev.dbt_dev.int_lab_analysis
  
  
  
  
  as (
    WITH  __dbt__cte__stg_lab_events as (
WITH raw_lab_events AS (

    SELECT *
    FROM raw.public.lab_events

)

SELECT
    lab_event_id,
    patient_id,
    admission_id,
    specimen_id,
    item_id,
    provider_id,
    CAST(done_datetime AS TIMESTAMP)    AS lab_done_at,
    CAST(stored_datetime AS TIMESTAMP)  AS lab_stored_at,
    TRY_CAST(value AS FLOAT) AS result_value,
    TRIM(measurement_unit) AS measurement_unit,
    TRY_CAST(range_lower AS FLOAT) AS range_lower,
    TRY_CAST(range_higher AS FLOAT) AS range_higher,
    TRIM(abnormal_flag) AS abnormal_flag,
    TRY_CAST(cost AS FLOAT) AS cost

FROM raw_lab_events 

--  CONVERT_TIMEZONE('UTC', done_datetime::TIMESTAMP_TZ)    AS lab_done_at,
--     CONVERT_TIMEZONE('UTC', stored_datetime::TIMESTAMP_TZ)  AS lab_stored_at,
),  __dbt__cte__stg_lab_specimen_types as (
WITH raw_lab_specimen_types AS (
    SELECT *
    FROM raw.public.lab_specimen_types
)

SELECT 
    itemid AS item_id,
    CASE 
        WHEN CONTAINS(label, '(') THEN TRIM(SPLIT_PART(label, '(', 1))
        ELSE label
    END AS label,
    CASE 
        WHEN CONTAINS(label, '(') THEN TRIM(REPLACE(SPLIT_PART(label, '(', 2), ')', ''))
        ELSE NULL
    END AS label_sub_type,
    fluid,
    CASE 
        WHEN CONTAINS(category, '–') THEN TRIM(SPLIT_PART(category, '–', 1))
        ELSE category
    END AS category_type,
    CASE   
        WHEN CONTAINS(category, '–') THEN TRIM(SPLIT_PART(category, '–', 2))
        ELSE NULL
    END AS category_sub_type,
    sub_domain_key,
    TRIM(SPLIT_PART(REGEXP_REPLACE(specialty, '\\s*/\\s*', ' & '), ' & ', 1)) AS specialty_1,
    NULLIF(TRIM(SPLIT_PART(REGEXP_REPLACE(specialty, '\\s*/\\s*', ' & '), ' & ', 2)), '') AS specialty_2,
    
FROM raw_lab_specimen_types
), lab_events AS (
    SELECT *
    FROM __dbt__cte__stg_lab_events
),

specimen_types AS (
    SELECT *
    FROM __dbt__cte__stg_lab_specimen_types
)

SELECT
    md5(cast(coalesce(cast(lab_event_id as TEXT), '_dbt_utils_surrogate_key_null_') as TEXT)) AS lab_event_key,
    le.lab_event_id,
    le.patient_id,
    le.admission_id,
    le.provider_id,
    le.specimen_id,
    le.item_id,
    le.lab_done_at,
    le.lab_stored_at,

    st.label AS test_name,
    st.label_sub_type,
    st.fluid,
    st.category_type,
    st.category_sub_type,
    st.specialty_1,
    st.specialty_2,

    le.result_value,
    le.measurement_unit,

    le.range_lower,
    le.range_higher,

    le.abnormal_flag,

    le.cost

FROM lab_events le

LEFT JOIN specimen_types st
    ON le.item_id = st.item_id
  )
/* {"app": "dbt", "dbt_version": "1.11.7", "profile_name": "raqib_sf", "target_name": "dev", "node_id": "model.raqib_sf.int_lab_analysis"} */;
[0m08:14:54.165846 [debug] [Thread-4 (]: SQL status: SUCCESS 1 in 0.296 seconds
[0m08:14:54.174831 [debug] [Thread-4 (]: Sending event: {'category': 'dbt', 'action': 'run_model', 'label': '50a6a900-c682-4638-8026-e1b0c95b5ce2', 'context': [<snowplow_tracker.self_describing_json.SelfDescribingJson object at 0x000001E4AECEB260>]}
[0m08:14:54.175831 [info ] [Thread-4 (]: 8 of 20 OK created sql view model dbt_dev.int_lab_analysis ..................... [[32mSUCCESS 1[0m in 0.35s]
[0m08:14:54.177863 [debug] [Thread-4 (]: Finished running node model.raqib_sf.int_lab_analysis
[0m08:14:54.178867 [debug] [Thread-4 (]: Began running node model.raqib_sf.dim_patients
[0m08:14:54.179870 [info ] [Thread-4 (]: 9 of 20 START sql table model prod.dbt_dev_marts.dim_patients .................. [RUN]
[0m08:14:54.181956 [debug] [Thread-4 (]: Re-using an available connection from the pool (formerly model.raqib_sf.int_lab_analysis, now model.raqib_sf.dim_patients)
[0m08:14:54.182959 [debug] [Thread-4 (]: Began compiling node model.raqib_sf.dim_patients
[0m08:14:54.199924 [debug] [Thread-4 (]: Writing injected SQL for node "model.raqib_sf.dim_patients"
[0m08:14:54.201889 [debug] [Thread-4 (]: Began executing node model.raqib_sf.dim_patients
[0m08:14:54.207668 [debug] [Thread-4 (]: Writing runtime sql for node "model.raqib_sf.dim_patients"
[0m08:14:54.212619 [debug] [Thread-4 (]: Using snowflake connection "model.raqib_sf.dim_patients"
[0m08:14:54.213672 [debug] [Thread-4 (]: On model.raqib_sf.dim_patients: create or replace transient table prod.dbt_dev_marts.dim_patients
    
    
    
    as (with  __dbt__cte__stg_patients as (
WITH raw_patients AS (
    SELECT *
    FROM raw.public.patients
)

SELECT 
    patient_id,
    ssn,
    INITCAP(first_name || ' ' || last_name) AS full_name,
    birthdate::DATE AS birthdate,
    YEAR(birthdate::DATE) AS birth_year,
    deathdate::DATE AS deathdate,
    CASE 
        WHEN deathdate IS NOT NULL THEN TRUE
        ELSE FALSE
    END AS is_dead,
    blood_type,
    CASE 
        WHEN marital = 'S' THEN 'Single'
        WHEN marital = 'M' THEN 'Married'
        WHEN marital = 'D' THEN 'Divorced'
        WHEN marital = 'W' THEN 'Widowed'
    END AS marital_status,
    INITCAP(REPLACE(race, '/', ' / ')) AS race,
    CASE
        WHEN UPPER(TRIM(ethnicity)) IN ('HISPANIC', 'HISPANIC OR LATINO')
            THEN 'Hispanic or Latino'
        WHEN UPPER(TRIM(ethnicity)) IN ('NONHISPANIC', 'NOT HISPANIC OR LATINO')
            THEN 'Not Hispanic or Latino'
        ELSE 'Unknown'
    END AS ethnicity,
    CASE 
        WHEN gender = 'F' THEN 'Female'
        WHEN gender = 'M' THEN 'Male'
        ELSE 'Unknown'
    END AS gender,
    INITCAP(language) AS spoken_language,
    INITCAP(TRIM(SPLIT_PART(birthplace, ',', 1))) AS birth_city,
    CASE UPPER(TRIM(SPLIT_PART(birthplace, ',',2)))
    WHEN 'CT' THEN 'Connecticut'
    WHEN 'ME' THEN 'Maine'
    WHEN 'MA' THEN 'Massachusetts'
    WHEN 'NH' THEN 'New Hampshire'
    WHEN 'RI' THEN 'Rhode Island'
    WHEN 'VT' THEN 'Vermont'
    WHEN 'NY' THEN 'New York'
    END AS birth_state,
    address,
    INITCAP(city) AS city,
    CASE UPPER(TRIM(country))
        WHEN 'US' THEN 'United States'
        WHEN 'UK' THEN 'United Kingdom' 
    END AS country,
    CAST(healthcare_expenses AS FLOAT) AS healthcare_expenses,
    CAST(healthcare_coverage AS FLOAT) AS healthcare_coverage,
    income AS income_usd
  
FROM raw_patients
), patients as (
    select
        *
    from __dbt__cte__stg_patients
)

SELECT
    md5(cast(coalesce(cast(patient_id as TEXT), '_dbt_utils_surrogate_key_null_') as TEXT)) AS patient_key,
    patient_id,
    ssn,
    full_name,
    birthdate,
    birth_year,
    deathdate,
    is_dead,
    blood_type,
    marital_status,
    Race,
    ethnicity,
    spoken_language,
    city
    
FROM patients
    )

/* {"app": "dbt", "dbt_version": "1.11.7", "profile_name": "raqib_sf", "target_name": "dev", "node_id": "model.raqib_sf.dim_patients"} */;
[0m08:14:54.515115 [debug] [Thread-5 (]: SQL status: SUCCESS 73 in 0.740 seconds
[0m08:14:54.518115 [debug] [Thread-5 (]: Sending event: {'category': 'dbt', 'action': 'run_model', 'label': '50a6a900-c682-4638-8026-e1b0c95b5ce2', 'context': [<snowplow_tracker.self_describing_json.SelfDescribingJson object at 0x000001E4AEF2B170>]}
[0m08:14:54.519115 [info ] [Thread-5 (]: 7 of 20 OK created sql table model prod.dbt_dev_marts.dim_lab_types ............ [[32mSUCCESS 73[0m in 0.78s]
[0m08:14:54.519115 [debug] [Thread-5 (]: Finished running node model.raqib_sf.dim_lab_types
[0m08:14:54.519115 [debug] [Thread-5 (]: Began running node model.raqib_sf.dim_provider
[0m08:14:54.520622 [info ] [Thread-5 (]: 10 of 20 START sql table model prod.dbt_dev_marts.dim_provider ................. [RUN]
[0m08:14:54.521631 [debug] [Thread-5 (]: Re-using an available connection from the pool (formerly model.raqib_sf.dim_lab_types, now model.raqib_sf.dim_provider)
[0m08:14:54.521631 [debug] [Thread-5 (]: Began compiling node model.raqib_sf.dim_provider
[0m08:14:54.531629 [debug] [Thread-5 (]: Writing injected SQL for node "model.raqib_sf.dim_provider"
[0m08:14:54.532630 [debug] [Thread-5 (]: Began executing node model.raqib_sf.dim_provider
[0m08:14:54.539263 [debug] [Thread-5 (]: Writing runtime sql for node "model.raqib_sf.dim_provider"
[0m08:14:54.542557 [debug] [Thread-5 (]: Using snowflake connection "model.raqib_sf.dim_provider"
[0m08:14:54.542557 [debug] [Thread-5 (]: On model.raqib_sf.dim_provider: create or replace transient table prod.dbt_dev_marts.dim_provider
    
    
    
    as (with  __dbt__cte__stg_providers as (
WITH raw_providers AS (
    SELECT * 
    FROM raw.public.providers
)

SELECT 
    npi AS provider_id,
    INITCAP(provider_first_name || ' ' || provider_last_name) AS provider_full_name,
    INITCAP(provider_name_prefix) AS provider_name_prefix,
    REGEXP_LIKE(provider_name_prefix, '\\.$') AS is_valid_prefix,
    INITCAP(provider_address) AS provider_address,
    INITCAP(provider_city) AS provider_city,
    TRIM(provider_state_code) AS provider_state_code,
    TRIM(provider_country_code) AS provider_country_code,
    provider_postal_code,
    CASE 
        WHEN provider_sex_code = 'M' OR provider_sex_code = 'm' THEN 'Male'
        WHEN provider_sex_code = 'F' OR provider_sex_code = 'f' THEN 'Female'
        ELSE 'Unknown'
    END AS provider_gender,
    provider_telephone_number,
    CAST(provider_enumeration_date AS DATE) AS provider_enumeration_date,
    CASE 
        WHEN CAST(provider_enumeration_date AS DATE) IS NOT NULL THEN TRUE
        ELSE FALSE
    END AS is_valid_enumeration_date,
    CAST(provider_join_date AS DATE) AS provider_join_date,
    CASE 
        WHEN DATE(provider_join_date, 'YYYY-MM-DD') IS NOT NULL THEN TRUE
        ELSE FALSE
    END AS is_valid_join_date,
    provider_specialty

FROM raw_providers
), stg_providers as (
    select *
    from __dbt__cte__stg_providers
)

select 
    md5(cast(coalesce(cast(provider_id as TEXT), '_dbt_utils_surrogate_key_null_') || '-' || coalesce(cast(provider_full_name as TEXT), '_dbt_utils_surrogate_key_null_') || '-' || coalesce(cast(provider_specialty as TEXT), '_dbt_utils_surrogate_key_null_') as TEXT)) as provider_key,
    *
    
from stg_providers
    )

/* {"app": "dbt", "dbt_version": "1.11.7", "profile_name": "raqib_sf", "target_name": "dev", "node_id": "model.raqib_sf.dim_provider"} */;
[0m08:14:54.638612 [debug] [Thread-3 (]: SQL status: SUCCESS 115063 in 0.977 seconds
[0m08:14:54.642605 [debug] [Thread-3 (]: Sending event: {'category': 'dbt', 'action': 'run_model', 'label': '50a6a900-c682-4638-8026-e1b0c95b5ce2', 'context': [<snowplow_tracker.self_describing_json.SelfDescribingJson object at 0x000001E4AEF2A360>]}
[0m08:14:54.648832 [info ] [Thread-3 (]: 6 of 20 OK created sql table model prod.dbt_dev_marts.dim_emergency_contacts ... [[32mSUCCESS 115063[0m in 1.00s]
[0m08:14:54.651525 [debug] [Thread-3 (]: Finished running node model.raqib_sf.dim_emergency_contacts
[0m08:14:54.653523 [debug] [Thread-3 (]: Began running node model.raqib_sf.fact_providers_performance
[0m08:14:54.654524 [info ] [Thread-3 (]: 11 of 20 START sql table model prod.dbt_dev_marts.fact_providers_performance ... [RUN]
[0m08:14:54.655527 [debug] [Thread-3 (]: Re-using an available connection from the pool (formerly model.raqib_sf.dim_emergency_contacts, now model.raqib_sf.fact_providers_performance)
[0m08:14:54.656582 [debug] [Thread-3 (]: Began compiling node model.raqib_sf.fact_providers_performance
[0m08:14:54.692740 [debug] [Thread-3 (]: Writing injected SQL for node "model.raqib_sf.fact_providers_performance"
[0m08:14:54.694737 [debug] [Thread-3 (]: Began executing node model.raqib_sf.fact_providers_performance
[0m08:14:54.697778 [debug] [Thread-3 (]: Writing runtime sql for node "model.raqib_sf.fact_providers_performance"
[0m08:14:54.704776 [debug] [Thread-3 (]: Using snowflake connection "model.raqib_sf.fact_providers_performance"
[0m08:14:54.705779 [debug] [Thread-3 (]: On model.raqib_sf.fact_providers_performance: create or replace transient table prod.dbt_dev_marts.fact_providers_performance
    
    
    
    as (WITH  __dbt__cte__stg_providers as (
WITH raw_providers AS (
    SELECT * 
    FROM raw.public.providers
)

SELECT 
    npi AS provider_id,
    INITCAP(provider_first_name || ' ' || provider_last_name) AS provider_full_name,
    INITCAP(provider_name_prefix) AS provider_name_prefix,
    REGEXP_LIKE(provider_name_prefix, '\\.$') AS is_valid_prefix,
    INITCAP(provider_address) AS provider_address,
    INITCAP(provider_city) AS provider_city,
    TRIM(provider_state_code) AS provider_state_code,
    TRIM(provider_country_code) AS provider_country_code,
    provider_postal_code,
    CASE 
        WHEN provider_sex_code = 'M' OR provider_sex_code = 'm' THEN 'Male'
        WHEN provider_sex_code = 'F' OR provider_sex_code = 'f' THEN 'Female'
        ELSE 'Unknown'
    END AS provider_gender,
    provider_telephone_number,
    CAST(provider_enumeration_date AS DATE) AS provider_enumeration_date,
    CASE 
        WHEN CAST(provider_enumeration_date AS DATE) IS NOT NULL THEN TRUE
        ELSE FALSE
    END AS is_valid_enumeration_date,
    CAST(provider_join_date AS DATE) AS provider_join_date,
    CASE 
        WHEN DATE(provider_join_date, 'YYYY-MM-DD') IS NOT NULL THEN TRUE
        ELSE FALSE
    END AS is_valid_join_date,
    provider_specialty

FROM raw_providers
),  __dbt__cte__stg_admissions as (
WITH raw_admissions AS (
    SELECT * 
    FROM raw.public.admissions
)

SELECT 
    admission_id,
    patient_id,
    admission_provider_id                                       AS provider_id,
    CAST(ADMISSION_DATETIME_IN AS TIMESTAMP)                    AS admitted_at,
    CAST(ADMISSION_DATETIME_OUT AS TIMESTAMP)                   AS discharged_at,
    UPPER(LEFT(admission_type, 1)) 
        || LOWER(SUBSTR(admission_type, 2))                     AS admission_type,
    admission_location,
    discharge_location,
    INITCAP(insurance_type)                                     AS insurance_type,
    total_cost,
    payer_coverage,
    hospital_expire_flag,
    primary_sdk
FROM raw_admissions
),  __dbt__cte__stg_diagnosis as (
WITH raw_diagnosis AS (
    SELECT * 
    FROM raw.public.diagnosis
)

SELECT 
    diagnosis_id,
    patient_id,
    admission_id,
    provider_id,
    sub_domain_key,
    TRIM(REGEXP_REPLACE(description, '\\s*\\([^)]+\\)', '')) AS description,
    REGEXP_SUBSTR(description, '\\(([^)]+)\\)', 1, 1, 'e', 1) AS description_type,
    TRIM(SPLIT_PART(REGEXP_REPLACE(SPLIT_PART(sub_domain, ' – ', 2), '\\s*/\\s*', ' & '), ' & ', 1)) AS domain,
    NULLIF(TRIM(SPLIT_PART(REGEXP_REPLACE(SPLIT_PART(sub_domain, ' – ', 2), '\\s*/\\s*', ' & '), ' & ', 2)), '') AS sub_domain
FROM raw_diagnosis
),  __dbt__cte__stg_lab_events as (
WITH raw_lab_events AS (

    SELECT *
    FROM raw.public.lab_events

)

SELECT
    lab_event_id,
    patient_id,
    admission_id,
    specimen_id,
    item_id,
    provider_id,
    CAST(done_datetime AS TIMESTAMP)    AS lab_done_at,
    CAST(stored_datetime AS TIMESTAMP)  AS lab_stored_at,
    TRY_CAST(value AS FLOAT) AS result_value,
    TRIM(measurement_unit) AS measurement_unit,
    TRY_CAST(range_lower AS FLOAT) AS range_lower,
    TRY_CAST(range_higher AS FLOAT) AS range_higher,
    TRIM(abnormal_flag) AS abnormal_flag,
    TRY_CAST(cost AS FLOAT) AS cost

FROM raw_lab_events 

--  CONVERT_TIMEZONE('UTC', done_datetime::TIMESTAMP_TZ)    AS lab_done_at,
--     CONVERT_TIMEZONE('UTC', stored_datetime::TIMESTAMP_TZ)  AS lab_stored_at,
),  __dbt__cte__stg_prescriptions as (
WITH raw_prescriptions AS (
    SELECT *
    FROM raw.public.prescriptions 
)
SELECT 
    prescription_id,
    patient_id,
    admission_id,
    provider_id,
    drug_id,
    CAST(prescribed_date AS TIMESTAMP) AS prescribed_date,
    INITCAP(status) AS status
FROM raw_prescriptions
), providers AS (
    SELECT *
    FROM __dbt__cte__stg_providers
),

admissions AS (
    SELECT *
    FROM __dbt__cte__stg_admissions
),

diagnosis AS (
    SELECT *
    FROM __dbt__cte__stg_diagnosis
),

lab_events AS (
    SELECT *
    FROM __dbt__cte__stg_lab_events
),

prescriptions AS (
    SELECT *
    FROM __dbt__cte__stg_prescriptions
),


encounter_metrics AS (
    SELECT
        provider_id,

        COUNT(DISTINCT admission_id) AS total_encounters,
        COUNT(DISTINCT patient_id) AS unique_patients,

        AVG(total_cost) AS avg_encounter_cost,

        SUM(
            CASE 
                WHEN hospital_expire_flag = 1 THEN 1
                ELSE 0
            END
        ) * 1.0 / NULLIF(COUNT(*), 0) AS mortality_rate

    FROM admissions
    GROUP BY provider_id
),


diagnosis_metrics AS (
    SELECT
        provider_id,
        COUNT(*) AS total_diagnoses
    FROM diagnosis
    GROUP BY provider_id
),


lab_metrics AS (
    SELECT
        provider_id,
        COUNT(*) AS total_lab_orders
    FROM lab_events
    GROUP BY provider_id
),

prescription_metrics AS (
    SELECT
        provider_id,
        COUNT(*) AS total_prescriptions
    FROM prescriptions
    GROUP BY provider_id
)

SELECT
    md5(cast(coalesce(cast(p.provider_id as TEXT), '_dbt_utils_surrogate_key_null_') as TEXT)) AS provider_performance_key,
    p.provider_id,

    p.provider_full_name,
    p.provider_specialty,
    p.provider_city,
    p.provider_state_code,

   
    COALESCE(em.total_encounters, 0) AS total_encounters,
    COALESCE(em.unique_patients, 0) AS unique_patients,
    COALESCE(dm.total_diagnoses, 0) AS total_diagnoses,
    COALESCE(lm.total_lab_orders, 0) AS total_lab_orders,
    COALESCE(pm.total_prescriptions, 0) AS total_prescriptions,
    COALESCE(em.mortality_rate, 0) AS mortality_rate

FROM providers p

LEFT JOIN encounter_metrics em
    ON p.provider_id = em.provider_id

LEFT JOIN diagnosis_metrics dm
    ON p.provider_id = dm.provider_id

LEFT JOIN lab_metrics lm
    ON p.provider_id = lm.provider_id

LEFT JOIN prescription_metrics pm
    ON p.provider_id = pm.provider_id
    )

/* {"app": "dbt", "dbt_version": "1.11.7", "profile_name": "raqib_sf", "target_name": "dev", "node_id": "model.raqib_sf.fact_providers_performance"} */;
[0m08:14:55.308353 [debug] [Thread-5 (]: SQL status: SUCCESS 4500 in 0.765 seconds
[0m08:14:55.310947 [debug] [Thread-5 (]: Sending event: {'category': 'dbt', 'action': 'run_model', 'label': '50a6a900-c682-4638-8026-e1b0c95b5ce2', 'context': [<snowplow_tracker.self_describing_json.SelfDescribingJson object at 0x000001E4AEF2B170>]}
[0m08:14:55.310947 [info ] [Thread-5 (]: 10 of 20 OK created sql table model prod.dbt_dev_marts.dim_provider ............ [[32mSUCCESS 4500[0m in 0.79s]
[0m08:14:55.311948 [debug] [Thread-5 (]: Finished running node model.raqib_sf.dim_provider
[0m08:14:55.312947 [debug] [Thread-5 (]: Began running node model.raqib_sf.int_encounters
[0m08:14:55.312947 [info ] [Thread-5 (]: 12 of 20 START sql view model dbt_dev.int_encounters ........................... [RUN]
[0m08:14:55.313947 [debug] [Thread-5 (]: Re-using an available connection from the pool (formerly model.raqib_sf.dim_provider, now model.raqib_sf.int_encounters)
[0m08:14:55.313947 [debug] [Thread-5 (]: Began compiling node model.raqib_sf.int_encounters
[0m08:14:55.349926 [debug] [Thread-5 (]: Writing injected SQL for node "model.raqib_sf.int_encounters"
[0m08:14:55.350928 [debug] [Thread-5 (]: Began executing node model.raqib_sf.int_encounters
[0m08:14:55.356203 [debug] [Thread-5 (]: Writing runtime sql for node "model.raqib_sf.int_encounters"
[0m08:14:55.362292 [debug] [Thread-5 (]: Using snowflake connection "model.raqib_sf.int_encounters"
[0m08:14:55.363342 [debug] [Thread-5 (]: On model.raqib_sf.int_encounters: create or replace   view dev.dbt_dev.int_encounters
  
  
  
  
  as (
    WITH  __dbt__cte__stg_admissions as (
WITH raw_admissions AS (
    SELECT * 
    FROM raw.public.admissions
)

SELECT 
    admission_id,
    patient_id,
    admission_provider_id                                       AS provider_id,
    CAST(ADMISSION_DATETIME_IN AS TIMESTAMP)                    AS admitted_at,
    CAST(ADMISSION_DATETIME_OUT AS TIMESTAMP)                   AS discharged_at,
    UPPER(LEFT(admission_type, 1)) 
        || LOWER(SUBSTR(admission_type, 2))                     AS admission_type,
    admission_location,
    discharge_location,
    INITCAP(insurance_type)                                     AS insurance_type,
    total_cost,
    payer_coverage,
    hospital_expire_flag,
    primary_sdk
FROM raw_admissions
),  __dbt__cte__stg_patients as (
WITH raw_patients AS (
    SELECT *
    FROM raw.public.patients
)

SELECT 
    patient_id,
    ssn,
    INITCAP(first_name || ' ' || last_name) AS full_name,
    birthdate::DATE AS birthdate,
    YEAR(birthdate::DATE) AS birth_year,
    deathdate::DATE AS deathdate,
    CASE 
        WHEN deathdate IS NOT NULL THEN TRUE
        ELSE FALSE
    END AS is_dead,
    blood_type,
    CASE 
        WHEN marital = 'S' THEN 'Single'
        WHEN marital = 'M' THEN 'Married'
        WHEN marital = 'D' THEN 'Divorced'
        WHEN marital = 'W' THEN 'Widowed'
    END AS marital_status,
    INITCAP(REPLACE(race, '/', ' / ')) AS race,
    CASE
        WHEN UPPER(TRIM(ethnicity)) IN ('HISPANIC', 'HISPANIC OR LATINO')
            THEN 'Hispanic or Latino'
        WHEN UPPER(TRIM(ethnicity)) IN ('NONHISPANIC', 'NOT HISPANIC OR LATINO')
            THEN 'Not Hispanic or Latino'
        ELSE 'Unknown'
    END AS ethnicity,
    CASE 
        WHEN gender = 'F' THEN 'Female'
        WHEN gender = 'M' THEN 'Male'
        ELSE 'Unknown'
    END AS gender,
    INITCAP(language) AS spoken_language,
    INITCAP(TRIM(SPLIT_PART(birthplace, ',', 1))) AS birth_city,
    CASE UPPER(TRIM(SPLIT_PART(birthplace, ',',2)))
    WHEN 'CT' THEN 'Connecticut'
    WHEN 'ME' THEN 'Maine'
    WHEN 'MA' THEN 'Massachusetts'
    WHEN 'NH' THEN 'New Hampshire'
    WHEN 'RI' THEN 'Rhode Island'
    WHEN 'VT' THEN 'Vermont'
    WHEN 'NY' THEN 'New York'
    END AS birth_state,
    address,
    INITCAP(city) AS city,
    CASE UPPER(TRIM(country))
        WHEN 'US' THEN 'United States'
        WHEN 'UK' THEN 'United Kingdom' 
    END AS country,
    CAST(healthcare_expenses AS FLOAT) AS healthcare_expenses,
    CAST(healthcare_coverage AS FLOAT) AS healthcare_coverage,
    income AS income_usd
  
FROM raw_patients
),  __dbt__cte__stg_providers as (
WITH raw_providers AS (
    SELECT * 
    FROM raw.public.providers
)

SELECT 
    npi AS provider_id,
    INITCAP(provider_first_name || ' ' || provider_last_name) AS provider_full_name,
    INITCAP(provider_name_prefix) AS provider_name_prefix,
    REGEXP_LIKE(provider_name_prefix, '\\.$') AS is_valid_prefix,
    INITCAP(provider_address) AS provider_address,
    INITCAP(provider_city) AS provider_city,
    TRIM(provider_state_code) AS provider_state_code,
    TRIM(provider_country_code) AS provider_country_code,
    provider_postal_code,
    CASE 
        WHEN provider_sex_code = 'M' OR provider_sex_code = 'm' THEN 'Male'
        WHEN provider_sex_code = 'F' OR provider_sex_code = 'f' THEN 'Female'
        ELSE 'Unknown'
    END AS provider_gender,
    provider_telephone_number,
    CAST(provider_enumeration_date AS DATE) AS provider_enumeration_date,
    CASE 
        WHEN CAST(provider_enumeration_date AS DATE) IS NOT NULL THEN TRUE
        ELSE FALSE
    END AS is_valid_enumeration_date,
    CAST(provider_join_date AS DATE) AS provider_join_date,
    CASE 
        WHEN DATE(provider_join_date, 'YYYY-MM-DD') IS NOT NULL THEN TRUE
        ELSE FALSE
    END AS is_valid_join_date,
    provider_specialty

FROM raw_providers
), admissions AS (
    SELECT *
    FROM __dbt__cte__stg_admissions
),

patients AS (
    SELECT *
    FROM __dbt__cte__stg_patients
),

providers AS (
    SELECT *
    FROM __dbt__cte__stg_providers
),

base AS (
    SELECT
        md5(cast(coalesce(cast(a.admission_id as TEXT), '_dbt_utils_surrogate_key_null_') as TEXT))  AS encounter_key,
        a.admission_id,
        a.patient_id,
        a.provider_id,
        a.primary_sdk,
        a.admitted_at,
        a.discharged_at,

        CASE
            WHEN a.discharged_at IS NULL THEN TRUE
            ELSE FALSE
        END                                                         AS is_active_encounter,

        a.admission_type,
        a.admission_location,
        a.discharge_location,
        a.total_cost,
        a.payer_coverage,
        a.hospital_expire_flag,
        p.birthdate,
        pr.provider_specialty

    FROM admissions a
    LEFT JOIN patients p  ON a.patient_id  = p.patient_id
    LEFT JOIN providers pr ON a.provider_id = pr.provider_id
),

final AS (
    SELECT
        encounter_key,
        admission_id,
        patient_id,
        provider_id,
        primary_sdk,
        provider_specialty,

        admitted_at,
        discharged_at,
        is_active_encounter,

        DATEDIFF(
            'day',
            admitted_at,
            COALESCE(discharged_at, CURRENT_TIMESTAMP)
        )                                                           AS length_of_stay_days,

        admission_type,
        admission_location,
        discharge_location,

        total_cost,
        payer_coverage,

        ROUND(
            payer_coverage / NULLIF(total_cost, 0) * 100, 1
        )                                                           AS coverage_percentage,

        total_cost - payer_coverage                                 AS out_of_pocket_cost,

        DATEDIFF(
            'year',
            birthdate,
            admitted_at
        )                                                           AS age_at_admission,

        CASE
            WHEN DATEDIFF('year', birthdate, admitted_at) < 12
                THEN 'Child'
            WHEN DATEDIFF('year', birthdate, admitted_at) BETWEEN 12 AND 17
                THEN 'Teen'
            WHEN DATEDIFF('year', birthdate, admitted_at) BETWEEN 18 AND 60
                THEN 'Adult'
            ELSE 'Senior'
        END                                                         AS age_group,

        CASE
            WHEN hospital_expire_flag THEN 'Deceased'
            ELSE 'Alive'
        END                                                         AS discharge_status

    FROM base
)

SELECT *
FROM final
  )
/* {"app": "dbt", "dbt_version": "1.11.7", "profile_name": "raqib_sf", "target_name": "dev", "node_id": "model.raqib_sf.int_encounters"} */;
[0m08:14:55.490049 [debug] [Thread-4 (]: SQL status: SUCCESS 115063 in 1.276 seconds
[0m08:14:55.495050 [debug] [Thread-4 (]: Sending event: {'category': 'dbt', 'action': 'run_model', 'label': '50a6a900-c682-4638-8026-e1b0c95b5ce2', 'context': [<snowplow_tracker.self_describing_json.SelfDescribingJson object at 0x000001E4AEF43D70>]}
[0m08:14:55.497047 [info ] [Thread-4 (]: 9 of 20 OK created sql table model prod.dbt_dev_marts.dim_patients ............. [[32mSUCCESS 115063[0m in 1.31s]
[0m08:14:55.498093 [debug] [Thread-4 (]: Finished running node model.raqib_sf.dim_patients
[0m08:14:55.499203 [debug] [Thread-4 (]: Began running node model.raqib_sf.dim_services
[0m08:14:55.500641 [info ] [Thread-4 (]: 13 of 20 START sql table model prod.dbt_dev_marts.dim_services ................. [RUN]
[0m08:14:55.501665 [debug] [Thread-4 (]: Re-using an available connection from the pool (formerly model.raqib_sf.dim_patients, now model.raqib_sf.dim_services)
[0m08:14:55.502667 [debug] [Thread-4 (]: Began compiling node model.raqib_sf.dim_services
[0m08:14:55.513660 [debug] [Thread-4 (]: Writing injected SQL for node "model.raqib_sf.dim_services"
[0m08:14:55.515663 [debug] [Thread-4 (]: Began executing node model.raqib_sf.dim_services
[0m08:14:55.520676 [debug] [Thread-4 (]: Writing runtime sql for node "model.raqib_sf.dim_services"
[0m08:14:55.523671 [debug] [Thread-4 (]: Using snowflake connection "model.raqib_sf.dim_services"
[0m08:14:55.523671 [debug] [Thread-4 (]: On model.raqib_sf.dim_services: create or replace transient table prod.dbt_dev_marts.dim_services
    
    
    
    as (

with  __dbt__cte__stg_services as (
WITH raw_services AS (
    SELECT *
    FROM raw.public.services
)

SELECT 
    patient_id,
    admission_id,
    service_id,
    REGEXP_LIKE(service_id, '^SVC[0-9]+$') AS is_valid_service_id,
    CASE 
        WHEN CONTAINS(service_name, '–') 
        THEN TRIM(SPLIT_PART(service_name, '–', 1))
        WHEN CONTAINS(service_name, '(')
        THEN TRIM(SPLIT_PART(service_name, '(', 1))
        ELSE service_name 
    END AS service_name,

    CASE 
        WHEN CONTAINS(service_name, '–')
        THEN TRIM(SPLIT_PART(service_name, '–', 2))
        WHEN CONTAINS(service_name, '(')
        THEN TRIM(REPLACE(SPLIT_PART(service_name, '(', 2), ')', ''))
        ELSE NULL
    END AS service_sub_type,
    INITCAP(category) AS category,
    TRY_CAST(cost AS FLOAT) AS cost,
    duration AS service_duration_in_minutes
    
FROM raw_services
), services as (
    select *
    from __dbt__cte__stg_services
)

select    
    md5(cast(coalesce(cast(service_id as TEXT), '_dbt_utils_surrogate_key_null_') as TEXT)) AS service_dim_key,
    service_name,
    service_sub_type,
    category 
from services
    )

/* {"app": "dbt", "dbt_version": "1.11.7", "profile_name": "raqib_sf", "target_name": "dev", "node_id": "model.raqib_sf.dim_services"} */;
[0m08:14:55.678849 [debug] [Thread-5 (]: SQL status: SUCCESS 1 in 0.314 seconds
[0m08:14:55.687842 [debug] [Thread-5 (]: Sending event: {'category': 'dbt', 'action': 'run_model', 'label': '50a6a900-c682-4638-8026-e1b0c95b5ce2', 'context': [<snowplow_tracker.self_describing_json.SelfDescribingJson object at 0x000001E4AEDF9880>]}
[0m08:14:55.690786 [info ] [Thread-5 (]: 12 of 20 OK created sql view model dbt_dev.int_encounters ...................... [[32mSUCCESS 1[0m in 0.37s]
[0m08:14:55.694841 [debug] [Thread-5 (]: Finished running node model.raqib_sf.int_encounters
[0m08:14:55.696839 [debug] [Thread-5 (]: Began running node model.raqib_sf.fact_lab_results
[0m08:14:55.698827 [info ] [Thread-5 (]: 14 of 20 START sql table model prod.dbt_dev_marts.fact_lab_results ............. [RUN]
[0m08:14:55.701765 [debug] [Thread-5 (]: Re-using an available connection from the pool (formerly model.raqib_sf.int_encounters, now model.raqib_sf.fact_lab_results)
[0m08:14:55.703151 [debug] [Thread-5 (]: Began compiling node model.raqib_sf.fact_lab_results
[0m08:14:55.710976 [debug] [Thread-5 (]: Writing injected SQL for node "model.raqib_sf.fact_lab_results"
[0m08:14:55.713300 [debug] [Thread-5 (]: Began executing node model.raqib_sf.fact_lab_results
[0m08:14:55.718922 [debug] [Thread-5 (]: Writing runtime sql for node "model.raqib_sf.fact_lab_results"
[0m08:14:55.720927 [debug] [Thread-5 (]: Using snowflake connection "model.raqib_sf.fact_lab_results"
[0m08:14:55.721470 [debug] [Thread-5 (]: On model.raqib_sf.fact_lab_results: create or replace transient table prod.dbt_dev_marts.fact_lab_results
    
    
    
    as (SELECT
    lab_event_key,
    lab_event_id,
    patient_id,
    admission_id,
    provider_id,
    specimen_id,
    item_id,
    lab_done_at,
    lab_stored_at,
    test_name,
    label_sub_type,
    fluid,
    category_type,
    category_sub_type,
    specialty_1,
    specialty_2,
    result_value,
    measurement_unit,
    range_lower,
    range_higher,
    abnormal_flag,
    cost
FROM dev.dbt_dev.int_lab_analysis
    )

/* {"app": "dbt", "dbt_version": "1.11.7", "profile_name": "raqib_sf", "target_name": "dev", "node_id": "model.raqib_sf.fact_lab_results"} */;
[0m08:14:56.210905 [debug] [Thread-2 (]: SQL status: SUCCESS 500000 in 2.644 seconds
[0m08:14:56.223288 [debug] [Thread-2 (]: Sending event: {'category': 'dbt', 'action': 'run_model', 'label': '50a6a900-c682-4638-8026-e1b0c95b5ce2', 'context': [<snowplow_tracker.self_describing_json.SelfDescribingJson object at 0x000001E4AECE8B30>]}
[0m08:14:56.226292 [info ] [Thread-2 (]: 5 of 20 OK created sql table model prod.dbt_dev_marts.dim_diagnosis ............ [[32mSUCCESS 500000[0m in 2.67s]
[0m08:14:56.229226 [debug] [Thread-2 (]: Finished running node model.raqib_sf.dim_diagnosis
[0m08:14:56.230226 [debug] [Thread-2 (]: Began running node model.raqib_sf.fact_encounters
[0m08:14:56.232232 [info ] [Thread-2 (]: 15 of 20 START sql table model prod.dbt_dev_marts.fact_encounters .............. [RUN]
[0m08:14:56.234348 [debug] [Thread-2 (]: Re-using an available connection from the pool (formerly model.raqib_sf.dim_diagnosis, now model.raqib_sf.fact_encounters)
[0m08:14:56.235339 [debug] [Thread-2 (]: Began compiling node model.raqib_sf.fact_encounters
[0m08:14:56.241421 [debug] [Thread-2 (]: Writing injected SQL for node "model.raqib_sf.fact_encounters"
[0m08:14:56.243387 [debug] [Thread-2 (]: Began executing node model.raqib_sf.fact_encounters
[0m08:14:56.247475 [debug] [Thread-2 (]: Writing runtime sql for node "model.raqib_sf.fact_encounters"
[0m08:14:56.249475 [debug] [Thread-2 (]: Using snowflake connection "model.raqib_sf.fact_encounters"
[0m08:14:56.251023 [debug] [Thread-2 (]: On model.raqib_sf.fact_encounters: create or replace transient table prod.dbt_dev_marts.fact_encounters
    
    
    
    as (SELECT
    encounter_key,
    admission_id,
    patient_id,
    provider_id,
    primary_sdk,
    provider_specialty,
    admitted_at,
    discharged_at,
    is_active_encounter,
    length_of_stay_days,
    admission_type,
    admission_location,
    discharge_location,
    total_cost,
    payer_coverage,
    coverage_percentage,
    out_of_pocket_cost,
    age_at_admission,
    age_group,
    discharge_status
FROM dev.dbt_dev.int_encounters
    )

/* {"app": "dbt", "dbt_version": "1.11.7", "profile_name": "raqib_sf", "target_name": "dev", "node_id": "model.raqib_sf.fact_encounters"} */;
[0m08:14:56.931022 [debug] [Thread-3 (]: SQL status: SUCCESS 4500 in 2.224 seconds
[0m08:14:56.933440 [debug] [Thread-3 (]: Sending event: {'category': 'dbt', 'action': 'run_model', 'label': '50a6a900-c682-4638-8026-e1b0c95b5ce2', 'context': [<snowplow_tracker.self_describing_json.SelfDescribingJson object at 0x000001E4AED51B50>]}
[0m08:14:56.933440 [info ] [Thread-3 (]: 11 of 20 OK created sql table model prod.dbt_dev_marts.fact_providers_performance  [[32mSUCCESS 4500[0m in 2.28s]
[0m08:14:56.934767 [debug] [Thread-3 (]: Finished running node model.raqib_sf.fact_providers_performance
[0m08:14:56.935784 [debug] [Thread-3 (]: Began running node model.raqib_sf.fact_patient_finances
[0m08:14:56.935784 [info ] [Thread-3 (]: 16 of 20 START sql table model prod.dbt_dev_marts.fact_patient_finances ........ [RUN]
[0m08:14:56.936766 [debug] [Thread-3 (]: Re-using an available connection from the pool (formerly model.raqib_sf.fact_providers_performance, now model.raqib_sf.fact_patient_finances)
[0m08:14:56.936766 [debug] [Thread-3 (]: Began compiling node model.raqib_sf.fact_patient_finances
[0m08:14:57.081605 [debug] [Thread-3 (]: Writing injected SQL for node "model.raqib_sf.fact_patient_finances"
[0m08:14:57.083561 [debug] [Thread-3 (]: Began executing node model.raqib_sf.fact_patient_finances
[0m08:14:57.087926 [debug] [Thread-3 (]: Writing runtime sql for node "model.raqib_sf.fact_patient_finances"
[0m08:14:57.092188 [debug] [Thread-3 (]: Using snowflake connection "model.raqib_sf.fact_patient_finances"
[0m08:14:57.093188 [debug] [Thread-3 (]: On model.raqib_sf.fact_patient_finances: create or replace transient table prod.dbt_dev_marts.fact_patient_finances
    
    
    
    as (WITH  __dbt__cte__stg_patients as (
WITH raw_patients AS (
    SELECT *
    FROM raw.public.patients
)

SELECT 
    patient_id,
    ssn,
    INITCAP(first_name || ' ' || last_name) AS full_name,
    birthdate::DATE AS birthdate,
    YEAR(birthdate::DATE) AS birth_year,
    deathdate::DATE AS deathdate,
    CASE 
        WHEN deathdate IS NOT NULL THEN TRUE
        ELSE FALSE
    END AS is_dead,
    blood_type,
    CASE 
        WHEN marital = 'S' THEN 'Single'
        WHEN marital = 'M' THEN 'Married'
        WHEN marital = 'D' THEN 'Divorced'
        WHEN marital = 'W' THEN 'Widowed'
    END AS marital_status,
    INITCAP(REPLACE(race, '/', ' / ')) AS race,
    CASE
        WHEN UPPER(TRIM(ethnicity)) IN ('HISPANIC', 'HISPANIC OR LATINO')
            THEN 'Hispanic or Latino'
        WHEN UPPER(TRIM(ethnicity)) IN ('NONHISPANIC', 'NOT HISPANIC OR LATINO')
            THEN 'Not Hispanic or Latino'
        ELSE 'Unknown'
    END AS ethnicity,
    CASE 
        WHEN gender = 'F' THEN 'Female'
        WHEN gender = 'M' THEN 'Male'
        ELSE 'Unknown'
    END AS gender,
    INITCAP(language) AS spoken_language,
    INITCAP(TRIM(SPLIT_PART(birthplace, ',', 1))) AS birth_city,
    CASE UPPER(TRIM(SPLIT_PART(birthplace, ',',2)))
    WHEN 'CT' THEN 'Connecticut'
    WHEN 'ME' THEN 'Maine'
    WHEN 'MA' THEN 'Massachusetts'
    WHEN 'NH' THEN 'New Hampshire'
    WHEN 'RI' THEN 'Rhode Island'
    WHEN 'VT' THEN 'Vermont'
    WHEN 'NY' THEN 'New York'
    END AS birth_state,
    address,
    INITCAP(city) AS city,
    CASE UPPER(TRIM(country))
        WHEN 'US' THEN 'United States'
        WHEN 'UK' THEN 'United Kingdom' 
    END AS country,
    CAST(healthcare_expenses AS FLOAT) AS healthcare_expenses,
    CAST(healthcare_coverage AS FLOAT) AS healthcare_coverage,
    income AS income_usd
  
FROM raw_patients
), patients AS (
    SELECT
        patient_id,
        healthcare_expenses,
        healthcare_coverage,
        income_usd
    FROM __dbt__cte__stg_patients
),

encounter_finances AS (
    SELECT
        patient_id,
        SUM(total_cost)          AS total_admissions_cost,
        SUM(payer_coverage)      AS total_payer_coverage,
        SUM(out_of_pocket_cost)  AS total_out_of_pocket,
        AVG(coverage_percentage) AS avg_coverage_percentage
    FROM dev.dbt_dev.int_encounters
    GROUP BY patient_id
)

SELECT
    md5(cast(coalesce(cast(p.patient_id as TEXT), '_dbt_utils_surrogate_key_null_') as TEXT)) AS patient_key,
    p.patient_id,
    p.healthcare_expenses,
    p.healthcare_coverage,
    p.income_usd,
    COALESCE(ef.total_admissions_cost, 0)    AS total_admissions_cost,
    COALESCE(ef.total_payer_coverage, 0)     AS total_payer_coverage,
    COALESCE(ef.total_out_of_pocket, 0)      AS total_out_of_pocket,
    COALESCE(ef.avg_coverage_percentage, 0)  AS avg_coverage_percentage
FROM patients p
LEFT JOIN encounter_finances ef ON p.patient_id = ef.patient_id
    )

/* {"app": "dbt", "dbt_version": "1.11.7", "profile_name": "raqib_sf", "target_name": "dev", "node_id": "model.raqib_sf.fact_patient_finances"} */;
[0m08:14:58.002726 [debug] [Thread-4 (]: SQL status: SUCCESS 1663395 in 2.478 seconds
[0m08:14:58.011684 [debug] [Thread-4 (]: Sending event: {'category': 'dbt', 'action': 'run_model', 'label': '50a6a900-c682-4638-8026-e1b0c95b5ce2', 'context': [<snowplow_tracker.self_describing_json.SelfDescribingJson object at 0x000001E4AEE155E0>]}
[0m08:14:58.013832 [info ] [Thread-4 (]: 13 of 20 OK created sql table model prod.dbt_dev_marts.dim_services ............ [[32mSUCCESS 1663395[0m in 2.51s]
[0m08:14:58.016776 [debug] [Thread-4 (]: Finished running node model.raqib_sf.dim_services
[0m08:14:58.017775 [debug] [Thread-4 (]: Began running node model.raqib_sf.fact_patient_services
[0m08:14:58.019760 [info ] [Thread-4 (]: 17 of 20 START sql table model prod.dbt_dev_marts.fact_patient_services ........ [RUN]
[0m08:14:58.020761 [debug] [Thread-4 (]: Re-using an available connection from the pool (formerly model.raqib_sf.dim_services, now model.raqib_sf.fact_patient_services)
[0m08:14:58.021762 [debug] [Thread-4 (]: Began compiling node model.raqib_sf.fact_patient_services
[0m08:14:58.040365 [debug] [Thread-4 (]: Writing injected SQL for node "model.raqib_sf.fact_patient_services"
[0m08:14:58.042363 [debug] [Thread-4 (]: Began executing node model.raqib_sf.fact_patient_services
[0m08:14:58.046561 [debug] [Thread-4 (]: Writing runtime sql for node "model.raqib_sf.fact_patient_services"
[0m08:14:58.048561 [debug] [Thread-4 (]: Using snowflake connection "model.raqib_sf.fact_patient_services"
[0m08:14:58.049559 [debug] [Thread-4 (]: On model.raqib_sf.fact_patient_services: create or replace transient table prod.dbt_dev_marts.fact_patient_services
    
    
    
    as (WITH  __dbt__cte__stg_services as (
WITH raw_services AS (
    SELECT *
    FROM raw.public.services
)

SELECT 
    patient_id,
    admission_id,
    service_id,
    REGEXP_LIKE(service_id, '^SVC[0-9]+$') AS is_valid_service_id,
    CASE 
        WHEN CONTAINS(service_name, '–') 
        THEN TRIM(SPLIT_PART(service_name, '–', 1))
        WHEN CONTAINS(service_name, '(')
        THEN TRIM(SPLIT_PART(service_name, '(', 1))
        ELSE service_name 
    END AS service_name,

    CASE 
        WHEN CONTAINS(service_name, '–')
        THEN TRIM(SPLIT_PART(service_name, '–', 2))
        WHEN CONTAINS(service_name, '(')
        THEN TRIM(REPLACE(SPLIT_PART(service_name, '(', 2), ')', ''))
        ELSE NULL
    END AS service_sub_type,
    INITCAP(category) AS category,
    TRY_CAST(cost AS FLOAT) AS cost,
    duration AS service_duration_in_minutes
    
FROM raw_services
), services AS (
    SELECT *
    FROM __dbt__cte__stg_services
)

SELECT
    md5(cast(coalesce(cast(s.service_id as TEXT), '_dbt_utils_surrogate_key_null_') || '-' || coalesce(cast(s.patient_id as TEXT), '_dbt_utils_surrogate_key_null_') || '-' || coalesce(cast(s.admission_id as TEXT), '_dbt_utils_surrogate_key_null_') as TEXT)) AS service_key,
    dp.patient_key,
    ie.encounter_key,
    s.service_id,
    s.patient_id,
    s.admission_id,
    s.cost,
    s.service_duration_in_minutes
FROM services s
LEFT JOIN prod.dbt_dev_marts.dim_patients dp ON s.patient_id = dp.patient_id
LEFT JOIN dev.dbt_dev.int_encounters ie ON s.admission_id = ie.admission_id
    )

/* {"app": "dbt", "dbt_version": "1.11.7", "profile_name": "raqib_sf", "target_name": "dev", "node_id": "model.raqib_sf.fact_patient_services"} */;
[0m08:14:58.698768 [debug] [Thread-3 (]: SQL status: SUCCESS 115063 in 1.605 seconds
[0m08:14:58.707316 [debug] [Thread-3 (]: Sending event: {'category': 'dbt', 'action': 'run_model', 'label': '50a6a900-c682-4638-8026-e1b0c95b5ce2', 'context': [<snowplow_tracker.self_describing_json.SelfDescribingJson object at 0x000001E4AEEF7380>]}
[0m08:14:58.710447 [info ] [Thread-3 (]: 16 of 20 OK created sql table model prod.dbt_dev_marts.fact_patient_finances ... [[32mSUCCESS 115063[0m in 1.77s]
[0m08:14:58.713392 [debug] [Thread-3 (]: Finished running node model.raqib_sf.fact_patient_finances
[0m08:14:58.715389 [debug] [Thread-3 (]: Began running node model.raqib_sf.fact_transfers
[0m08:14:58.718412 [info ] [Thread-3 (]: 18 of 20 START sql table model prod.dbt_dev_marts.fact_transfers ............... [RUN]
[0m08:14:58.719386 [debug] [Thread-3 (]: Re-using an available connection from the pool (formerly model.raqib_sf.fact_patient_finances, now model.raqib_sf.fact_transfers)
[0m08:14:58.721577 [debug] [Thread-3 (]: Began compiling node model.raqib_sf.fact_transfers
[0m08:14:58.751041 [debug] [Thread-3 (]: Writing injected SQL for node "model.raqib_sf.fact_transfers"
[0m08:14:58.752042 [debug] [Thread-3 (]: Began executing node model.raqib_sf.fact_transfers
[0m08:14:58.756300 [debug] [Thread-3 (]: Writing runtime sql for node "model.raqib_sf.fact_transfers"
[0m08:14:58.760294 [debug] [Thread-3 (]: Using snowflake connection "model.raqib_sf.fact_transfers"
[0m08:14:58.760294 [debug] [Thread-3 (]: On model.raqib_sf.fact_transfers: create or replace transient table prod.dbt_dev_marts.fact_transfers
    
    
    
    as (with __dbt__cte__stg_transfers as (
WITH raw_transfers AS (
    SELECT *
    FROM raw.public.transfers
)

SELECT 
    transfer_id,
    patient_id,
    admission_id,
    from_department,
    to_department,
    (from_department = to_department) AS is_same_department_transfer,
    CAST(transfer_datetime AS TIMESTAMP) AS transfer_datetime,
    transfer_reason
    
FROM raw_transfers
) SELECT
    md5(cast(coalesce(cast(t.transfer_id as TEXT), '_dbt_utils_surrogate_key_null_') || '-' || coalesce(cast(t.patient_id as TEXT), '_dbt_utils_surrogate_key_null_') || '-' || coalesce(cast(t.admission_id as TEXT), '_dbt_utils_surrogate_key_null_') as TEXT))                                       AS transfer_key,

    t.transfer_id,
    dp.patient_key,
    ie.encounter_key,
    dd.date_key                                 AS transfer_date_key,
    dt.time_key                                 AS transfer_time_key,
    t.from_department,
    t.to_department,
    t.is_same_department_transfer,
    t.transfer_reason

FROM __dbt__cte__stg_transfers t
LEFT JOIN prod.dbt_dev_marts.dim_patients dp
    ON t.patient_id = dp.patient_id
LEFT JOIN dev.dbt_dev.int_encounters ie
    ON t.admission_id = ie.admission_id
LEFT JOIN prod.dbt_dev_marts.dim_date dd
    ON CAST(t.transfer_datetime AS DATE) = dd.date_bk
LEFT JOIN prod.dbt_dev_marts.dim_time dt
    ON CAST(t.transfer_datetime AS TIME) = dt.time_bk
    )

/* {"app": "dbt", "dbt_version": "1.11.7", "profile_name": "raqib_sf", "target_name": "dev", "node_id": "model.raqib_sf.fact_transfers"} */;
[0m08:15:00.845790 [debug] [Thread-3 (]: SQL status: SUCCESS 119591 in 2.084 seconds
[0m08:15:00.858909 [debug] [Thread-3 (]: Sending event: {'category': 'dbt', 'action': 'run_model', 'label': '50a6a900-c682-4638-8026-e1b0c95b5ce2', 'context': [<snowplow_tracker.self_describing_json.SelfDescribingJson object at 0x000001E4AD1E31D0>]}
[0m08:15:00.860993 [info ] [Thread-3 (]: 18 of 20 OK created sql table model prod.dbt_dev_marts.fact_transfers .......... [[32mSUCCESS 119591[0m in 2.14s]
[0m08:15:00.863264 [debug] [Thread-3 (]: Finished running node model.raqib_sf.fact_transfers
[0m08:15:00.864204 [debug] [Thread-3 (]: Began running node model.raqib_sf.int_clinical_events
[0m08:15:00.865259 [info ] [Thread-3 (]: 19 of 20 START sql view model dbt_dev.int_clinical_events ...................... [RUN]
[0m08:15:00.866390 [debug] [Thread-3 (]: Re-using an available connection from the pool (formerly model.raqib_sf.fact_transfers, now model.raqib_sf.int_clinical_events)
[0m08:15:00.867699 [debug] [Thread-3 (]: Began compiling node model.raqib_sf.int_clinical_events
[0m08:15:00.906849 [debug] [Thread-3 (]: Writing injected SQL for node "model.raqib_sf.int_clinical_events"
[0m08:15:00.907905 [debug] [Thread-3 (]: Began executing node model.raqib_sf.int_clinical_events
[0m08:15:00.910908 [debug] [Thread-3 (]: Writing runtime sql for node "model.raqib_sf.int_clinical_events"
[0m08:15:00.915918 [debug] [Thread-3 (]: Using snowflake connection "model.raqib_sf.int_clinical_events"
[0m08:15:00.916905 [debug] [Thread-3 (]: On model.raqib_sf.int_clinical_events: create or replace   view dev.dbt_dev.int_clinical_events
  
  
  
  
  as (
    WITH  __dbt__cte__stg_diagnosis as (
WITH raw_diagnosis AS (
    SELECT * 
    FROM raw.public.diagnosis
)

SELECT 
    diagnosis_id,
    patient_id,
    admission_id,
    provider_id,
    sub_domain_key,
    TRIM(REGEXP_REPLACE(description, '\\s*\\([^)]+\\)', '')) AS description,
    REGEXP_SUBSTR(description, '\\(([^)]+)\\)', 1, 1, 'e', 1) AS description_type,
    TRIM(SPLIT_PART(REGEXP_REPLACE(SPLIT_PART(sub_domain, ' – ', 2), '\\s*/\\s*', ' & '), ' & ', 1)) AS domain,
    NULLIF(TRIM(SPLIT_PART(REGEXP_REPLACE(SPLIT_PART(sub_domain, ' – ', 2), '\\s*/\\s*', ' & '), ' & ', 2)), '') AS sub_domain
FROM raw_diagnosis
),  __dbt__cte__stg_prescriptions as (
WITH raw_prescriptions AS (
    SELECT *
    FROM raw.public.prescriptions 
)
SELECT 
    prescription_id,
    patient_id,
    admission_id,
    provider_id,
    drug_id,
    CAST(prescribed_date AS TIMESTAMP) AS prescribed_date,
    INITCAP(status) AS status
FROM raw_prescriptions
),  __dbt__cte__stg_drugs as (
with raw_drugs as (
    select * 
    from raw.public.drugs
)

select 
    drug_id,
    case 
        when brand_name is not null then initcap(brand_name)
        when brand_name is null and generic_name ilike 'Atropine Sulfate Injection%' then 'AtroPen'
        when brand_name is null and generic_name ilike 'Midazolam Injection%' then 'Versed'
        when brand_name is null and generic_name = 'Tadalafil' then 'Cialis'
    end as brand_name,
    case 
        when generic_name is not null then initcap(generic_name) 
        when generic_name is null then brand_name
    end as generic_name,
    initcap(route) as route,
    indications,
    dosage,
    contraindications,
    side_effects,
    warnings,
    has_contraindications,
    has_side_effects
    
from raw_drugs
), all_events AS (
    SELECT 
        admission_id, 
        patient_id, 
        'Diagnosis'                                                      AS event_type, 
        description                                                      AS event_name, 
        NULL::TIMESTAMP                                                  AS event_date,
        NULL::FLOAT                                                      AS cost,
        diagnosis_id::VARCHAR                                            AS source_id
    FROM __dbt__cte__stg_diagnosis

    UNION ALL

    SELECT 
        le.admission_id, 
        le.patient_id, 
        'Lab'                                                            AS event_type, 
        le.test_name                                                        AS event_name, 
        le.lab_done_at                                                   AS event_date,
        le.cost,
        le.lab_event_id::VARCHAR                                         AS source_id
    FROM dev.dbt_dev.int_lab_analysis le

    UNION ALL

    SELECT 
        p.admission_id, 
        p.patient_id, 
        'Medication'                                                     AS event_type, 
        d.brand_name                                                     AS event_name, 
        p.prescribed_date                                                AS event_date,
        NULL::FLOAT                                                      AS cost,
        p.prescription_id::VARCHAR                                       AS source_id
    FROM __dbt__cte__stg_prescriptions p
    LEFT JOIN __dbt__cte__stg_drugs d 
        ON p.drug_id = d.drug_id
),

events_with_date AS (
    SELECT
        ae.admission_id,
        ae.patient_id,
        ae.event_type,
        ae.event_name,
        ae.source_id,
        ae.cost,
        COALESCE(ae.event_date, e.admitted_at)                          AS event_date
    FROM all_events ae
    LEFT JOIN dev.dbt_dev.int_encounters e 
        ON ae.admission_id = e.admission_id
)

SELECT
    md5(cast(coalesce(cast(admission_id as TEXT), '_dbt_utils_surrogate_key_null_') || '-' || coalesce(cast(event_type as TEXT), '_dbt_utils_surrogate_key_null_') || '-' || coalesce(cast(event_date as TEXT), '_dbt_utils_surrogate_key_null_') || '-' || coalesce(cast(event_name as TEXT), '_dbt_utils_surrogate_key_null_') || '-' || coalesce(cast(source_id as TEXT), '_dbt_utils_surrogate_key_null_') as TEXT))                                                                AS event_key,

    admission_id,
    patient_id,
    event_type,
    event_name,
    event_date,
    COALESCE(cost, 0)                                                    AS event_cost

FROM events_with_date
  )
/* {"app": "dbt", "dbt_version": "1.11.7", "profile_name": "raqib_sf", "target_name": "dev", "node_id": "model.raqib_sf.int_clinical_events"} */;
[0m08:15:01.323836 [debug] [Thread-3 (]: SQL status: SUCCESS 1 in 0.407 seconds
[0m08:15:01.329836 [debug] [Thread-3 (]: Sending event: {'category': 'dbt', 'action': 'run_model', 'label': '50a6a900-c682-4638-8026-e1b0c95b5ce2', 'context': [<snowplow_tracker.self_describing_json.SelfDescribingJson object at 0x000001E497FDEB40>]}
[0m08:15:01.330835 [info ] [Thread-3 (]: 19 of 20 OK created sql view model dbt_dev.int_clinical_events ................. [[32mSUCCESS 1[0m in 0.46s]
[0m08:15:01.332827 [debug] [Thread-3 (]: Finished running node model.raqib_sf.int_clinical_events
[0m08:15:01.334823 [debug] [Thread-3 (]: Began running node model.raqib_sf.fact_clinical_events
[0m08:15:01.335821 [info ] [Thread-3 (]: 20 of 20 START sql table model prod.dbt_dev_marts.fact_clinical_events ......... [RUN]
[0m08:15:01.336824 [debug] [Thread-3 (]: Re-using an available connection from the pool (formerly model.raqib_sf.int_clinical_events, now model.raqib_sf.fact_clinical_events)
[0m08:15:01.336824 [debug] [Thread-3 (]: Began compiling node model.raqib_sf.fact_clinical_events
[0m08:15:01.343090 [debug] [Thread-3 (]: Writing injected SQL for node "model.raqib_sf.fact_clinical_events"
[0m08:15:01.344035 [debug] [Thread-3 (]: Began executing node model.raqib_sf.fact_clinical_events
[0m08:15:01.350486 [debug] [Thread-3 (]: Writing runtime sql for node "model.raqib_sf.fact_clinical_events"
[0m08:15:01.352483 [debug] [Thread-3 (]: Using snowflake connection "model.raqib_sf.fact_clinical_events"
[0m08:15:01.352483 [debug] [Thread-3 (]: On model.raqib_sf.fact_clinical_events: create or replace transient table prod.dbt_dev_marts.fact_clinical_events
    
    
    
    as (SELECT
    event_key,
    admission_id,
    patient_id,
    event_type,
    event_name,
    event_date,
    event_cost
FROM dev.dbt_dev.int_clinical_events
    )

/* {"app": "dbt", "dbt_version": "1.11.7", "profile_name": "raqib_sf", "target_name": "dev", "node_id": "model.raqib_sf.fact_clinical_events"} */;
[0m08:15:01.803507 [debug] [Thread-4 (]: SQL status: SUCCESS 1663395 in 3.753 seconds
[0m08:15:01.806559 [debug] [Thread-4 (]: Sending event: {'category': 'dbt', 'action': 'run_model', 'label': '50a6a900-c682-4638-8026-e1b0c95b5ce2', 'context': [<snowplow_tracker.self_describing_json.SelfDescribingJson object at 0x000001E4AD251040>]}
[0m08:15:01.807560 [info ] [Thread-4 (]: 17 of 20 OK created sql table model prod.dbt_dev_marts.fact_patient_services ... [[32mSUCCESS 1663395[0m in 3.79s]
[0m08:15:01.807560 [debug] [Thread-4 (]: Finished running node model.raqib_sf.fact_patient_services
[0m08:15:01.906395 [debug] [Thread-5 (]: SQL status: SUCCESS 2093218 in 6.184 seconds
[0m08:15:01.913394 [debug] [Thread-5 (]: Sending event: {'category': 'dbt', 'action': 'run_model', 'label': '50a6a900-c682-4638-8026-e1b0c95b5ce2', 'context': [<snowplow_tracker.self_describing_json.SelfDescribingJson object at 0x000001E4AD2089B0>]}
[0m08:15:01.916396 [info ] [Thread-5 (]: 14 of 20 OK created sql table model prod.dbt_dev_marts.fact_lab_results ........ [[32mSUCCESS 2093218[0m in 6.21s]
[0m08:15:01.919573 [debug] [Thread-5 (]: Finished running node model.raqib_sf.fact_lab_results
[0m08:15:04.742148 [debug] [Thread-2 (]: SQL status: SUCCESS 5634706 in 8.490 seconds
[0m08:15:04.745114 [debug] [Thread-2 (]: Sending event: {'category': 'dbt', 'action': 'run_model', 'label': '50a6a900-c682-4638-8026-e1b0c95b5ce2', 'context': [<snowplow_tracker.self_describing_json.SelfDescribingJson object at 0x000001E4AEFDF5F0>]}
[0m08:15:04.746114 [info ] [Thread-2 (]: 15 of 20 OK created sql table model prod.dbt_dev_marts.fact_encounters ......... [[32mSUCCESS 5634706[0m in 8.51s]
[0m08:15:04.748072 [debug] [Thread-2 (]: Finished running node model.raqib_sf.fact_encounters
[0m08:15:05.737339 [debug] [Thread-3 (]: SQL status: SUCCESS 3361583 in 4.384 seconds
[0m08:15:05.745344 [debug] [Thread-3 (]: Sending event: {'category': 'dbt', 'action': 'run_model', 'label': '50a6a900-c682-4638-8026-e1b0c95b5ce2', 'context': [<snowplow_tracker.self_describing_json.SelfDescribingJson object at 0x000001E4AEF61AC0>]}
[0m08:15:05.748344 [info ] [Thread-3 (]: 20 of 20 OK created sql table model prod.dbt_dev_marts.fact_clinical_events .... [[32mSUCCESS 3361583[0m in 4.41s]
[0m08:15:05.751279 [debug] [Thread-3 (]: Finished running node model.raqib_sf.fact_clinical_events
[0m08:15:05.755473 [debug] [MainThread]: Connection 'master' was properly closed.
[0m08:15:05.756473 [debug] [MainThread]: Connection 'list_dev' was left open.
[0m08:15:05.756473 [debug] [MainThread]: On list_dev: Close
[0m08:15:05.936640 [debug] [MainThread]: Connection 'list_prod' was left open.
[0m08:15:05.937635 [debug] [MainThread]: On list_prod: Close
[0m08:15:06.133245 [debug] [MainThread]: Connection 'list_dev_dbt_dev' was left open.
[0m08:15:06.135253 [debug] [MainThread]: On list_dev_dbt_dev: Close
[0m08:15:06.311792 [debug] [MainThread]: Connection 'list_prod_dbt_dev_marts' was left open.
[0m08:15:06.312858 [debug] [MainThread]: On list_prod_dbt_dev_marts: Close
[0m08:15:06.494295 [debug] [MainThread]: Connection 'model.raqib_sf.fact_patient_services' was left open.
[0m08:15:06.496284 [debug] [MainThread]: On model.raqib_sf.fact_patient_services: Close
[0m08:15:06.686743 [debug] [MainThread]: Connection 'model.raqib_sf.fact_lab_results' was left open.
[0m08:15:06.688766 [debug] [MainThread]: On model.raqib_sf.fact_lab_results: Close
[0m08:15:06.869259 [debug] [MainThread]: Connection 'model.raqib_sf.fact_encounters' was left open.
[0m08:15:06.871537 [debug] [MainThread]: On model.raqib_sf.fact_encounters: Close
[0m08:15:07.049790 [debug] [MainThread]: Connection 'model.raqib_sf.fact_clinical_events' was left open.
[0m08:15:07.049790 [debug] [MainThread]: On model.raqib_sf.fact_clinical_events: Close
[0m08:15:07.223080 [info ] [MainThread]: 
[0m08:15:07.223080 [info ] [MainThread]: Finished running 17 table models, 3 view models in 0 hours 0 minutes and 17.08 seconds (17.08s).
[0m08:15:07.229117 [debug] [MainThread]: Command end result
[0m08:15:07.299520 [debug] [MainThread]: Wrote artifact WritableManifest to D:\ITI Data Engineering\ITI_GP\Raqib\Raqib\raqib_sf_dbt\target\manifest.json
[0m08:15:07.302550 [debug] [MainThread]: Wrote artifact SemanticManifest to D:\ITI Data Engineering\ITI_GP\Raqib\Raqib\raqib_sf_dbt\target\semantic_manifest.json
[0m08:15:07.308351 [debug] [MainThread]: Wrote artifact RunExecutionResult to D:\ITI Data Engineering\ITI_GP\Raqib\Raqib\raqib_sf_dbt\target\run_results.json
[0m08:15:07.309444 [info ] [MainThread]: 
[0m08:15:07.309444 [info ] [MainThread]: [32mCompleted successfully[0m
[0m08:15:07.310443 [info ] [MainThread]: 
[0m08:15:07.310443 [info ] [MainThread]: Done. PASS=20 WARN=0 ERROR=0 SKIP=0 NO-OP=0 TOTAL=20
[0m08:15:07.311446 [warn ] [MainThread]: [[33mWARNING[0m][DeprecationsSummary]: Deprecated functionality
Summary of encountered deprecations:
- MissingArgumentsPropertyInGenericTestDeprecation: 9 occurrences
To see all deprecation instances instead of just the first occurrence of each,
run command again with the `--show-all-deprecations` flag. You may also need to
run with `--no-partial-parse` as some deprecations are only encountered during
parsing.
[0m08:15:07.312443 [debug] [MainThread]: Command `dbt run` succeeded at 08:15:07.312443 after 21.06 seconds
[0m08:15:07.312443 [debug] [MainThread]: Sending event: {'category': 'dbt', 'action': 'invocation', 'label': 'end', 'context': [<snowplow_tracker.self_describing_json.SelfDescribingJson object at 0x000001E4985850A0>, <snowplow_tracker.self_describing_json.SelfDescribingJson object at 0x000001E497805730>, <snowplow_tracker.self_describing_json.SelfDescribingJson object at 0x000001E4977568A0>]}
[0m08:15:07.312443 [debug] [MainThread]: Flushing usage events
[0m08:15:08.537248 [debug] [MainThread]: An error was encountered while trying to flush usage events
[0m08:17:03.538973 [debug] [MainThread]: Sending event: {'category': 'dbt', 'action': 'invocation', 'label': 'start', 'context': [<snowplow_tracker.self_describing_json.SelfDescribingJson object at 0x000001BEF8852870>, <snowplow_tracker.self_describing_json.SelfDescribingJson object at 0x000001BEFB0715B0>, <snowplow_tracker.self_describing_json.SelfDescribingJson object at 0x000001BEFB89CFE0>]}


============================== 08:17:03.541985 | 67604e84-f1d5-4204-9624-415b86b15e80 ==============================
[0m08:17:03.541985 [info ] [MainThread]: Running with dbt=1.11.7
[0m08:17:03.542984 [debug] [MainThread]: running dbt with arguments {'static_parser': 'True', 'no_print': 'None', 'version_check': 'True', 'target_path': 'None', 'warn_error_options': 'WarnErrorOptionsV2(error=[], warn=[], silence=[])', 'printer_width': '80', 'write_json': 'True', 'empty': 'False', 'log_cache_events': 'False', 'introspect': 'True', 'cache_selected_only': 'False', 'log_format': 'default', 'debug': 'False', 'fail_fast': 'False', 'profiles_dir': 'D:\\ITI Data Engineering\\ITI_GP\\Raqib\\Raqib\\raqib_sf_dbt', 'send_anonymous_usage_stats': 'True', 'quiet': 'False', 'warn_error': 'None', 'partial_parse': 'False', 'indirect_selection': 'eager', 'use_colors': 'True', 'invocation_command': 'dbt run --full-refresh --no-partial-parse', 'use_experimental_parser': 'False', 'log_path': 'D:\\ITI Data Engineering\\ITI_GP\\Raqib\\Raqib\\raqib_sf_dbt\\logs'}
[0m08:17:04.370837 [debug] [MainThread]: Snowflake adapter: Setting snowflake.connector to ERROR (file logging only)
[0m08:17:04.370837 [debug] [MainThread]: Snowflake adapter: Setting botocore to ERROR (file logging only)
[0m08:17:04.371837 [debug] [MainThread]: Snowflake adapter: Setting boto3 to ERROR (file logging only)
[0m08:17:04.623563 [debug] [MainThread]: Sending event: {'category': 'dbt', 'action': 'project_id', 'label': '67604e84-f1d5-4204-9624-415b86b15e80', 'context': [<snowplow_tracker.self_describing_json.SelfDescribingJson object at 0x000001BEFCEF2420>]}
[0m08:17:04.688097 [debug] [MainThread]: Sending event: {'category': 'dbt', 'action': 'adapter_info', 'label': '67604e84-f1d5-4204-9624-415b86b15e80', 'context': [<snowplow_tracker.self_describing_json.SelfDescribingJson object at 0x000001BEFB89F1D0>]}
[0m08:17:04.689094 [info ] [MainThread]: Registered adapter: snowflake=1.11.4
[0m08:17:05.132230 [debug] [MainThread]: checksum: b80718358155fc17c3559352095564dd56ada1cc1a1c0ef2e62c857e71583775, vars: {}, profile: , target: , version: 1.11.7
[0m08:17:05.133229 [debug] [MainThread]: Partial parsing not enabled
[0m08:17:06.521320 [debug] [MainThread]: Sending event: {'category': 'dbt', 'action': 'experimental_parser', 'label': '67604e84-f1d5-4204-9624-415b86b15e80', 'context': [<snowplow_tracker.self_describing_json.SelfDescribingJson object at 0x000001BE9087B920>]}
[0m08:17:07.056632 [warn ] [MainThread]: [[33mWARNING[0m][MissingArgumentsPropertyInGenericTestDeprecation]: Deprecated
functionality
Found top-level arguments to test `accepted_values` defined on 'fact_encounters'
in package 'raqib_sf' (models\marts\schema.yml). Arguments to generic tests
should be nested under the `arguments` property.
[0m08:17:07.057698 [debug] [MainThread]: Sending event: {'category': 'dbt', 'action': 'deprecation', 'label': '67604e84-f1d5-4204-9624-415b86b15e80', 'property_': 'warn', 'context': [<snowplow_tracker.self_describing_json.SelfDescribingJson object at 0x000001BE9081FC20>]}
[0m08:17:07.475850 [warn ] [MainThread]: [[33mWARNING[0m]: Configuration paths exist in your dbt_project.yml file which do not apply to any resources.
There are 1 unused configuration paths:
- models.raqib_sf.intermediate
[0m08:17:07.488890 [debug] [MainThread]: Sending event: {'category': 'dbt', 'action': 'load_project', 'label': '67604e84-f1d5-4204-9624-415b86b15e80', 'context': [<snowplow_tracker.self_describing_json.SelfDescribingJson object at 0x000001BE90D82C90>]}
[0m08:17:07.612759 [debug] [MainThread]: Wrote artifact WritableManifest to D:\ITI Data Engineering\ITI_GP\Raqib\Raqib\raqib_sf_dbt\target\manifest.json
[0m08:17:07.615760 [debug] [MainThread]: Wrote artifact SemanticManifest to D:\ITI Data Engineering\ITI_GP\Raqib\Raqib\raqib_sf_dbt\target\semantic_manifest.json
[0m08:17:07.641760 [debug] [MainThread]: Sending event: {'category': 'dbt', 'action': 'resource_counts', 'label': '67604e84-f1d5-4204-9624-415b86b15e80', 'context': [<snowplow_tracker.self_describing_json.SelfDescribingJson object at 0x000001BE90E781D0>]}
[0m08:17:07.642761 [info ] [MainThread]: Found 31 models, 154 data tests, 11 sources, 639 macros
[0m08:17:07.642761 [debug] [MainThread]: Sending event: {'category': 'dbt', 'action': 'runnable_timing', 'label': '67604e84-f1d5-4204-9624-415b86b15e80', 'context': [<snowplow_tracker.self_describing_json.SelfDescribingJson object at 0x000001BEFCE9A7E0>]}
[0m08:17:07.647849 [info ] [MainThread]: 
[0m08:17:07.647849 [info ] [MainThread]: Concurrency: 4 threads (target='dev')
[0m08:17:07.648819 [info ] [MainThread]: 
[0m08:17:07.649820 [debug] [MainThread]: Acquiring new snowflake connection 'master'
[0m08:17:07.658157 [debug] [ThreadPool]: Acquiring new snowflake connection 'list_dev'
[0m08:17:07.668704 [debug] [ThreadPool]: Acquiring new snowflake connection 'list_prod'
[0m08:17:07.734696 [debug] [ThreadPool]: Using snowflake connection "list_dev"
[0m08:17:07.734696 [debug] [ThreadPool]: Using snowflake connection "list_prod"
[0m08:17:07.734696 [debug] [ThreadPool]: On list_dev: show terse schemas in database dev
    limit 10000
/* {"app": "dbt", "dbt_version": "1.11.7", "profile_name": "raqib_sf", "target_name": "dev", "connection_name": "list_dev"} */
[0m08:17:07.735699 [debug] [ThreadPool]: On list_prod: show terse schemas in database prod
    limit 10000
/* {"app": "dbt", "dbt_version": "1.11.7", "profile_name": "raqib_sf", "target_name": "dev", "connection_name": "list_prod"} */
[0m08:17:07.735699 [debug] [ThreadPool]: Opening a new connection, currently in state init
[0m08:17:07.735699 [debug] [ThreadPool]: Opening a new connection, currently in state init
[0m08:17:08.620539 [debug] [ThreadPool]: SQL status: SUCCESS 3 in 0.885 seconds
[0m08:17:08.622880 [debug] [ThreadPool]: SQL status: SUCCESS 3 in 0.886 seconds
[0m08:17:08.631902 [debug] [ThreadPool]: Acquiring new snowflake connection 'list_dev_dbt_dev'
[0m08:17:08.649920 [debug] [ThreadPool]: Using snowflake connection "list_dev_dbt_dev"
[0m08:17:08.650920 [debug] [ThreadPool]: Acquiring new snowflake connection 'list_prod_dbt_dev_marts'
[0m08:17:08.650920 [debug] [ThreadPool]: On list_dev_dbt_dev: show objects in dev.dbt_dev
    limit 10000
    

/* {"app": "dbt", "dbt_version": "1.11.7", "profile_name": "raqib_sf", "target_name": "dev", "connection_name": "list_dev_dbt_dev"} */;
[0m08:17:08.655050 [debug] [ThreadPool]: Using snowflake connection "list_prod_dbt_dev_marts"
[0m08:17:08.655050 [debug] [ThreadPool]: Opening a new connection, currently in state init
[0m08:17:08.656047 [debug] [ThreadPool]: On list_prod_dbt_dev_marts: show objects in prod.dbt_dev_marts
    limit 10000
    

/* {"app": "dbt", "dbt_version": "1.11.7", "profile_name": "raqib_sf", "target_name": "dev", "connection_name": "list_prod_dbt_dev_marts"} */;
[0m08:17:08.656047 [debug] [ThreadPool]: Opening a new connection, currently in state init
[0m08:17:09.292165 [debug] [ThreadPool]: SQL status: SUCCESS 3 in 0.637 seconds
[0m08:17:09.304194 [debug] [ThreadPool]: SQL status: SUCCESS 17 in 0.647 seconds
[0m08:17:09.318140 [debug] [MainThread]: Sending event: {'category': 'dbt', 'action': 'runnable_timing', 'label': '67604e84-f1d5-4204-9624-415b86b15e80', 'context': [<snowplow_tracker.self_describing_json.SelfDescribingJson object at 0x000001BE92595E50>]}
[0m08:17:09.326306 [debug] [Thread-2 (]: Began running node model.raqib_sf.dim_date
[0m08:17:09.327333 [debug] [Thread-3 (]: Began running node model.raqib_sf.dim_time
[0m08:17:09.329303 [debug] [Thread-4 (]: Began running node model.raqib_sf.stg_admissions
[0m08:17:09.328305 [info ] [Thread-2 (]: 1 of 20 START sql table model prod.dbt_dev_marts.dim_date ...................... [RUN]
[0m08:17:09.330337 [debug] [Thread-5 (]: Began running node model.raqib_sf.stg_diagnosis
[0m08:17:09.331336 [debug] [Thread-4 (]: Acquiring new snowflake connection 'model.raqib_sf.stg_admissions'
[0m08:17:09.329303 [info ] [Thread-3 (]: 2 of 20 START sql table model prod.dbt_dev_marts.dim_time ...................... [RUN]
[0m08:17:09.332304 [debug] [Thread-2 (]: Acquiring new snowflake connection 'model.raqib_sf.dim_date'
[0m08:17:09.333303 [debug] [Thread-5 (]: Acquiring new snowflake connection 'model.raqib_sf.stg_diagnosis'
[0m08:17:09.333303 [debug] [Thread-4 (]: Began compiling node model.raqib_sf.stg_admissions
[0m08:17:09.334303 [debug] [Thread-3 (]: Acquiring new snowflake connection 'model.raqib_sf.dim_time'
[0m08:17:09.335303 [debug] [Thread-2 (]: Began compiling node model.raqib_sf.dim_date
[0m08:17:09.335303 [debug] [Thread-5 (]: Began compiling node model.raqib_sf.stg_diagnosis
[0m08:17:09.346377 [debug] [Thread-4 (]: Writing injected SQL for node "model.raqib_sf.stg_admissions"
[0m08:17:09.346377 [debug] [Thread-3 (]: Began compiling node model.raqib_sf.dim_time
[0m08:17:09.350387 [debug] [Thread-2 (]: Writing injected SQL for node "model.raqib_sf.dim_date"
[0m08:17:09.354345 [debug] [Thread-5 (]: Writing injected SQL for node "model.raqib_sf.stg_diagnosis"
[0m08:17:09.360381 [debug] [Thread-3 (]: Writing injected SQL for node "model.raqib_sf.dim_time"
[0m08:17:09.361379 [debug] [Thread-4 (]: Finished running node model.raqib_sf.stg_admissions
[0m08:17:09.362752 [debug] [Thread-4 (]: Began running node model.raqib_sf.stg_drugs
[0m08:17:09.362752 [debug] [Thread-4 (]: Re-using an available connection from the pool (formerly model.raqib_sf.stg_admissions, now model.raqib_sf.stg_drugs)
[0m08:17:09.362752 [debug] [Thread-4 (]: Began compiling node model.raqib_sf.stg_drugs
[0m08:17:09.366799 [debug] [Thread-4 (]: Writing injected SQL for node "model.raqib_sf.stg_drugs"
[0m08:17:09.366799 [debug] [Thread-2 (]: Began executing node model.raqib_sf.dim_date
[0m08:17:09.405202 [debug] [Thread-2 (]: Writing runtime sql for node "model.raqib_sf.dim_date"
[0m08:17:09.407192 [debug] [Thread-5 (]: Finished running node model.raqib_sf.stg_diagnosis
[0m08:17:09.407192 [debug] [Thread-5 (]: Began running node model.raqib_sf.stg_emergency_contacts
[0m08:17:09.407192 [debug] [Thread-5 (]: Re-using an available connection from the pool (formerly model.raqib_sf.stg_diagnosis, now model.raqib_sf.stg_emergency_contacts)
[0m08:17:09.408225 [debug] [Thread-5 (]: Began compiling node model.raqib_sf.stg_emergency_contacts
[0m08:17:09.410807 [debug] [Thread-5 (]: Writing injected SQL for node "model.raqib_sf.stg_emergency_contacts"
[0m08:17:09.411814 [debug] [Thread-3 (]: Began executing node model.raqib_sf.dim_time
[0m08:17:09.415854 [debug] [Thread-3 (]: Writing runtime sql for node "model.raqib_sf.dim_time"
[0m08:17:09.415854 [debug] [Thread-4 (]: Finished running node model.raqib_sf.stg_drugs
[0m08:17:09.416853 [debug] [Thread-4 (]: Began running node model.raqib_sf.stg_lab_events
[0m08:17:09.416853 [debug] [Thread-4 (]: Re-using an available connection from the pool (formerly model.raqib_sf.stg_drugs, now model.raqib_sf.stg_lab_events)
[0m08:17:09.417820 [debug] [Thread-4 (]: Began compiling node model.raqib_sf.stg_lab_events
[0m08:17:09.420825 [debug] [Thread-4 (]: Writing injected SQL for node "model.raqib_sf.stg_lab_events"
[0m08:17:09.422836 [debug] [Thread-3 (]: Using snowflake connection "model.raqib_sf.dim_time"
[0m08:17:09.423860 [debug] [Thread-3 (]: On model.raqib_sf.dim_time: create or replace transient table prod.dbt_dev_marts.dim_time
    
    
    
    as (

SELECT
    md5(cast(coalesce(cast(time_bk as TEXT), '_dbt_utils_surrogate_key_null_') as TEXT)) AS time_key,
    time_bk,
    hour,
    minute,
    second,
    time_of_day
FROM (
SELECT   
    TIMEADD(SECOND, SEQ4(), '00:00:00'::TIME) AS time_bk,
    
    HOUR(time_bk) AS hour,
    MINUTE(time_bk) AS minute,
    SECOND(time_bk) AS second,
    
    CASE 
        WHEN HOUR(time_bk) < 6 THEN 'Night'
        WHEN HOUR(time_bk) < 12 THEN 'Morning'
        WHEN HOUR(time_bk) < 18 THEN 'Afternoon'
        ELSE 'Evening'
    END AS time_of_day

FROM TABLE(GENERATOR(ROWCOUNT => 86400))
)
    )

/* {"app": "dbt", "dbt_version": "1.11.7", "profile_name": "raqib_sf", "target_name": "dev", "node_id": "model.raqib_sf.dim_time"} */;
[0m08:17:09.423860 [debug] [Thread-3 (]: Opening a new connection, currently in state init
[0m08:17:09.424940 [debug] [Thread-2 (]: Using snowflake connection "model.raqib_sf.dim_date"
[0m08:17:09.425940 [debug] [Thread-2 (]: On model.raqib_sf.dim_date: create or replace transient table prod.dbt_dev_marts.dim_date
    
    
    
    as (

SELECT
    md5(cast(coalesce(cast(date_bk as TEXT), '_dbt_utils_surrogate_key_null_') as TEXT)) AS date_key,
    date_bk,
    year,
    month,
    month_name,
    day_name, 
    is_weekend 
FROM (
SELECT
    DATEADD(DAY, SEQ4(), '2000-01-01'::DATE) AS date_bk,
    
    YEAR(date_bk) AS year,
    MONTH(date_bk) AS month,
    MONTHNAME(date_bk) AS month_name,
    DAYNAME(date_bk) AS day_name,
    
    CASE 
        WHEN DAYOFWEEKISO(date_bk) IN (6, 7) THEN 1 
        ELSE 0 
    END AS is_weekend
FROM TABLE(GENERATOR(ROWCOUNT => 10000))
WHERE date_bk <= '2026-12-31'::DATE
)
    )

/* {"app": "dbt", "dbt_version": "1.11.7", "profile_name": "raqib_sf", "target_name": "dev", "node_id": "model.raqib_sf.dim_date"} */;
[0m08:17:09.425940 [debug] [Thread-2 (]: Opening a new connection, currently in state init
[0m08:17:09.508014 [debug] [Thread-4 (]: Finished running node model.raqib_sf.stg_lab_events
[0m08:17:09.509011 [debug] [Thread-4 (]: Began running node model.raqib_sf.stg_lab_specimen_types
[0m08:17:09.509011 [debug] [Thread-5 (]: Finished running node model.raqib_sf.stg_emergency_contacts
[0m08:17:09.510556 [debug] [Thread-4 (]: Re-using an available connection from the pool (formerly model.raqib_sf.stg_lab_events, now model.raqib_sf.stg_lab_specimen_types)
[0m08:17:09.511563 [debug] [Thread-5 (]: Began running node model.raqib_sf.stg_patients
[0m08:17:09.514593 [debug] [Thread-4 (]: Began compiling node model.raqib_sf.stg_lab_specimen_types
[0m08:17:09.514593 [debug] [Thread-5 (]: Re-using an available connection from the pool (formerly model.raqib_sf.stg_emergency_contacts, now model.raqib_sf.stg_patients)
[0m08:17:09.520626 [debug] [Thread-4 (]: Writing injected SQL for node "model.raqib_sf.stg_lab_specimen_types"
[0m08:17:09.521607 [debug] [Thread-5 (]: Began compiling node model.raqib_sf.stg_patients
[0m08:17:09.529031 [debug] [Thread-5 (]: Writing injected SQL for node "model.raqib_sf.stg_patients"
[0m08:17:09.533235 [debug] [Thread-4 (]: Finished running node model.raqib_sf.stg_lab_specimen_types
[0m08:17:09.533235 [debug] [Thread-4 (]: Began running node model.raqib_sf.stg_prescriptions
[0m08:17:09.539071 [debug] [Thread-4 (]: Re-using an available connection from the pool (formerly model.raqib_sf.stg_lab_specimen_types, now model.raqib_sf.stg_prescriptions)
[0m08:17:09.540440 [debug] [Thread-4 (]: Began compiling node model.raqib_sf.stg_prescriptions
[0m08:17:09.541459 [debug] [Thread-5 (]: Finished running node model.raqib_sf.stg_patients
[0m08:17:09.550928 [debug] [Thread-4 (]: Writing injected SQL for node "model.raqib_sf.stg_prescriptions"
[0m08:17:09.558183 [debug] [Thread-5 (]: Began running node model.raqib_sf.stg_providers
[0m08:17:09.559553 [debug] [Thread-5 (]: Re-using an available connection from the pool (formerly model.raqib_sf.stg_patients, now model.raqib_sf.stg_providers)
[0m08:17:09.560553 [debug] [Thread-5 (]: Began compiling node model.raqib_sf.stg_providers
[0m08:17:09.563896 [debug] [Thread-5 (]: Writing injected SQL for node "model.raqib_sf.stg_providers"
[0m08:17:09.564896 [debug] [Thread-4 (]: Finished running node model.raqib_sf.stg_prescriptions
[0m08:17:09.565899 [debug] [Thread-4 (]: Began running node model.raqib_sf.stg_services
[0m08:17:09.566899 [debug] [Thread-4 (]: Re-using an available connection from the pool (formerly model.raqib_sf.stg_prescriptions, now model.raqib_sf.stg_services)
[0m08:17:09.567897 [debug] [Thread-4 (]: Began compiling node model.raqib_sf.stg_services
[0m08:17:09.571324 [debug] [Thread-4 (]: Writing injected SQL for node "model.raqib_sf.stg_services"
[0m08:17:09.573913 [debug] [Thread-5 (]: Finished running node model.raqib_sf.stg_providers
[0m08:17:09.573913 [debug] [Thread-5 (]: Began running node model.raqib_sf.stg_transfers
[0m08:17:09.574915 [debug] [Thread-4 (]: Finished running node model.raqib_sf.stg_services
[0m08:17:09.575915 [debug] [Thread-5 (]: Re-using an available connection from the pool (formerly model.raqib_sf.stg_providers, now model.raqib_sf.stg_transfers)
[0m08:17:09.576916 [debug] [Thread-4 (]: Began running node model.raqib_sf.dim_admission_type
[0m08:17:09.576916 [debug] [Thread-5 (]: Began compiling node model.raqib_sf.stg_transfers
[0m08:17:09.582283 [debug] [Thread-5 (]: Writing injected SQL for node "model.raqib_sf.stg_transfers"
[0m08:17:09.577915 [info ] [Thread-4 (]: 3 of 20 START sql incremental model prod.dbt_dev_marts.dim_admission_type ...... [RUN]
[0m08:17:09.583279 [debug] [Thread-4 (]: Re-using an available connection from the pool (formerly model.raqib_sf.stg_services, now model.raqib_sf.dim_admission_type)
[0m08:17:09.584283 [debug] [Thread-4 (]: Began compiling node model.raqib_sf.dim_admission_type
[0m08:17:09.591386 [debug] [Thread-4 (]: Writing injected SQL for node "model.raqib_sf.dim_admission_type"
[0m08:17:09.594717 [debug] [Thread-5 (]: Finished running node model.raqib_sf.stg_transfers
[0m08:17:09.596162 [debug] [Thread-5 (]: Began running node model.raqib_sf.dim_location
[0m08:17:09.597145 [debug] [Thread-4 (]: Began executing node model.raqib_sf.dim_admission_type
[0m08:17:09.597145 [info ] [Thread-5 (]: 4 of 20 START sql incremental model prod.dbt_dev_marts.dim_location ............ [RUN]
[0m08:17:09.630578 [debug] [Thread-5 (]: Re-using an available connection from the pool (formerly model.raqib_sf.stg_transfers, now model.raqib_sf.dim_location)
[0m08:17:09.630578 [debug] [Thread-5 (]: Began compiling node model.raqib_sf.dim_location
[0m08:17:09.652038 [debug] [Thread-5 (]: Writing injected SQL for node "model.raqib_sf.dim_location"
[0m08:17:09.663547 [debug] [Thread-4 (]: Writing runtime sql for node "model.raqib_sf.dim_admission_type"
[0m08:17:09.665551 [debug] [Thread-5 (]: Began executing node model.raqib_sf.dim_location
[0m08:17:09.670546 [debug] [Thread-5 (]: Writing runtime sql for node "model.raqib_sf.dim_location"
[0m08:17:09.672762 [debug] [Thread-4 (]: Using snowflake connection "model.raqib_sf.dim_admission_type"
[0m08:17:09.672762 [debug] [Thread-4 (]: On model.raqib_sf.dim_admission_type: create or replace transient table prod.dbt_dev_marts.dim_admission_type
    
    
    
    as (with  __dbt__cte__stg_admissions as (
WITH raw_admissions AS (
    SELECT * 
    FROM raw.public.admissions
)

SELECT 
    admission_id,
    patient_id,
    admission_provider_id                                       AS provider_id,
    CAST(ADMISSION_DATETIME_IN AS TIMESTAMP)                    AS admitted_at,
    CAST(ADMISSION_DATETIME_OUT AS TIMESTAMP)                   AS discharged_at,
    UPPER(LEFT(admission_type, 1)) 
        || LOWER(SUBSTR(admission_type, 2))                     AS admission_type,
    admission_location,
    discharge_location,
    INITCAP(insurance_type)                                     AS insurance_type,
    total_cost,
    payer_coverage,
    hospital_expire_flag,
    primary_sdk
FROM raw_admissions
), dim_admission_type as (
    select distinct admission_type as admission_type from __dbt__cte__stg_admissions
)

select 
md5(cast(coalesce(cast(admission_type as TEXT), '_dbt_utils_surrogate_key_null_') as TEXT)) as admission_type_Key,
*
from dim_admission_type
    )

/* {"app": "dbt", "dbt_version": "1.11.7", "profile_name": "raqib_sf", "target_name": "dev", "node_id": "model.raqib_sf.dim_admission_type"} */;
[0m08:17:09.673763 [debug] [Thread-4 (]: Opening a new connection, currently in state init
[0m08:17:09.712678 [debug] [Thread-5 (]: Using snowflake connection "model.raqib_sf.dim_location"
[0m08:17:09.714676 [debug] [Thread-5 (]: On model.raqib_sf.dim_location: create or replace transient table prod.dbt_dev_marts.dim_location
    
    
    
    as (with  __dbt__cte__stg_admissions as (
WITH raw_admissions AS (
    SELECT * 
    FROM raw.public.admissions
)

SELECT 
    admission_id,
    patient_id,
    admission_provider_id                                       AS provider_id,
    CAST(ADMISSION_DATETIME_IN AS TIMESTAMP)                    AS admitted_at,
    CAST(ADMISSION_DATETIME_OUT AS TIMESTAMP)                   AS discharged_at,
    UPPER(LEFT(admission_type, 1)) 
        || LOWER(SUBSTR(admission_type, 2))                     AS admission_type,
    admission_location,
    discharge_location,
    INITCAP(insurance_type)                                     AS insurance_type,
    total_cost,
    payer_coverage,
    hospital_expire_flag,
    primary_sdk
FROM raw_admissions
), dim_location as (
    select distinct admission_location as Location_Name from __dbt__cte__stg_admissions
    union
    select distinct discharge_location from __dbt__cte__stg_admissions
)

select 
md5(cast(coalesce(cast(Location_Name as TEXT), '_dbt_utils_surrogate_key_null_') as TEXT)) as Location_Key,
*
from dim_location
    )

/* {"app": "dbt", "dbt_version": "1.11.7", "profile_name": "raqib_sf", "target_name": "dev", "node_id": "model.raqib_sf.dim_location"} */;
[0m08:17:09.715677 [debug] [Thread-5 (]: Opening a new connection, currently in state init
[0m08:17:10.984730 [debug] [Thread-2 (]: SQL status: SUCCESS 9862 in 1.559 seconds
[0m08:17:11.034249 [debug] [Thread-2 (]: Sending event: {'category': 'dbt', 'action': 'run_model', 'label': '67604e84-f1d5-4204-9624-415b86b15e80', 'context': [<snowplow_tracker.self_describing_json.SelfDescribingJson object at 0x000001BEFCF213D0>]}
[0m08:17:11.035249 [info ] [Thread-2 (]: 1 of 20 OK created sql table model prod.dbt_dev_marts.dim_date ................. [[32mSUCCESS 9862[0m in 1.70s]
[0m08:17:11.036258 [debug] [Thread-2 (]: Finished running node model.raqib_sf.dim_date
[0m08:17:11.037256 [debug] [Thread-2 (]: Began running node model.raqib_sf.dim_diagnosis
[0m08:17:11.037256 [info ] [Thread-2 (]: 5 of 20 START sql table model prod.dbt_dev_marts.dim_diagnosis ................. [RUN]
[0m08:17:11.038255 [debug] [Thread-2 (]: Re-using an available connection from the pool (formerly model.raqib_sf.dim_date, now model.raqib_sf.dim_diagnosis)
[0m08:17:11.038255 [debug] [Thread-2 (]: Began compiling node model.raqib_sf.dim_diagnosis
[0m08:17:11.047646 [debug] [Thread-2 (]: Writing injected SQL for node "model.raqib_sf.dim_diagnosis"
[0m08:17:11.048644 [debug] [Thread-2 (]: Began executing node model.raqib_sf.dim_diagnosis
[0m08:17:11.052645 [debug] [Thread-2 (]: Writing runtime sql for node "model.raqib_sf.dim_diagnosis"
[0m08:17:11.054817 [debug] [Thread-2 (]: Using snowflake connection "model.raqib_sf.dim_diagnosis"
[0m08:17:11.054817 [debug] [Thread-2 (]: On model.raqib_sf.dim_diagnosis: create or replace transient table prod.dbt_dev_marts.dim_diagnosis
    
    
    
    as (
with  __dbt__cte__stg_diagnosis as (
WITH raw_diagnosis AS (
    SELECT * 
    FROM raw.public.diagnosis
)

SELECT 
    diagnosis_id,
    patient_id,
    admission_id,
    provider_id,
    sub_domain_key,
    TRIM(REGEXP_REPLACE(description, '\\s*\\([^)]+\\)', '')) AS description,
    REGEXP_SUBSTR(description, '\\(([^)]+)\\)', 1, 1, 'e', 1) AS description_type,
    TRIM(SPLIT_PART(REGEXP_REPLACE(SPLIT_PART(sub_domain, ' – ', 2), '\\s*/\\s*', ' & '), ' & ', 1)) AS domain,
    NULLIF(TRIM(SPLIT_PART(REGEXP_REPLACE(SPLIT_PART(sub_domain, ' – ', 2), '\\s*/\\s*', ' & '), ' & ', 2)), '') AS sub_domain
FROM raw_diagnosis
), dim_diagnosis as (
    select * from __dbt__cte__stg_diagnosis
)

select 
    md5(cast(coalesce(cast(diagnosis_id as TEXT), '_dbt_utils_surrogate_key_null_') || '-' || coalesce(cast(domain as TEXT), '_dbt_utils_surrogate_key_null_') || '-' || coalesce(cast(sub_domain_key as TEXT), '_dbt_utils_surrogate_key_null_') as TEXT)) as diagnosis_key,
    description,
    description_type,
    sub_domain_key,
    domain,
    sub_domain
from dim_diagnosis
    )

/* {"app": "dbt", "dbt_version": "1.11.7", "profile_name": "raqib_sf", "target_name": "dev", "node_id": "model.raqib_sf.dim_diagnosis"} */;
[0m08:17:11.123784 [debug] [Thread-3 (]: SQL status: SUCCESS 86400 in 1.700 seconds
[0m08:17:11.126784 [debug] [Thread-3 (]: Sending event: {'category': 'dbt', 'action': 'run_model', 'label': '67604e84-f1d5-4204-9624-415b86b15e80', 'context': [<snowplow_tracker.self_describing_json.SelfDescribingJson object at 0x000001BE925D54F0>]}
[0m08:17:11.126784 [info ] [Thread-3 (]: 2 of 20 OK created sql table model prod.dbt_dev_marts.dim_time ................. [[32mSUCCESS 86400[0m in 1.79s]
[0m08:17:11.127784 [debug] [Thread-3 (]: Finished running node model.raqib_sf.dim_time
[0m08:17:11.128826 [debug] [Thread-3 (]: Began running node model.raqib_sf.dim_emergency_contacts
[0m08:17:11.128826 [info ] [Thread-3 (]: 6 of 20 START sql incremental model prod.dbt_dev_marts.dim_emergency_contacts .. [RUN]
[0m08:17:11.129790 [debug] [Thread-3 (]: Re-using an available connection from the pool (formerly model.raqib_sf.dim_time, now model.raqib_sf.dim_emergency_contacts)
[0m08:17:11.130782 [debug] [Thread-3 (]: Began compiling node model.raqib_sf.dim_emergency_contacts
[0m08:17:11.139148 [debug] [Thread-3 (]: Writing injected SQL for node "model.raqib_sf.dim_emergency_contacts"
[0m08:17:11.140474 [debug] [Thread-3 (]: Began executing node model.raqib_sf.dim_emergency_contacts
[0m08:17:11.143910 [debug] [Thread-3 (]: Writing runtime sql for node "model.raqib_sf.dim_emergency_contacts"
[0m08:17:11.145913 [debug] [Thread-3 (]: Using snowflake connection "model.raqib_sf.dim_emergency_contacts"
[0m08:17:11.146908 [debug] [Thread-3 (]: On model.raqib_sf.dim_emergency_contacts: create or replace transient table prod.dbt_dev_marts.dim_emergency_contacts
    
    
    
    as (with  __dbt__cte__stg_emergency_contacts as (
WITH raw_emergency_contacts AS (
    SELECT *
    FROM raw.public.emergency_contacts
)

SELECT
    Patient_ID AS patient_id,
    INITCAP(emergency_contact_name) AS emergency_contact_name,
    emergency_contact_relationship,
    emergency_contact_bloodtype,
    emergency_contact_number AS emergency_contact_phone_number,
    REGEXP_LIKE(emergency_contact_number, '^\\([0-9]{3}\\) [0-9]{3}-[0-9]{4}$') AS is_valid_phone_number
    
FROM raw_emergency_contacts
), emergency_contacts as (
    select * 
    from __dbt__cte__stg_emergency_contacts
)

SELECT
    md5(cast(coalesce(cast(patient_id as TEXT), '_dbt_utils_surrogate_key_null_') || '-' || coalesce(cast(emergency_contact_name as TEXT), '_dbt_utils_surrogate_key_null_') as TEXT)) AS contact_key,
    *
FROM emergency_contacts
    )

/* {"app": "dbt", "dbt_version": "1.11.7", "profile_name": "raqib_sf", "target_name": "dev", "node_id": "model.raqib_sf.dim_emergency_contacts"} */;
[0m08:17:11.178667 [debug] [Thread-4 (]: SQL status: SUCCESS 12 in 1.505 seconds
[0m08:17:11.189314 [debug] [Thread-4 (]: Applying DROP to: prod.dbt_dev_marts.dim_admission_type__dbt_tmp
[0m08:17:11.199410 [debug] [Thread-4 (]: Using snowflake connection "model.raqib_sf.dim_admission_type"
[0m08:17:11.200414 [debug] [Thread-4 (]: On model.raqib_sf.dim_admission_type: drop view if exists prod.dbt_dev_marts.dim_admission_type__dbt_tmp cascade
/* {"app": "dbt", "dbt_version": "1.11.7", "profile_name": "raqib_sf", "target_name": "dev", "node_id": "model.raqib_sf.dim_admission_type"} */
[0m08:17:11.268272 [debug] [Thread-5 (]: SQL status: SUCCESS 37 in 1.553 seconds
[0m08:17:11.276281 [debug] [Thread-5 (]: Applying DROP to: prod.dbt_dev_marts.dim_location__dbt_tmp
[0m08:17:11.278729 [debug] [Thread-5 (]: Using snowflake connection "model.raqib_sf.dim_location"
[0m08:17:11.278729 [debug] [Thread-5 (]: On model.raqib_sf.dim_location: drop view if exists prod.dbt_dev_marts.dim_location__dbt_tmp cascade
/* {"app": "dbt", "dbt_version": "1.11.7", "profile_name": "raqib_sf", "target_name": "dev", "node_id": "model.raqib_sf.dim_location"} */
[0m08:17:11.336848 [debug] [Thread-4 (]: SQL status: SUCCESS 1 in 0.137 seconds
[0m08:17:11.341028 [debug] [Thread-4 (]: Sending event: {'category': 'dbt', 'action': 'run_model', 'label': '67604e84-f1d5-4204-9624-415b86b15e80', 'context': [<snowplow_tracker.self_describing_json.SelfDescribingJson object at 0x000001BEFA572510>]}
[0m08:17:11.342019 [info ] [Thread-4 (]: 3 of 20 OK created sql incremental model prod.dbt_dev_marts.dim_admission_type . [[32mSUCCESS 12[0m in 1.76s]
[0m08:17:11.342983 [debug] [Thread-4 (]: Finished running node model.raqib_sf.dim_admission_type
[0m08:17:11.344024 [debug] [Thread-4 (]: Began running node model.raqib_sf.dim_lab_types
[0m08:17:11.344024 [info ] [Thread-4 (]: 7 of 20 START sql incremental model prod.dbt_dev_marts.dim_lab_types ........... [RUN]
[0m08:17:11.345019 [debug] [Thread-4 (]: Re-using an available connection from the pool (formerly model.raqib_sf.dim_admission_type, now model.raqib_sf.dim_lab_types)
[0m08:17:11.345985 [debug] [Thread-4 (]: Began compiling node model.raqib_sf.dim_lab_types
[0m08:17:11.359980 [debug] [Thread-4 (]: Writing injected SQL for node "model.raqib_sf.dim_lab_types"
[0m08:17:11.361983 [debug] [Thread-4 (]: Began executing node model.raqib_sf.dim_lab_types
[0m08:17:11.366982 [debug] [Thread-4 (]: Writing runtime sql for node "model.raqib_sf.dim_lab_types"
[0m08:17:11.369917 [debug] [Thread-4 (]: Using snowflake connection "model.raqib_sf.dim_lab_types"
[0m08:17:11.370918 [debug] [Thread-4 (]: On model.raqib_sf.dim_lab_types: create or replace transient table prod.dbt_dev_marts.dim_lab_types
    
    
    
    as (WITH  __dbt__cte__stg_lab_specimen_types as (
WITH raw_lab_specimen_types AS (
    SELECT *
    FROM raw.public.lab_specimen_types
)

SELECT 
    itemid AS item_id,
    CASE 
        WHEN CONTAINS(label, '(') THEN TRIM(SPLIT_PART(label, '(', 1))
        ELSE label
    END AS label,
    CASE 
        WHEN CONTAINS(label, '(') THEN TRIM(REPLACE(SPLIT_PART(label, '(', 2), ')', ''))
        ELSE NULL
    END AS label_sub_type,
    fluid,
    CASE 
        WHEN CONTAINS(category, '–') THEN TRIM(SPLIT_PART(category, '–', 1))
        ELSE category
    END AS category_type,
    CASE   
        WHEN CONTAINS(category, '–') THEN TRIM(SPLIT_PART(category, '–', 2))
        ELSE NULL
    END AS category_sub_type,
    sub_domain_key,
    TRIM(SPLIT_PART(REGEXP_REPLACE(specialty, '\\s*/\\s*', ' & '), ' & ', 1)) AS specialty_1,
    NULLIF(TRIM(SPLIT_PART(REGEXP_REPLACE(specialty, '\\s*/\\s*', ' & '), ' & ', 2)), '') AS specialty_2,
    
FROM raw_lab_specimen_types
), stg_lab_specimen_types AS (
    SELECT *
    FROM __dbt__cte__stg_lab_specimen_types
)

SELECT
    md5(cast(coalesce(cast(item_id as TEXT), '_dbt_utils_surrogate_key_null_') || '-' || coalesce(cast(label as TEXT), '_dbt_utils_surrogate_key_null_') || '-' || coalesce(cast(category_type as TEXT), '_dbt_utils_surrogate_key_null_') as TEXT)) AS specimen_type_key,
    item_id,
    label,
    label_sub_type,
    fluid,
    category_type,
    category_sub_type,
    sub_domain_key,
    specialty_1,
    specialty_2
FROM stg_lab_specimen_types
    )

/* {"app": "dbt", "dbt_version": "1.11.7", "profile_name": "raqib_sf", "target_name": "dev", "node_id": "model.raqib_sf.dim_lab_types"} */;
[0m08:17:11.400877 [debug] [Thread-5 (]: SQL status: SUCCESS 1 in 0.122 seconds
[0m08:17:11.405419 [debug] [Thread-5 (]: Sending event: {'category': 'dbt', 'action': 'run_model', 'label': '67604e84-f1d5-4204-9624-415b86b15e80', 'context': [<snowplow_tracker.self_describing_json.SelfDescribingJson object at 0x000001BE92771220>]}
[0m08:17:11.405419 [info ] [Thread-5 (]: 4 of 20 OK created sql incremental model prod.dbt_dev_marts.dim_location ....... [[32mSUCCESS 37[0m in 1.77s]
[0m08:17:11.407378 [debug] [Thread-5 (]: Finished running node model.raqib_sf.dim_location
[0m08:17:11.407378 [debug] [Thread-5 (]: Began running node model.raqib_sf.int_lab_analysis
[0m08:17:11.408459 [info ] [Thread-5 (]: 8 of 20 START sql view model dbt_dev.int_lab_analysis .......................... [RUN]
[0m08:17:11.409509 [debug] [Thread-5 (]: Re-using an available connection from the pool (formerly model.raqib_sf.dim_location, now model.raqib_sf.int_lab_analysis)
[0m08:17:11.409509 [debug] [Thread-5 (]: Began compiling node model.raqib_sf.int_lab_analysis
[0m08:17:11.423371 [debug] [Thread-5 (]: Writing injected SQL for node "model.raqib_sf.int_lab_analysis"
[0m08:17:11.424375 [debug] [Thread-5 (]: Began executing node model.raqib_sf.int_lab_analysis
[0m08:17:11.448908 [debug] [Thread-5 (]: Writing runtime sql for node "model.raqib_sf.int_lab_analysis"
[0m08:17:11.452214 [debug] [Thread-5 (]: Using snowflake connection "model.raqib_sf.int_lab_analysis"
[0m08:17:11.453631 [debug] [Thread-5 (]: On model.raqib_sf.int_lab_analysis: create or replace   view dev.dbt_dev.int_lab_analysis
  
  
  
  
  as (
    WITH  __dbt__cte__stg_lab_events as (
WITH raw_lab_events AS (

    SELECT *
    FROM raw.public.lab_events

)

SELECT
    lab_event_id,
    patient_id,
    admission_id,
    specimen_id,
    item_id,
    provider_id,
    CAST(done_datetime AS TIMESTAMP)    AS lab_done_at,
    CAST(stored_datetime AS TIMESTAMP)  AS lab_stored_at,
    TRY_CAST(value AS FLOAT) AS result_value,
    TRIM(measurement_unit) AS measurement_unit,
    TRY_CAST(range_lower AS FLOAT) AS range_lower,
    TRY_CAST(range_higher AS FLOAT) AS range_higher,
    TRIM(abnormal_flag) AS abnormal_flag,
    TRY_CAST(cost AS FLOAT) AS cost

FROM raw_lab_events 

--  CONVERT_TIMEZONE('UTC', done_datetime::TIMESTAMP_TZ)    AS lab_done_at,
--     CONVERT_TIMEZONE('UTC', stored_datetime::TIMESTAMP_TZ)  AS lab_stored_at,
),  __dbt__cte__stg_lab_specimen_types as (
WITH raw_lab_specimen_types AS (
    SELECT *
    FROM raw.public.lab_specimen_types
)

SELECT 
    itemid AS item_id,
    CASE 
        WHEN CONTAINS(label, '(') THEN TRIM(SPLIT_PART(label, '(', 1))
        ELSE label
    END AS label,
    CASE 
        WHEN CONTAINS(label, '(') THEN TRIM(REPLACE(SPLIT_PART(label, '(', 2), ')', ''))
        ELSE NULL
    END AS label_sub_type,
    fluid,
    CASE 
        WHEN CONTAINS(category, '–') THEN TRIM(SPLIT_PART(category, '–', 1))
        ELSE category
    END AS category_type,
    CASE   
        WHEN CONTAINS(category, '–') THEN TRIM(SPLIT_PART(category, '–', 2))
        ELSE NULL
    END AS category_sub_type,
    sub_domain_key,
    TRIM(SPLIT_PART(REGEXP_REPLACE(specialty, '\\s*/\\s*', ' & '), ' & ', 1)) AS specialty_1,
    NULLIF(TRIM(SPLIT_PART(REGEXP_REPLACE(specialty, '\\s*/\\s*', ' & '), ' & ', 2)), '') AS specialty_2,
    
FROM raw_lab_specimen_types
), lab_events AS (
    SELECT *
    FROM __dbt__cte__stg_lab_events
),

specimen_types AS (
    SELECT *
    FROM __dbt__cte__stg_lab_specimen_types
)

SELECT
    md5(cast(coalesce(cast(lab_event_id as TEXT), '_dbt_utils_surrogate_key_null_') as TEXT)) AS lab_event_key,
    le.lab_event_id,
    le.patient_id,
    le.admission_id,
    le.provider_id,
    le.specimen_id,
    le.item_id,
    le.lab_done_at,
    le.lab_stored_at,

    st.label AS test_name,
    st.label_sub_type,
    st.fluid,
    st.category_type,
    st.category_sub_type,
    st.specialty_1,
    st.specialty_2,

    le.result_value,
    le.measurement_unit,

    le.range_lower,
    le.range_higher,

    le.abnormal_flag,

    le.cost

FROM lab_events le

LEFT JOIN specimen_types st
    ON le.item_id = st.item_id
  )
/* {"app": "dbt", "dbt_version": "1.11.7", "profile_name": "raqib_sf", "target_name": "dev", "node_id": "model.raqib_sf.int_lab_analysis"} */;
[0m08:17:11.723859 [debug] [Thread-5 (]: SQL status: SUCCESS 1 in 0.269 seconds
[0m08:17:11.732426 [debug] [Thread-5 (]: Sending event: {'category': 'dbt', 'action': 'run_model', 'label': '67604e84-f1d5-4204-9624-415b86b15e80', 'context': [<snowplow_tracker.self_describing_json.SelfDescribingJson object at 0x000001BE927E1A90>]}
[0m08:17:11.734492 [info ] [Thread-5 (]: 8 of 20 OK created sql view model dbt_dev.int_lab_analysis ..................... [[32mSUCCESS 1[0m in 0.32s]
[0m08:17:11.736965 [debug] [Thread-5 (]: Finished running node model.raqib_sf.int_lab_analysis
[0m08:17:11.738025 [debug] [Thread-5 (]: Began running node model.raqib_sf.dim_patients
[0m08:17:11.739354 [info ] [Thread-5 (]: 9 of 20 START sql incremental model prod.dbt_dev_marts.dim_patients ............ [RUN]
[0m08:17:11.741824 [debug] [Thread-5 (]: Re-using an available connection from the pool (formerly model.raqib_sf.int_lab_analysis, now model.raqib_sf.dim_patients)
[0m08:17:11.742819 [debug] [Thread-5 (]: Began compiling node model.raqib_sf.dim_patients
[0m08:17:11.764696 [debug] [Thread-5 (]: Writing injected SQL for node "model.raqib_sf.dim_patients"
[0m08:17:11.765701 [debug] [Thread-5 (]: Began executing node model.raqib_sf.dim_patients
[0m08:17:11.772706 [debug] [Thread-5 (]: Writing runtime sql for node "model.raqib_sf.dim_patients"
[0m08:17:11.777698 [debug] [Thread-5 (]: Using snowflake connection "model.raqib_sf.dim_patients"
[0m08:17:11.778697 [debug] [Thread-5 (]: On model.raqib_sf.dim_patients: create or replace transient table prod.dbt_dev_marts.dim_patients
    
    
    
    as (with  __dbt__cte__stg_patients as (
WITH raw_patients AS (
    SELECT *
    FROM raw.public.patients
)

SELECT 
    patient_id,
    ssn,
    INITCAP(first_name || ' ' || last_name) AS full_name,
    birthdate::DATE AS birthdate,
    YEAR(birthdate::DATE) AS birth_year,
    deathdate::DATE AS deathdate,
    CASE 
        WHEN deathdate IS NOT NULL THEN TRUE
        ELSE FALSE
    END AS is_dead,
    blood_type,
    CASE 
        WHEN marital = 'S' THEN 'Single'
        WHEN marital = 'M' THEN 'Married'
        WHEN marital = 'D' THEN 'Divorced'
        WHEN marital = 'W' THEN 'Widowed'
    END AS marital_status,
    INITCAP(REPLACE(race, '/', ' / ')) AS race,
    CASE
        WHEN UPPER(TRIM(ethnicity)) IN ('HISPANIC', 'HISPANIC OR LATINO')
            THEN 'Hispanic or Latino'
        WHEN UPPER(TRIM(ethnicity)) IN ('NONHISPANIC', 'NOT HISPANIC OR LATINO')
            THEN 'Not Hispanic or Latino'
        ELSE 'Unknown'
    END AS ethnicity,
    CASE 
        WHEN gender = 'F' THEN 'Female'
        WHEN gender = 'M' THEN 'Male'
        ELSE 'Unknown'
    END AS gender,
    INITCAP(language) AS spoken_language,
    INITCAP(TRIM(SPLIT_PART(birthplace, ',', 1))) AS birth_city,
    CASE UPPER(TRIM(SPLIT_PART(birthplace, ',',2)))
    WHEN 'CT' THEN 'Connecticut'
    WHEN 'ME' THEN 'Maine'
    WHEN 'MA' THEN 'Massachusetts'
    WHEN 'NH' THEN 'New Hampshire'
    WHEN 'RI' THEN 'Rhode Island'
    WHEN 'VT' THEN 'Vermont'
    WHEN 'NY' THEN 'New York'
    END AS birth_state,
    address,
    INITCAP(city) AS city,
    CASE UPPER(TRIM(country))
        WHEN 'US' THEN 'United States'
        WHEN 'UK' THEN 'United Kingdom' 
    END AS country,
    CAST(healthcare_expenses AS FLOAT) AS healthcare_expenses,
    CAST(healthcare_coverage AS FLOAT) AS healthcare_coverage,
    income AS income_usd
  
FROM raw_patients
), patients as (
    select
        *
    from __dbt__cte__stg_patients
)

SELECT
    md5(cast(coalesce(cast(patient_id as TEXT), '_dbt_utils_surrogate_key_null_') as TEXT)) AS patient_key,
    patient_id,
    ssn,
    full_name,
    birthdate,
    birth_year,
    deathdate,
    is_dead,
    blood_type,
    marital_status,
    Race,
    ethnicity,
    spoken_language,
    city
    
FROM patients
    )

/* {"app": "dbt", "dbt_version": "1.11.7", "profile_name": "raqib_sf", "target_name": "dev", "node_id": "model.raqib_sf.dim_patients"} */;
[0m08:17:12.031320 [debug] [Thread-4 (]: SQL status: SUCCESS 73 in 0.660 seconds
[0m08:17:12.034318 [debug] [Thread-4 (]: Applying DROP to: prod.dbt_dev_marts.dim_lab_types__dbt_tmp
[0m08:17:12.035317 [debug] [Thread-4 (]: Using snowflake connection "model.raqib_sf.dim_lab_types"
[0m08:17:12.036316 [debug] [Thread-4 (]: On model.raqib_sf.dim_lab_types: drop view if exists prod.dbt_dev_marts.dim_lab_types__dbt_tmp cascade
/* {"app": "dbt", "dbt_version": "1.11.7", "profile_name": "raqib_sf", "target_name": "dev", "node_id": "model.raqib_sf.dim_lab_types"} */
[0m08:17:12.169430 [debug] [Thread-4 (]: SQL status: SUCCESS 1 in 0.133 seconds
[0m08:17:12.173432 [debug] [Thread-4 (]: Sending event: {'category': 'dbt', 'action': 'run_model', 'label': '67604e84-f1d5-4204-9624-415b86b15e80', 'context': [<snowplow_tracker.self_describing_json.SelfDescribingJson object at 0x000001BE927F0860>]}
[0m08:17:12.174432 [info ] [Thread-4 (]: 7 of 20 OK created sql incremental model prod.dbt_dev_marts.dim_lab_types ...... [[32mSUCCESS 73[0m in 0.83s]
[0m08:17:12.181298 [debug] [Thread-4 (]: Finished running node model.raqib_sf.dim_lab_types
[0m08:17:12.181836 [debug] [Thread-4 (]: Began running node model.raqib_sf.dim_provider
[0m08:17:12.182363 [info ] [Thread-4 (]: 10 of 20 START sql incremental model prod.dbt_dev_marts.dim_provider ........... [RUN]
[0m08:17:12.183479 [debug] [Thread-4 (]: Re-using an available connection from the pool (formerly model.raqib_sf.dim_lab_types, now model.raqib_sf.dim_provider)
[0m08:17:12.183479 [debug] [Thread-4 (]: Began compiling node model.raqib_sf.dim_provider
[0m08:17:12.195095 [debug] [Thread-4 (]: Writing injected SQL for node "model.raqib_sf.dim_provider"
[0m08:17:12.196248 [debug] [Thread-4 (]: Began executing node model.raqib_sf.dim_provider
[0m08:17:12.202970 [debug] [Thread-4 (]: Writing runtime sql for node "model.raqib_sf.dim_provider"
[0m08:17:12.206865 [debug] [Thread-4 (]: Using snowflake connection "model.raqib_sf.dim_provider"
[0m08:17:12.207418 [debug] [Thread-4 (]: On model.raqib_sf.dim_provider: create or replace transient table prod.dbt_dev_marts.dim_provider
    
    
    
    as (with  __dbt__cte__stg_providers as (
WITH raw_providers AS (
    SELECT * 
    FROM raw.public.providers
)

SELECT 
    npi AS provider_id,
    INITCAP(provider_first_name || ' ' || provider_last_name) AS provider_full_name,
    INITCAP(provider_name_prefix) AS provider_name_prefix,
    REGEXP_LIKE(provider_name_prefix, '\\.$') AS is_valid_prefix,
    INITCAP(provider_address) AS provider_address,
    INITCAP(provider_city) AS provider_city,
    TRIM(provider_state_code) AS provider_state_code,
    TRIM(provider_country_code) AS provider_country_code,
    provider_postal_code,
    CASE 
        WHEN provider_sex_code = 'M' OR provider_sex_code = 'm' THEN 'Male'
        WHEN provider_sex_code = 'F' OR provider_sex_code = 'f' THEN 'Female'
        ELSE 'Unknown'
    END AS provider_gender,
    provider_telephone_number,
    CAST(provider_enumeration_date AS DATE) AS provider_enumeration_date,
    CASE 
        WHEN CAST(provider_enumeration_date AS DATE) IS NOT NULL THEN TRUE
        ELSE FALSE
    END AS is_valid_enumeration_date,
    CAST(provider_join_date AS DATE) AS provider_join_date,
    CASE 
        WHEN DATE(provider_join_date, 'YYYY-MM-DD') IS NOT NULL THEN TRUE
        ELSE FALSE
    END AS is_valid_join_date,
    provider_specialty

FROM raw_providers
), stg_providers as (
    select *
    from __dbt__cte__stg_providers
)

select 
    md5(cast(coalesce(cast(provider_id as TEXT), '_dbt_utils_surrogate_key_null_') || '-' || coalesce(cast(provider_full_name as TEXT), '_dbt_utils_surrogate_key_null_') || '-' || coalesce(cast(provider_specialty as TEXT), '_dbt_utils_surrogate_key_null_') as TEXT)) as provider_key,
    *
    
from stg_providers
    )

/* {"app": "dbt", "dbt_version": "1.11.7", "profile_name": "raqib_sf", "target_name": "dev", "node_id": "model.raqib_sf.dim_provider"} */;
[0m08:17:12.405125 [debug] [Thread-3 (]: SQL status: SUCCESS 115063 in 1.258 seconds
[0m08:17:12.410124 [debug] [Thread-3 (]: Applying DROP to: prod.dbt_dev_marts.dim_emergency_contacts__dbt_tmp
[0m08:17:12.411132 [debug] [Thread-3 (]: Using snowflake connection "model.raqib_sf.dim_emergency_contacts"
[0m08:17:12.412123 [debug] [Thread-3 (]: On model.raqib_sf.dim_emergency_contacts: drop view if exists prod.dbt_dev_marts.dim_emergency_contacts__dbt_tmp cascade
/* {"app": "dbt", "dbt_version": "1.11.7", "profile_name": "raqib_sf", "target_name": "dev", "node_id": "model.raqib_sf.dim_emergency_contacts"} */
[0m08:17:12.516774 [debug] [Thread-3 (]: SQL status: SUCCESS 1 in 0.104 seconds
[0m08:17:12.519429 [debug] [Thread-3 (]: Sending event: {'category': 'dbt', 'action': 'run_model', 'label': '67604e84-f1d5-4204-9624-415b86b15e80', 'context': [<snowplow_tracker.self_describing_json.SelfDescribingJson object at 0x000001BE92577EF0>]}
[0m08:17:12.519429 [info ] [Thread-3 (]: 6 of 20 OK created sql incremental model prod.dbt_dev_marts.dim_emergency_contacts  [[32mSUCCESS 115063[0m in 1.39s]
[0m08:17:12.520904 [debug] [Thread-3 (]: Finished running node model.raqib_sf.dim_emergency_contacts
[0m08:17:12.520904 [debug] [Thread-3 (]: Began running node model.raqib_sf.fact_providers_performance
[0m08:17:12.522262 [info ] [Thread-3 (]: 11 of 20 START sql incremental model prod.dbt_dev_marts.fact_providers_performance  [RUN]
[0m08:17:12.523224 [debug] [Thread-3 (]: Re-using an available connection from the pool (formerly model.raqib_sf.dim_emergency_contacts, now model.raqib_sf.fact_providers_performance)
[0m08:17:12.523224 [debug] [Thread-3 (]: Began compiling node model.raqib_sf.fact_providers_performance
[0m08:17:12.552195 [debug] [Thread-3 (]: Writing injected SQL for node "model.raqib_sf.fact_providers_performance"
[0m08:17:12.552195 [debug] [Thread-3 (]: Began executing node model.raqib_sf.fact_providers_performance
[0m08:17:12.556743 [debug] [Thread-3 (]: Writing runtime sql for node "model.raqib_sf.fact_providers_performance"
[0m08:17:12.562947 [debug] [Thread-3 (]: Using snowflake connection "model.raqib_sf.fact_providers_performance"
[0m08:17:12.562947 [debug] [Thread-3 (]: On model.raqib_sf.fact_providers_performance: create or replace transient table prod.dbt_dev_marts.fact_providers_performance
    
    
    
    as (WITH  __dbt__cte__stg_providers as (
WITH raw_providers AS (
    SELECT * 
    FROM raw.public.providers
)

SELECT 
    npi AS provider_id,
    INITCAP(provider_first_name || ' ' || provider_last_name) AS provider_full_name,
    INITCAP(provider_name_prefix) AS provider_name_prefix,
    REGEXP_LIKE(provider_name_prefix, '\\.$') AS is_valid_prefix,
    INITCAP(provider_address) AS provider_address,
    INITCAP(provider_city) AS provider_city,
    TRIM(provider_state_code) AS provider_state_code,
    TRIM(provider_country_code) AS provider_country_code,
    provider_postal_code,
    CASE 
        WHEN provider_sex_code = 'M' OR provider_sex_code = 'm' THEN 'Male'
        WHEN provider_sex_code = 'F' OR provider_sex_code = 'f' THEN 'Female'
        ELSE 'Unknown'
    END AS provider_gender,
    provider_telephone_number,
    CAST(provider_enumeration_date AS DATE) AS provider_enumeration_date,
    CASE 
        WHEN CAST(provider_enumeration_date AS DATE) IS NOT NULL THEN TRUE
        ELSE FALSE
    END AS is_valid_enumeration_date,
    CAST(provider_join_date AS DATE) AS provider_join_date,
    CASE 
        WHEN DATE(provider_join_date, 'YYYY-MM-DD') IS NOT NULL THEN TRUE
        ELSE FALSE
    END AS is_valid_join_date,
    provider_specialty

FROM raw_providers
),  __dbt__cte__stg_admissions as (
WITH raw_admissions AS (
    SELECT * 
    FROM raw.public.admissions
)

SELECT 
    admission_id,
    patient_id,
    admission_provider_id                                       AS provider_id,
    CAST(ADMISSION_DATETIME_IN AS TIMESTAMP)                    AS admitted_at,
    CAST(ADMISSION_DATETIME_OUT AS TIMESTAMP)                   AS discharged_at,
    UPPER(LEFT(admission_type, 1)) 
        || LOWER(SUBSTR(admission_type, 2))                     AS admission_type,
    admission_location,
    discharge_location,
    INITCAP(insurance_type)                                     AS insurance_type,
    total_cost,
    payer_coverage,
    hospital_expire_flag,
    primary_sdk
FROM raw_admissions
),  __dbt__cte__stg_diagnosis as (
WITH raw_diagnosis AS (
    SELECT * 
    FROM raw.public.diagnosis
)

SELECT 
    diagnosis_id,
    patient_id,
    admission_id,
    provider_id,
    sub_domain_key,
    TRIM(REGEXP_REPLACE(description, '\\s*\\([^)]+\\)', '')) AS description,
    REGEXP_SUBSTR(description, '\\(([^)]+)\\)', 1, 1, 'e', 1) AS description_type,
    TRIM(SPLIT_PART(REGEXP_REPLACE(SPLIT_PART(sub_domain, ' – ', 2), '\\s*/\\s*', ' & '), ' & ', 1)) AS domain,
    NULLIF(TRIM(SPLIT_PART(REGEXP_REPLACE(SPLIT_PART(sub_domain, ' – ', 2), '\\s*/\\s*', ' & '), ' & ', 2)), '') AS sub_domain
FROM raw_diagnosis
),  __dbt__cte__stg_lab_events as (
WITH raw_lab_events AS (

    SELECT *
    FROM raw.public.lab_events

)

SELECT
    lab_event_id,
    patient_id,
    admission_id,
    specimen_id,
    item_id,
    provider_id,
    CAST(done_datetime AS TIMESTAMP)    AS lab_done_at,
    CAST(stored_datetime AS TIMESTAMP)  AS lab_stored_at,
    TRY_CAST(value AS FLOAT) AS result_value,
    TRIM(measurement_unit) AS measurement_unit,
    TRY_CAST(range_lower AS FLOAT) AS range_lower,
    TRY_CAST(range_higher AS FLOAT) AS range_higher,
    TRIM(abnormal_flag) AS abnormal_flag,
    TRY_CAST(cost AS FLOAT) AS cost

FROM raw_lab_events 

--  CONVERT_TIMEZONE('UTC', done_datetime::TIMESTAMP_TZ)    AS lab_done_at,
--     CONVERT_TIMEZONE('UTC', stored_datetime::TIMESTAMP_TZ)  AS lab_stored_at,
),  __dbt__cte__stg_prescriptions as (
WITH raw_prescriptions AS (
    SELECT *
    FROM raw.public.prescriptions 
)
SELECT 
    prescription_id,
    patient_id,
    admission_id,
    provider_id,
    drug_id,
    CAST(prescribed_date AS TIMESTAMP) AS prescribed_date,
    INITCAP(status) AS status
FROM raw_prescriptions
), providers AS (
    SELECT *
    FROM __dbt__cte__stg_providers
),

admissions AS (
    SELECT *
    FROM __dbt__cte__stg_admissions
),

diagnosis AS (
    SELECT *
    FROM __dbt__cte__stg_diagnosis
),

lab_events AS (
    SELECT *
    FROM __dbt__cte__stg_lab_events
),

prescriptions AS (
    SELECT *
    FROM __dbt__cte__stg_prescriptions
),


encounter_metrics AS (
    SELECT
        provider_id,

        COUNT(DISTINCT admission_id) AS total_encounters,
        COUNT(DISTINCT patient_id) AS unique_patients,

        AVG(total_cost) AS avg_encounter_cost,

        SUM(
            CASE 
                WHEN hospital_expire_flag = 1 THEN 1
                ELSE 0
            END
        ) * 1.0 / NULLIF(COUNT(*), 0) AS mortality_rate

    FROM admissions
    GROUP BY provider_id
),


diagnosis_metrics AS (
    SELECT
        provider_id,
        COUNT(*) AS total_diagnoses
    FROM diagnosis
    GROUP BY provider_id
),


lab_metrics AS (
    SELECT
        provider_id,
        COUNT(*) AS total_lab_orders
    FROM lab_events
    GROUP BY provider_id
),

prescription_metrics AS (
    SELECT
        provider_id,
        COUNT(*) AS total_prescriptions
    FROM prescriptions
    GROUP BY provider_id
)

SELECT
    md5(cast(coalesce(cast(p.provider_id as TEXT), '_dbt_utils_surrogate_key_null_') as TEXT)) AS provider_performance_key,
    p.provider_id,

    p.provider_full_name,
    p.provider_specialty,
    p.provider_city,
    p.provider_state_code,

   
    COALESCE(em.total_encounters, 0) AS total_encounters,
    COALESCE(em.unique_patients, 0) AS unique_patients,
    COALESCE(dm.total_diagnoses, 0) AS total_diagnoses,
    COALESCE(lm.total_lab_orders, 0) AS total_lab_orders,
    COALESCE(pm.total_prescriptions, 0) AS total_prescriptions,
    COALESCE(em.mortality_rate, 0) AS mortality_rate

FROM providers p

LEFT JOIN encounter_metrics em
    ON p.provider_id = em.provider_id

LEFT JOIN diagnosis_metrics dm
    ON p.provider_id = dm.provider_id

LEFT JOIN lab_metrics lm
    ON p.provider_id = lm.provider_id

LEFT JOIN prescription_metrics pm
    ON p.provider_id = pm.provider_id
    )

/* {"app": "dbt", "dbt_version": "1.11.7", "profile_name": "raqib_sf", "target_name": "dev", "node_id": "model.raqib_sf.fact_providers_performance"} */;
[0m08:17:12.832595 [debug] [Thread-4 (]: SQL status: SUCCESS 4500 in 0.625 seconds
[0m08:17:12.843584 [debug] [Thread-4 (]: Applying DROP to: prod.dbt_dev_marts.dim_provider__dbt_tmp
[0m08:17:12.846841 [debug] [Thread-4 (]: Using snowflake connection "model.raqib_sf.dim_provider"
[0m08:17:12.847835 [debug] [Thread-4 (]: On model.raqib_sf.dim_provider: drop view if exists prod.dbt_dev_marts.dim_provider__dbt_tmp cascade
/* {"app": "dbt", "dbt_version": "1.11.7", "profile_name": "raqib_sf", "target_name": "dev", "node_id": "model.raqib_sf.dim_provider"} */
[0m08:17:12.942255 [debug] [Thread-4 (]: SQL status: SUCCESS 1 in 0.094 seconds
[0m08:17:12.945300 [debug] [Thread-4 (]: Sending event: {'category': 'dbt', 'action': 'run_model', 'label': '67604e84-f1d5-4204-9624-415b86b15e80', 'context': [<snowplow_tracker.self_describing_json.SelfDescribingJson object at 0x000001BE92618830>]}
[0m08:17:12.946310 [info ] [Thread-4 (]: 10 of 20 OK created sql incremental model prod.dbt_dev_marts.dim_provider ...... [[32mSUCCESS 4500[0m in 0.76s]
[0m08:17:12.947322 [debug] [Thread-4 (]: Finished running node model.raqib_sf.dim_provider
[0m08:17:12.947322 [debug] [Thread-4 (]: Began running node model.raqib_sf.int_encounters
[0m08:17:12.948322 [info ] [Thread-4 (]: 12 of 20 START sql view model dbt_dev.int_encounters ........................... [RUN]
[0m08:17:12.948322 [debug] [Thread-4 (]: Re-using an available connection from the pool (formerly model.raqib_sf.dim_provider, now model.raqib_sf.int_encounters)
[0m08:17:12.949320 [debug] [Thread-4 (]: Began compiling node model.raqib_sf.int_encounters
[0m08:17:12.980014 [debug] [Thread-4 (]: Writing injected SQL for node "model.raqib_sf.int_encounters"
[0m08:17:12.981014 [debug] [Thread-5 (]: SQL status: SUCCESS 115063 in 1.202 seconds
[0m08:17:12.985014 [debug] [Thread-5 (]: Applying DROP to: prod.dbt_dev_marts.dim_patients__dbt_tmp
[0m08:17:12.985014 [debug] [Thread-5 (]: Using snowflake connection "model.raqib_sf.dim_patients"
[0m08:17:12.986014 [debug] [Thread-5 (]: On model.raqib_sf.dim_patients: drop view if exists prod.dbt_dev_marts.dim_patients__dbt_tmp cascade
/* {"app": "dbt", "dbt_version": "1.11.7", "profile_name": "raqib_sf", "target_name": "dev", "node_id": "model.raqib_sf.dim_patients"} */
[0m08:17:12.988028 [debug] [Thread-4 (]: Began executing node model.raqib_sf.int_encounters
[0m08:17:12.990016 [debug] [Thread-4 (]: Writing runtime sql for node "model.raqib_sf.int_encounters"
[0m08:17:13.128870 [debug] [Thread-4 (]: Using snowflake connection "model.raqib_sf.int_encounters"
[0m08:17:13.131016 [debug] [Thread-4 (]: On model.raqib_sf.int_encounters: create or replace   view dev.dbt_dev.int_encounters
  
  
  
  
  as (
    WITH  __dbt__cte__stg_admissions as (
WITH raw_admissions AS (
    SELECT * 
    FROM raw.public.admissions
)

SELECT 
    admission_id,
    patient_id,
    admission_provider_id                                       AS provider_id,
    CAST(ADMISSION_DATETIME_IN AS TIMESTAMP)                    AS admitted_at,
    CAST(ADMISSION_DATETIME_OUT AS TIMESTAMP)                   AS discharged_at,
    UPPER(LEFT(admission_type, 1)) 
        || LOWER(SUBSTR(admission_type, 2))                     AS admission_type,
    admission_location,
    discharge_location,
    INITCAP(insurance_type)                                     AS insurance_type,
    total_cost,
    payer_coverage,
    hospital_expire_flag,
    primary_sdk
FROM raw_admissions
),  __dbt__cte__stg_patients as (
WITH raw_patients AS (
    SELECT *
    FROM raw.public.patients
)

SELECT 
    patient_id,
    ssn,
    INITCAP(first_name || ' ' || last_name) AS full_name,
    birthdate::DATE AS birthdate,
    YEAR(birthdate::DATE) AS birth_year,
    deathdate::DATE AS deathdate,
    CASE 
        WHEN deathdate IS NOT NULL THEN TRUE
        ELSE FALSE
    END AS is_dead,
    blood_type,
    CASE 
        WHEN marital = 'S' THEN 'Single'
        WHEN marital = 'M' THEN 'Married'
        WHEN marital = 'D' THEN 'Divorced'
        WHEN marital = 'W' THEN 'Widowed'
    END AS marital_status,
    INITCAP(REPLACE(race, '/', ' / ')) AS race,
    CASE
        WHEN UPPER(TRIM(ethnicity)) IN ('HISPANIC', 'HISPANIC OR LATINO')
            THEN 'Hispanic or Latino'
        WHEN UPPER(TRIM(ethnicity)) IN ('NONHISPANIC', 'NOT HISPANIC OR LATINO')
            THEN 'Not Hispanic or Latino'
        ELSE 'Unknown'
    END AS ethnicity,
    CASE 
        WHEN gender = 'F' THEN 'Female'
        WHEN gender = 'M' THEN 'Male'
        ELSE 'Unknown'
    END AS gender,
    INITCAP(language) AS spoken_language,
    INITCAP(TRIM(SPLIT_PART(birthplace, ',', 1))) AS birth_city,
    CASE UPPER(TRIM(SPLIT_PART(birthplace, ',',2)))
    WHEN 'CT' THEN 'Connecticut'
    WHEN 'ME' THEN 'Maine'
    WHEN 'MA' THEN 'Massachusetts'
    WHEN 'NH' THEN 'New Hampshire'
    WHEN 'RI' THEN 'Rhode Island'
    WHEN 'VT' THEN 'Vermont'
    WHEN 'NY' THEN 'New York'
    END AS birth_state,
    address,
    INITCAP(city) AS city,
    CASE UPPER(TRIM(country))
        WHEN 'US' THEN 'United States'
        WHEN 'UK' THEN 'United Kingdom' 
    END AS country,
    CAST(healthcare_expenses AS FLOAT) AS healthcare_expenses,
    CAST(healthcare_coverage AS FLOAT) AS healthcare_coverage,
    income AS income_usd
  
FROM raw_patients
),  __dbt__cte__stg_providers as (
WITH raw_providers AS (
    SELECT * 
    FROM raw.public.providers
)

SELECT 
    npi AS provider_id,
    INITCAP(provider_first_name || ' ' || provider_last_name) AS provider_full_name,
    INITCAP(provider_name_prefix) AS provider_name_prefix,
    REGEXP_LIKE(provider_name_prefix, '\\.$') AS is_valid_prefix,
    INITCAP(provider_address) AS provider_address,
    INITCAP(provider_city) AS provider_city,
    TRIM(provider_state_code) AS provider_state_code,
    TRIM(provider_country_code) AS provider_country_code,
    provider_postal_code,
    CASE 
        WHEN provider_sex_code = 'M' OR provider_sex_code = 'm' THEN 'Male'
        WHEN provider_sex_code = 'F' OR provider_sex_code = 'f' THEN 'Female'
        ELSE 'Unknown'
    END AS provider_gender,
    provider_telephone_number,
    CAST(provider_enumeration_date AS DATE) AS provider_enumeration_date,
    CASE 
        WHEN CAST(provider_enumeration_date AS DATE) IS NOT NULL THEN TRUE
        ELSE FALSE
    END AS is_valid_enumeration_date,
    CAST(provider_join_date AS DATE) AS provider_join_date,
    CASE 
        WHEN DATE(provider_join_date, 'YYYY-MM-DD') IS NOT NULL THEN TRUE
        ELSE FALSE
    END AS is_valid_join_date,
    provider_specialty

FROM raw_providers
), admissions AS (
    SELECT *
    FROM __dbt__cte__stg_admissions
),

patients AS (
    SELECT *
    FROM __dbt__cte__stg_patients
),

providers AS (
    SELECT *
    FROM __dbt__cte__stg_providers
),

base AS (
    SELECT
        md5(cast(coalesce(cast(a.admission_id as TEXT), '_dbt_utils_surrogate_key_null_') as TEXT))  AS encounter_key,
        a.admission_id,
        a.patient_id,
        a.provider_id,
        a.primary_sdk,
        a.admitted_at,
        a.discharged_at,

        CASE
            WHEN a.discharged_at IS NULL THEN TRUE
            ELSE FALSE
        END                                                         AS is_active_encounter,

        a.admission_type,
        a.admission_location,
        a.discharge_location,
        a.total_cost,
        a.payer_coverage,
        a.hospital_expire_flag,
        p.birthdate,
        pr.provider_specialty

    FROM admissions a
    LEFT JOIN patients p  ON a.patient_id  = p.patient_id
    LEFT JOIN providers pr ON a.provider_id = pr.provider_id
),

final AS (
    SELECT
        encounter_key,
        admission_id,
        patient_id,
        provider_id,
        primary_sdk,
        provider_specialty,

        admitted_at,
        discharged_at,
        is_active_encounter,

        DATEDIFF(
            'day',
            admitted_at,
            COALESCE(discharged_at, CURRENT_TIMESTAMP)
        )                                                           AS length_of_stay_days,

        admission_type,
        admission_location,
        discharge_location,

        total_cost,
        payer_coverage,

        ROUND(
            payer_coverage / NULLIF(total_cost, 0) * 100, 1
        )                                                           AS coverage_percentage,

        total_cost - payer_coverage                                 AS out_of_pocket_cost,

        DATEDIFF(
            'year',
            birthdate,
            admitted_at
        )                                                           AS age_at_admission,

        CASE
            WHEN DATEDIFF('year', birthdate, admitted_at) < 12
                THEN 'Child'
            WHEN DATEDIFF('year', birthdate, admitted_at) BETWEEN 12 AND 17
                THEN 'Teen'
            WHEN DATEDIFF('year', birthdate, admitted_at) BETWEEN 18 AND 60
                THEN 'Adult'
            ELSE 'Senior'
        END                                                         AS age_group,

        CASE
            WHEN hospital_expire_flag THEN 'Deceased'
            ELSE 'Alive'
        END                                                         AS discharge_status

    FROM base
)

SELECT *
FROM final
  )
/* {"app": "dbt", "dbt_version": "1.11.7", "profile_name": "raqib_sf", "target_name": "dev", "node_id": "model.raqib_sf.int_encounters"} */;
[0m08:17:13.133071 [debug] [Thread-5 (]: SQL status: SUCCESS 1 in 0.147 seconds
[0m08:17:13.136077 [debug] [Thread-5 (]: Sending event: {'category': 'dbt', 'action': 'run_model', 'label': '67604e84-f1d5-4204-9624-415b86b15e80', 'context': [<snowplow_tracker.self_describing_json.SelfDescribingJson object at 0x000001BE927D9130>]}
[0m08:17:13.137126 [info ] [Thread-5 (]: 9 of 20 OK created sql incremental model prod.dbt_dev_marts.dim_patients ....... [[32mSUCCESS 115063[0m in 1.39s]
[0m08:17:13.138374 [debug] [Thread-5 (]: Finished running node model.raqib_sf.dim_patients
[0m08:17:13.139702 [debug] [Thread-5 (]: Began running node model.raqib_sf.dim_services
[0m08:17:13.139702 [info ] [Thread-5 (]: 13 of 20 START sql table model prod.dbt_dev_marts.dim_services ................. [RUN]
[0m08:17:13.140839 [debug] [Thread-5 (]: Re-using an available connection from the pool (formerly model.raqib_sf.dim_patients, now model.raqib_sf.dim_services)
[0m08:17:13.141877 [debug] [Thread-5 (]: Began compiling node model.raqib_sf.dim_services
[0m08:17:13.149876 [debug] [Thread-5 (]: Writing injected SQL for node "model.raqib_sf.dim_services"
[0m08:17:13.151892 [debug] [Thread-5 (]: Began executing node model.raqib_sf.dim_services
[0m08:17:13.154878 [debug] [Thread-5 (]: Writing runtime sql for node "model.raqib_sf.dim_services"
[0m08:17:13.158371 [debug] [Thread-5 (]: Using snowflake connection "model.raqib_sf.dim_services"
[0m08:17:13.159427 [debug] [Thread-5 (]: On model.raqib_sf.dim_services: create or replace transient table prod.dbt_dev_marts.dim_services
    
    
    
    as (

with  __dbt__cte__stg_services as (
WITH raw_services AS (
    SELECT *
    FROM raw.public.services
)

SELECT 
    patient_id,
    admission_id,
    service_id,
    REGEXP_LIKE(service_id, '^SVC[0-9]+$') AS is_valid_service_id,
    CASE 
        WHEN CONTAINS(service_name, '–') 
        THEN TRIM(SPLIT_PART(service_name, '–', 1))
        WHEN CONTAINS(service_name, '(')
        THEN TRIM(SPLIT_PART(service_name, '(', 1))
        ELSE service_name 
    END AS service_name,

    CASE 
        WHEN CONTAINS(service_name, '–')
        THEN TRIM(SPLIT_PART(service_name, '–', 2))
        WHEN CONTAINS(service_name, '(')
        THEN TRIM(REPLACE(SPLIT_PART(service_name, '(', 2), ')', ''))
        ELSE NULL
    END AS service_sub_type,
    INITCAP(category) AS category,
    TRY_CAST(cost AS FLOAT) AS cost,
    duration AS service_duration_in_minutes
    
FROM raw_services
), services as (
    select *
    from __dbt__cte__stg_services
)

select    
    md5(cast(coalesce(cast(service_id as TEXT), '_dbt_utils_surrogate_key_null_') as TEXT)) AS service_dim_key,
    service_name,
    service_sub_type,
    category 
from services
    )

/* {"app": "dbt", "dbt_version": "1.11.7", "profile_name": "raqib_sf", "target_name": "dev", "node_id": "model.raqib_sf.dim_services"} */;
[0m08:17:13.428516 [debug] [Thread-4 (]: SQL status: SUCCESS 1 in 0.297 seconds
[0m08:17:13.436915 [debug] [Thread-4 (]: Sending event: {'category': 'dbt', 'action': 'run_model', 'label': '67604e84-f1d5-4204-9624-415b86b15e80', 'context': [<snowplow_tracker.self_describing_json.SelfDescribingJson object at 0x000001BE92681340>]}
[0m08:17:13.438906 [info ] [Thread-4 (]: 12 of 20 OK created sql view model dbt_dev.int_encounters ...................... [[32mSUCCESS 1[0m in 0.49s]
[0m08:17:13.440859 [debug] [Thread-4 (]: Finished running node model.raqib_sf.int_encounters
[0m08:17:13.442845 [debug] [Thread-4 (]: Began running node model.raqib_sf.fact_lab_results
[0m08:17:13.444853 [info ] [Thread-4 (]: 14 of 20 START sql incremental model prod.dbt_dev_marts.fact_lab_results ....... [RUN]
[0m08:17:13.445838 [debug] [Thread-4 (]: Re-using an available connection from the pool (formerly model.raqib_sf.int_encounters, now model.raqib_sf.fact_lab_results)
[0m08:17:13.447143 [debug] [Thread-4 (]: Began compiling node model.raqib_sf.fact_lab_results
[0m08:17:13.453206 [debug] [Thread-4 (]: Writing injected SQL for node "model.raqib_sf.fact_lab_results"
[0m08:17:13.454250 [debug] [Thread-4 (]: Began executing node model.raqib_sf.fact_lab_results
[0m08:17:13.462203 [debug] [Thread-4 (]: Writing runtime sql for node "model.raqib_sf.fact_lab_results"
[0m08:17:13.464202 [debug] [Thread-4 (]: Using snowflake connection "model.raqib_sf.fact_lab_results"
[0m08:17:13.465199 [debug] [Thread-4 (]: On model.raqib_sf.fact_lab_results: create or replace transient table prod.dbt_dev_marts.fact_lab_results
    
    
    
    as (SELECT
    lab_event_key,
    lab_event_id,
    patient_id,
    admission_id,
    provider_id,
    specimen_id,
    item_id,
    lab_done_at,
    lab_stored_at,
    test_name,
    label_sub_type,
    fluid,
    category_type,
    category_sub_type,
    specialty_1,
    specialty_2,
    result_value,
    measurement_unit,
    range_lower,
    range_higher,
    abnormal_flag,
    cost
FROM dev.dbt_dev.int_lab_analysis
    )

/* {"app": "dbt", "dbt_version": "1.11.7", "profile_name": "raqib_sf", "target_name": "dev", "node_id": "model.raqib_sf.fact_lab_results"} */;
[0m08:17:13.686786 [debug] [Thread-2 (]: SQL status: SUCCESS 500000 in 2.631 seconds
[0m08:17:13.695853 [debug] [Thread-2 (]: Sending event: {'category': 'dbt', 'action': 'run_model', 'label': '67604e84-f1d5-4204-9624-415b86b15e80', 'context': [<snowplow_tracker.self_describing_json.SelfDescribingJson object at 0x000001BE90D83B60>]}
[0m08:17:13.698919 [info ] [Thread-2 (]: 5 of 20 OK created sql table model prod.dbt_dev_marts.dim_diagnosis ............ [[32mSUCCESS 500000[0m in 2.66s]
[0m08:17:13.701848 [debug] [Thread-2 (]: Finished running node model.raqib_sf.dim_diagnosis
[0m08:17:13.702903 [debug] [Thread-2 (]: Began running node model.raqib_sf.fact_encounters
[0m08:17:13.704846 [info ] [Thread-2 (]: 15 of 20 START sql incremental model prod.dbt_dev_marts.fact_encounters ........ [RUN]
[0m08:17:13.707100 [debug] [Thread-2 (]: Re-using an available connection from the pool (formerly model.raqib_sf.dim_diagnosis, now model.raqib_sf.fact_encounters)
[0m08:17:13.708097 [debug] [Thread-2 (]: Began compiling node model.raqib_sf.fact_encounters
[0m08:17:13.715090 [debug] [Thread-2 (]: Writing injected SQL for node "model.raqib_sf.fact_encounters"
[0m08:17:13.717092 [debug] [Thread-2 (]: Began executing node model.raqib_sf.fact_encounters
[0m08:17:13.723747 [debug] [Thread-2 (]: Writing runtime sql for node "model.raqib_sf.fact_encounters"
[0m08:17:13.725707 [debug] [Thread-2 (]: Using snowflake connection "model.raqib_sf.fact_encounters"
[0m08:17:13.727067 [debug] [Thread-2 (]: On model.raqib_sf.fact_encounters: create or replace transient table prod.dbt_dev_marts.fact_encounters
    
    
    
    as (SELECT
    encounter_key,
    admission_id,
    patient_id,
    provider_id,
    primary_sdk,
    provider_specialty,
    admitted_at,
    discharged_at,
    is_active_encounter,
    length_of_stay_days,
    admission_type,
    admission_location,
    discharge_location,
    total_cost,
    payer_coverage,
    coverage_percentage,
    out_of_pocket_cost,
    age_at_admission,
    age_group,
    discharge_status
FROM dev.dbt_dev.int_encounters
    )

/* {"app": "dbt", "dbt_version": "1.11.7", "profile_name": "raqib_sf", "target_name": "dev", "node_id": "model.raqib_sf.fact_encounters"} */;
[0m08:17:14.529950 [debug] [Thread-3 (]: SQL status: SUCCESS 4500 in 1.965 seconds
[0m08:17:14.540203 [debug] [Thread-3 (]: Applying DROP to: prod.dbt_dev_marts.fact_providers_performance__dbt_tmp
[0m08:17:14.543206 [debug] [Thread-3 (]: Using snowflake connection "model.raqib_sf.fact_providers_performance"
[0m08:17:14.544206 [debug] [Thread-3 (]: On model.raqib_sf.fact_providers_performance: drop view if exists prod.dbt_dev_marts.fact_providers_performance__dbt_tmp cascade
/* {"app": "dbt", "dbt_version": "1.11.7", "profile_name": "raqib_sf", "target_name": "dev", "node_id": "model.raqib_sf.fact_providers_performance"} */
[0m08:17:14.666886 [debug] [Thread-3 (]: SQL status: SUCCESS 1 in 0.122 seconds
[0m08:17:14.672867 [debug] [Thread-3 (]: Sending event: {'category': 'dbt', 'action': 'run_model', 'label': '67604e84-f1d5-4204-9624-415b86b15e80', 'context': [<snowplow_tracker.self_describing_json.SelfDescribingJson object at 0x000001BE90F66C00>]}
[0m08:17:14.674803 [info ] [Thread-3 (]: 11 of 20 OK created sql incremental model prod.dbt_dev_marts.fact_providers_performance  [[32mSUCCESS 4500[0m in 2.15s]
[0m08:17:14.677014 [debug] [Thread-3 (]: Finished running node model.raqib_sf.fact_providers_performance
[0m08:17:14.679012 [debug] [Thread-3 (]: Began running node model.raqib_sf.fact_patient_finances
[0m08:17:14.680013 [info ] [Thread-3 (]: 16 of 20 START sql incremental model prod.dbt_dev_marts.fact_patient_finances .. [RUN]
[0m08:17:14.682009 [debug] [Thread-3 (]: Re-using an available connection from the pool (formerly model.raqib_sf.fact_providers_performance, now model.raqib_sf.fact_patient_finances)
[0m08:17:14.683011 [debug] [Thread-3 (]: Began compiling node model.raqib_sf.fact_patient_finances
[0m08:17:14.706046 [debug] [Thread-3 (]: Writing injected SQL for node "model.raqib_sf.fact_patient_finances"
[0m08:17:14.707044 [debug] [Thread-3 (]: Began executing node model.raqib_sf.fact_patient_finances
[0m08:17:14.712224 [debug] [Thread-3 (]: Writing runtime sql for node "model.raqib_sf.fact_patient_finances"
[0m08:17:14.716226 [debug] [Thread-3 (]: Using snowflake connection "model.raqib_sf.fact_patient_finances"
[0m08:17:14.717221 [debug] [Thread-3 (]: On model.raqib_sf.fact_patient_finances: create or replace transient table prod.dbt_dev_marts.fact_patient_finances
    
    
    
    as (WITH  __dbt__cte__stg_patients as (
WITH raw_patients AS (
    SELECT *
    FROM raw.public.patients
)

SELECT 
    patient_id,
    ssn,
    INITCAP(first_name || ' ' || last_name) AS full_name,
    birthdate::DATE AS birthdate,
    YEAR(birthdate::DATE) AS birth_year,
    deathdate::DATE AS deathdate,
    CASE 
        WHEN deathdate IS NOT NULL THEN TRUE
        ELSE FALSE
    END AS is_dead,
    blood_type,
    CASE 
        WHEN marital = 'S' THEN 'Single'
        WHEN marital = 'M' THEN 'Married'
        WHEN marital = 'D' THEN 'Divorced'
        WHEN marital = 'W' THEN 'Widowed'
    END AS marital_status,
    INITCAP(REPLACE(race, '/', ' / ')) AS race,
    CASE
        WHEN UPPER(TRIM(ethnicity)) IN ('HISPANIC', 'HISPANIC OR LATINO')
            THEN 'Hispanic or Latino'
        WHEN UPPER(TRIM(ethnicity)) IN ('NONHISPANIC', 'NOT HISPANIC OR LATINO')
            THEN 'Not Hispanic or Latino'
        ELSE 'Unknown'
    END AS ethnicity,
    CASE 
        WHEN gender = 'F' THEN 'Female'
        WHEN gender = 'M' THEN 'Male'
        ELSE 'Unknown'
    END AS gender,
    INITCAP(language) AS spoken_language,
    INITCAP(TRIM(SPLIT_PART(birthplace, ',', 1))) AS birth_city,
    CASE UPPER(TRIM(SPLIT_PART(birthplace, ',',2)))
    WHEN 'CT' THEN 'Connecticut'
    WHEN 'ME' THEN 'Maine'
    WHEN 'MA' THEN 'Massachusetts'
    WHEN 'NH' THEN 'New Hampshire'
    WHEN 'RI' THEN 'Rhode Island'
    WHEN 'VT' THEN 'Vermont'
    WHEN 'NY' THEN 'New York'
    END AS birth_state,
    address,
    INITCAP(city) AS city,
    CASE UPPER(TRIM(country))
        WHEN 'US' THEN 'United States'
        WHEN 'UK' THEN 'United Kingdom' 
    END AS country,
    CAST(healthcare_expenses AS FLOAT) AS healthcare_expenses,
    CAST(healthcare_coverage AS FLOAT) AS healthcare_coverage,
    income AS income_usd
  
FROM raw_patients
), patients AS (
    SELECT
        patient_id,
        healthcare_expenses,
        healthcare_coverage,
        income_usd
    FROM __dbt__cte__stg_patients
),

encounter_finances AS (
    SELECT
        patient_id,
        SUM(total_cost)          AS total_admissions_cost,
        SUM(payer_coverage)      AS total_payer_coverage,
        SUM(out_of_pocket_cost)  AS total_out_of_pocket,
        AVG(coverage_percentage) AS avg_coverage_percentage
    FROM dev.dbt_dev.int_encounters
    GROUP BY patient_id
)

SELECT
    md5(cast(coalesce(cast(p.patient_id as TEXT), '_dbt_utils_surrogate_key_null_') as TEXT)) AS patient_key,
    p.patient_id,
    p.healthcare_expenses,
    p.healthcare_coverage,
    p.income_usd,
    COALESCE(ef.total_admissions_cost, 0)    AS total_admissions_cost,
    COALESCE(ef.total_payer_coverage, 0)     AS total_payer_coverage,
    COALESCE(ef.total_out_of_pocket, 0)      AS total_out_of_pocket,
    COALESCE(ef.avg_coverage_percentage, 0)  AS avg_coverage_percentage
FROM patients p
LEFT JOIN encounter_finances ef ON p.patient_id = ef.patient_id
    )

/* {"app": "dbt", "dbt_version": "1.11.7", "profile_name": "raqib_sf", "target_name": "dev", "node_id": "model.raqib_sf.fact_patient_finances"} */;
[0m08:17:16.238417 [debug] [Thread-3 (]: SQL status: SUCCESS 115063 in 1.520 seconds
[0m08:17:16.251101 [debug] [Thread-3 (]: Applying DROP to: prod.dbt_dev_marts.fact_patient_finances__dbt_tmp
[0m08:17:16.253084 [debug] [Thread-3 (]: Using snowflake connection "model.raqib_sf.fact_patient_finances"
[0m08:17:16.255187 [debug] [Thread-3 (]: On model.raqib_sf.fact_patient_finances: drop view if exists prod.dbt_dev_marts.fact_patient_finances__dbt_tmp cascade
/* {"app": "dbt", "dbt_version": "1.11.7", "profile_name": "raqib_sf", "target_name": "dev", "node_id": "model.raqib_sf.fact_patient_finances"} */
[0m08:17:16.360437 [debug] [Thread-3 (]: SQL status: SUCCESS 1 in 0.104 seconds
[0m08:17:16.368437 [debug] [Thread-3 (]: Sending event: {'category': 'dbt', 'action': 'run_model', 'label': '67604e84-f1d5-4204-9624-415b86b15e80', 'context': [<snowplow_tracker.self_describing_json.SelfDescribingJson object at 0x000001BE90B0EBA0>]}
[0m08:17:16.370430 [info ] [Thread-3 (]: 16 of 20 OK created sql incremental model prod.dbt_dev_marts.fact_patient_finances  [[32mSUCCESS 115063[0m in 1.69s]
[0m08:17:16.372372 [debug] [Thread-3 (]: Finished running node model.raqib_sf.fact_patient_finances
[0m08:17:16.373433 [debug] [Thread-3 (]: Began running node model.raqib_sf.fact_patient_services
[0m08:17:16.375437 [info ] [Thread-3 (]: 17 of 20 START sql incremental model prod.dbt_dev_marts.fact_patient_services .. [RUN]
[0m08:17:16.376373 [debug] [Thread-3 (]: Re-using an available connection from the pool (formerly model.raqib_sf.fact_patient_finances, now model.raqib_sf.fact_patient_services)
[0m08:17:16.378383 [debug] [Thread-3 (]: Began compiling node model.raqib_sf.fact_patient_services
[0m08:17:16.392566 [debug] [Thread-3 (]: Writing injected SQL for node "model.raqib_sf.fact_patient_services"
[0m08:17:16.393567 [debug] [Thread-3 (]: Began executing node model.raqib_sf.fact_patient_services
[0m08:17:16.397567 [debug] [Thread-3 (]: Writing runtime sql for node "model.raqib_sf.fact_patient_services"
[0m08:17:16.400562 [debug] [Thread-3 (]: Using snowflake connection "model.raqib_sf.fact_patient_services"
[0m08:17:16.400562 [debug] [Thread-3 (]: On model.raqib_sf.fact_patient_services: create or replace transient table prod.dbt_dev_marts.fact_patient_services
    
    
    
    as (WITH  __dbt__cte__stg_services as (
WITH raw_services AS (
    SELECT *
    FROM raw.public.services
)

SELECT 
    patient_id,
    admission_id,
    service_id,
    REGEXP_LIKE(service_id, '^SVC[0-9]+$') AS is_valid_service_id,
    CASE 
        WHEN CONTAINS(service_name, '–') 
        THEN TRIM(SPLIT_PART(service_name, '–', 1))
        WHEN CONTAINS(service_name, '(')
        THEN TRIM(SPLIT_PART(service_name, '(', 1))
        ELSE service_name 
    END AS service_name,

    CASE 
        WHEN CONTAINS(service_name, '–')
        THEN TRIM(SPLIT_PART(service_name, '–', 2))
        WHEN CONTAINS(service_name, '(')
        THEN TRIM(REPLACE(SPLIT_PART(service_name, '(', 2), ')', ''))
        ELSE NULL
    END AS service_sub_type,
    INITCAP(category) AS category,
    TRY_CAST(cost AS FLOAT) AS cost,
    duration AS service_duration_in_minutes
    
FROM raw_services
), services AS (
    SELECT *
    FROM __dbt__cte__stg_services
)

SELECT
    md5(cast(coalesce(cast(s.service_id as TEXT), '_dbt_utils_surrogate_key_null_') || '-' || coalesce(cast(s.patient_id as TEXT), '_dbt_utils_surrogate_key_null_') || '-' || coalesce(cast(s.admission_id as TEXT), '_dbt_utils_surrogate_key_null_') as TEXT)) AS service_key,
    dp.patient_key,
    ie.encounter_key,
    s.service_id,
    s.patient_id,
    s.admission_id,
    s.cost,
    s.service_duration_in_minutes
FROM services s
LEFT JOIN prod.dbt_dev_marts.dim_patients dp ON s.patient_id = dp.patient_id
LEFT JOIN dev.dbt_dev.int_encounters ie ON s.admission_id = ie.admission_id
    )

/* {"app": "dbt", "dbt_version": "1.11.7", "profile_name": "raqib_sf", "target_name": "dev", "node_id": "model.raqib_sf.fact_patient_services"} */;
[0m08:17:16.532563 [debug] [Thread-5 (]: SQL status: SUCCESS 1663395 in 3.372 seconds
[0m08:17:16.539613 [debug] [Thread-5 (]: Sending event: {'category': 'dbt', 'action': 'run_model', 'label': '67604e84-f1d5-4204-9624-415b86b15e80', 'context': [<snowplow_tracker.self_describing_json.SelfDescribingJson object at 0x000001BEF86EFAD0>]}
[0m08:17:16.541603 [info ] [Thread-5 (]: 13 of 20 OK created sql table model prod.dbt_dev_marts.dim_services ............ [[32mSUCCESS 1663395[0m in 3.40s]
[0m08:17:16.543666 [debug] [Thread-5 (]: Finished running node model.raqib_sf.dim_services
[0m08:17:16.544662 [debug] [Thread-5 (]: Began running node model.raqib_sf.fact_transfers
[0m08:17:16.545660 [info ] [Thread-5 (]: 18 of 20 START sql incremental model prod.dbt_dev_marts.fact_transfers ......... [RUN]
[0m08:17:16.546661 [debug] [Thread-5 (]: Re-using an available connection from the pool (formerly model.raqib_sf.dim_services, now model.raqib_sf.fact_transfers)
[0m08:17:16.546661 [debug] [Thread-5 (]: Began compiling node model.raqib_sf.fact_transfers
[0m08:17:16.565215 [debug] [Thread-5 (]: Writing injected SQL for node "model.raqib_sf.fact_transfers"
[0m08:17:16.566215 [debug] [Thread-5 (]: Began executing node model.raqib_sf.fact_transfers
[0m08:17:16.570406 [debug] [Thread-5 (]: Writing runtime sql for node "model.raqib_sf.fact_transfers"
[0m08:17:16.573406 [debug] [Thread-5 (]: Using snowflake connection "model.raqib_sf.fact_transfers"
[0m08:17:16.574501 [debug] [Thread-5 (]: On model.raqib_sf.fact_transfers: create or replace transient table prod.dbt_dev_marts.fact_transfers
    
    
    
    as (with __dbt__cte__stg_transfers as (
WITH raw_transfers AS (
    SELECT *
    FROM raw.public.transfers
)

SELECT 
    transfer_id,
    patient_id,
    admission_id,
    from_department,
    to_department,
    (from_department = to_department) AS is_same_department_transfer,
    CAST(transfer_datetime AS TIMESTAMP) AS transfer_datetime,
    transfer_reason
    
FROM raw_transfers
) SELECT
    md5(cast(coalesce(cast(t.transfer_id as TEXT), '_dbt_utils_surrogate_key_null_') || '-' || coalesce(cast(t.patient_id as TEXT), '_dbt_utils_surrogate_key_null_') || '-' || coalesce(cast(t.admission_id as TEXT), '_dbt_utils_surrogate_key_null_') as TEXT))                                       AS transfer_key,

    t.transfer_id,
    dp.patient_key,
    ie.encounter_key,
    dd.date_key                                 AS transfer_date_key,
    dt.time_key                                 AS transfer_time_key,
    t.from_department,
    t.to_department,
    t.is_same_department_transfer,
    t.transfer_reason

FROM __dbt__cte__stg_transfers t
LEFT JOIN prod.dbt_dev_marts.dim_patients dp
    ON t.patient_id = dp.patient_id
LEFT JOIN dev.dbt_dev.int_encounters ie
    ON t.admission_id = ie.admission_id
LEFT JOIN prod.dbt_dev_marts.dim_date dd
    ON CAST(t.transfer_datetime AS DATE) = dd.date_bk
LEFT JOIN prod.dbt_dev_marts.dim_time dt
    ON CAST(t.transfer_datetime AS TIME) = dt.time_bk
    )

/* {"app": "dbt", "dbt_version": "1.11.7", "profile_name": "raqib_sf", "target_name": "dev", "node_id": "model.raqib_sf.fact_transfers"} */;
[0m08:17:18.853652 [debug] [Thread-5 (]: SQL status: SUCCESS 119591 in 2.280 seconds
[0m08:17:18.857342 [debug] [Thread-5 (]: Applying DROP to: prod.dbt_dev_marts.fact_transfers__dbt_tmp
[0m08:17:18.858340 [debug] [Thread-5 (]: Using snowflake connection "model.raqib_sf.fact_transfers"
[0m08:17:18.859340 [debug] [Thread-5 (]: On model.raqib_sf.fact_transfers: drop view if exists prod.dbt_dev_marts.fact_transfers__dbt_tmp cascade
/* {"app": "dbt", "dbt_version": "1.11.7", "profile_name": "raqib_sf", "target_name": "dev", "node_id": "model.raqib_sf.fact_transfers"} */
[0m08:17:18.977590 [debug] [Thread-5 (]: SQL status: SUCCESS 1 in 0.117 seconds
[0m08:17:18.985590 [debug] [Thread-5 (]: Sending event: {'category': 'dbt', 'action': 'run_model', 'label': '67604e84-f1d5-4204-9624-415b86b15e80', 'context': [<snowplow_tracker.self_describing_json.SelfDescribingJson object at 0x000001BE909B20C0>]}
[0m08:17:18.987580 [info ] [Thread-5 (]: 18 of 20 OK created sql incremental model prod.dbt_dev_marts.fact_transfers .... [[32mSUCCESS 119591[0m in 2.44s]
[0m08:17:18.989566 [debug] [Thread-5 (]: Finished running node model.raqib_sf.fact_transfers
[0m08:17:18.990565 [debug] [Thread-5 (]: Began running node model.raqib_sf.int_clinical_events
[0m08:17:18.992565 [info ] [Thread-5 (]: 19 of 20 START sql view model dbt_dev.int_clinical_events ...................... [RUN]
[0m08:17:18.993563 [debug] [Thread-5 (]: Re-using an available connection from the pool (formerly model.raqib_sf.fact_transfers, now model.raqib_sf.int_clinical_events)
[0m08:17:18.995627 [debug] [Thread-5 (]: Began compiling node model.raqib_sf.int_clinical_events
[0m08:17:19.050519 [debug] [Thread-5 (]: Writing injected SQL for node "model.raqib_sf.int_clinical_events"
[0m08:17:19.051529 [debug] [Thread-5 (]: Began executing node model.raqib_sf.int_clinical_events
[0m08:17:19.055570 [debug] [Thread-5 (]: Writing runtime sql for node "model.raqib_sf.int_clinical_events"
[0m08:17:19.060157 [debug] [Thread-5 (]: Using snowflake connection "model.raqib_sf.int_clinical_events"
[0m08:17:19.060157 [debug] [Thread-5 (]: On model.raqib_sf.int_clinical_events: create or replace   view dev.dbt_dev.int_clinical_events
  
  
  
  
  as (
    WITH  __dbt__cte__stg_diagnosis as (
WITH raw_diagnosis AS (
    SELECT * 
    FROM raw.public.diagnosis
)

SELECT 
    diagnosis_id,
    patient_id,
    admission_id,
    provider_id,
    sub_domain_key,
    TRIM(REGEXP_REPLACE(description, '\\s*\\([^)]+\\)', '')) AS description,
    REGEXP_SUBSTR(description, '\\(([^)]+)\\)', 1, 1, 'e', 1) AS description_type,
    TRIM(SPLIT_PART(REGEXP_REPLACE(SPLIT_PART(sub_domain, ' – ', 2), '\\s*/\\s*', ' & '), ' & ', 1)) AS domain,
    NULLIF(TRIM(SPLIT_PART(REGEXP_REPLACE(SPLIT_PART(sub_domain, ' – ', 2), '\\s*/\\s*', ' & '), ' & ', 2)), '') AS sub_domain
FROM raw_diagnosis
),  __dbt__cte__stg_prescriptions as (
WITH raw_prescriptions AS (
    SELECT *
    FROM raw.public.prescriptions 
)
SELECT 
    prescription_id,
    patient_id,
    admission_id,
    provider_id,
    drug_id,
    CAST(prescribed_date AS TIMESTAMP) AS prescribed_date,
    INITCAP(status) AS status
FROM raw_prescriptions
),  __dbt__cte__stg_drugs as (
with raw_drugs as (
    select * 
    from raw.public.drugs
)

select 
    drug_id,
    case 
        when brand_name is not null then initcap(brand_name)
        when brand_name is null and generic_name ilike 'Atropine Sulfate Injection%' then 'AtroPen'
        when brand_name is null and generic_name ilike 'Midazolam Injection%' then 'Versed'
        when brand_name is null and generic_name = 'Tadalafil' then 'Cialis'
    end as brand_name,
    case 
        when generic_name is not null then initcap(generic_name) 
        when generic_name is null then brand_name
    end as generic_name,
    initcap(route) as route,
    indications,
    dosage,
    contraindications,
    side_effects,
    warnings,
    has_contraindications,
    has_side_effects
    
from raw_drugs
), all_events AS (
    SELECT 
        admission_id, 
        patient_id, 
        'Diagnosis'                                                      AS event_type, 
        description                                                      AS event_name, 
        NULL::TIMESTAMP                                                  AS event_date,
        NULL::FLOAT                                                      AS cost,
        diagnosis_id::VARCHAR                                            AS source_id
    FROM __dbt__cte__stg_diagnosis

    UNION ALL

    SELECT 
        le.admission_id, 
        le.patient_id, 
        'Lab'                                                            AS event_type, 
        le.test_name                                                        AS event_name, 
        le.lab_done_at                                                   AS event_date,
        le.cost,
        le.lab_event_id::VARCHAR                                         AS source_id
    FROM dev.dbt_dev.int_lab_analysis le

    UNION ALL

    SELECT 
        p.admission_id, 
        p.patient_id, 
        'Medication'                                                     AS event_type, 
        d.brand_name                                                     AS event_name, 
        p.prescribed_date                                                AS event_date,
        NULL::FLOAT                                                      AS cost,
        p.prescription_id::VARCHAR                                       AS source_id
    FROM __dbt__cte__stg_prescriptions p
    LEFT JOIN __dbt__cte__stg_drugs d 
        ON p.drug_id = d.drug_id
),

events_with_date AS (
    SELECT
        ae.admission_id,
        ae.patient_id,
        ae.event_type,
        ae.event_name,
        ae.source_id,
        ae.cost,
        COALESCE(ae.event_date, e.admitted_at)                          AS event_date
    FROM all_events ae
    LEFT JOIN dev.dbt_dev.int_encounters e 
        ON ae.admission_id = e.admission_id
)

SELECT
    md5(cast(coalesce(cast(admission_id as TEXT), '_dbt_utils_surrogate_key_null_') || '-' || coalesce(cast(event_type as TEXT), '_dbt_utils_surrogate_key_null_') || '-' || coalesce(cast(event_date as TEXT), '_dbt_utils_surrogate_key_null_') || '-' || coalesce(cast(event_name as TEXT), '_dbt_utils_surrogate_key_null_') || '-' || coalesce(cast(source_id as TEXT), '_dbt_utils_surrogate_key_null_') as TEXT))                                                                AS event_key,

    admission_id,
    patient_id,
    event_type,
    event_name,
    event_date,
    COALESCE(cost, 0)                                                    AS event_cost

FROM events_with_date
  )
/* {"app": "dbt", "dbt_version": "1.11.7", "profile_name": "raqib_sf", "target_name": "dev", "node_id": "model.raqib_sf.int_clinical_events"} */;
[0m08:17:19.602173 [debug] [Thread-5 (]: SQL status: SUCCESS 1 in 0.540 seconds
[0m08:17:19.610175 [debug] [Thread-5 (]: Sending event: {'category': 'dbt', 'action': 'run_model', 'label': '67604e84-f1d5-4204-9624-415b86b15e80', 'context': [<snowplow_tracker.self_describing_json.SelfDescribingJson object at 0x000001BEFB8686E0>]}
[0m08:17:19.612180 [info ] [Thread-5 (]: 19 of 20 OK created sql view model dbt_dev.int_clinical_events ................. [[32mSUCCESS 1[0m in 0.62s]
[0m08:17:19.615174 [debug] [Thread-5 (]: Finished running node model.raqib_sf.int_clinical_events
[0m08:17:19.618110 [debug] [Thread-5 (]: Began running node model.raqib_sf.fact_clinical_events
[0m08:17:19.620114 [info ] [Thread-5 (]: 20 of 20 START sql incremental model prod.dbt_dev_marts.fact_clinical_events ... [RUN]
[0m08:17:19.623113 [debug] [Thread-5 (]: Re-using an available connection from the pool (formerly model.raqib_sf.int_clinical_events, now model.raqib_sf.fact_clinical_events)
[0m08:17:19.624405 [debug] [Thread-5 (]: Began compiling node model.raqib_sf.fact_clinical_events
[0m08:17:19.639535 [debug] [Thread-5 (]: Writing injected SQL for node "model.raqib_sf.fact_clinical_events"
[0m08:17:19.643552 [debug] [Thread-5 (]: Began executing node model.raqib_sf.fact_clinical_events
[0m08:17:19.656921 [debug] [Thread-5 (]: Writing runtime sql for node "model.raqib_sf.fact_clinical_events"
[0m08:17:19.660025 [debug] [Thread-5 (]: Using snowflake connection "model.raqib_sf.fact_clinical_events"
[0m08:17:19.661081 [debug] [Thread-5 (]: On model.raqib_sf.fact_clinical_events: create or replace transient table prod.dbt_dev_marts.fact_clinical_events
    
    
    
    as (SELECT
    event_key,
    admission_id,
    patient_id,
    event_type,
    event_name,
    event_date,
    event_cost
FROM dev.dbt_dev.int_clinical_events
    )

/* {"app": "dbt", "dbt_version": "1.11.7", "profile_name": "raqib_sf", "target_name": "dev", "node_id": "model.raqib_sf.fact_clinical_events"} */;
[0m08:17:19.839566 [debug] [Thread-3 (]: SQL status: SUCCESS 1663395 in 3.438 seconds
[0m08:17:19.845622 [debug] [Thread-3 (]: Applying DROP to: prod.dbt_dev_marts.fact_patient_services__dbt_tmp
[0m08:17:19.846622 [debug] [Thread-3 (]: Using snowflake connection "model.raqib_sf.fact_patient_services"
[0m08:17:19.847615 [debug] [Thread-3 (]: On model.raqib_sf.fact_patient_services: drop view if exists prod.dbt_dev_marts.fact_patient_services__dbt_tmp cascade
/* {"app": "dbt", "dbt_version": "1.11.7", "profile_name": "raqib_sf", "target_name": "dev", "node_id": "model.raqib_sf.fact_patient_services"} */
[0m08:17:19.949135 [debug] [Thread-3 (]: SQL status: SUCCESS 1 in 0.101 seconds
[0m08:17:19.957318 [debug] [Thread-3 (]: Sending event: {'category': 'dbt', 'action': 'run_model', 'label': '67604e84-f1d5-4204-9624-415b86b15e80', 'context': [<snowplow_tracker.self_describing_json.SelfDescribingJson object at 0x000001BE90CBC5F0>]}
[0m08:17:19.960320 [info ] [Thread-3 (]: 17 of 20 OK created sql incremental model prod.dbt_dev_marts.fact_patient_services  [[32mSUCCESS 1663395[0m in 3.58s]
[0m08:17:19.963940 [debug] [Thread-3 (]: Finished running node model.raqib_sf.fact_patient_services
[0m08:17:20.110892 [debug] [Thread-4 (]: SQL status: SUCCESS 2093218 in 6.645 seconds
[0m08:17:20.122884 [debug] [Thread-4 (]: Applying DROP to: prod.dbt_dev_marts.fact_lab_results__dbt_tmp
[0m08:17:20.124886 [debug] [Thread-4 (]: Using snowflake connection "model.raqib_sf.fact_lab_results"
[0m08:17:20.125886 [debug] [Thread-4 (]: On model.raqib_sf.fact_lab_results: drop view if exists prod.dbt_dev_marts.fact_lab_results__dbt_tmp cascade
/* {"app": "dbt", "dbt_version": "1.11.7", "profile_name": "raqib_sf", "target_name": "dev", "node_id": "model.raqib_sf.fact_lab_results"} */
[0m08:17:20.245071 [debug] [Thread-4 (]: SQL status: SUCCESS 1 in 0.118 seconds
[0m08:17:20.254100 [debug] [Thread-4 (]: Sending event: {'category': 'dbt', 'action': 'run_model', 'label': '67604e84-f1d5-4204-9624-415b86b15e80', 'context': [<snowplow_tracker.self_describing_json.SelfDescribingJson object at 0x000001BE92680AA0>]}
[0m08:17:20.256108 [info ] [Thread-4 (]: 14 of 20 OK created sql incremental model prod.dbt_dev_marts.fact_lab_results .. [[32mSUCCESS 2093218[0m in 6.81s]
[0m08:17:20.259059 [debug] [Thread-4 (]: Finished running node model.raqib_sf.fact_lab_results
[0m08:17:21.992044 [debug] [Thread-2 (]: SQL status: SUCCESS 5634706 in 8.265 seconds
[0m08:17:21.997136 [debug] [Thread-2 (]: Applying DROP to: prod.dbt_dev_marts.fact_encounters__dbt_tmp
[0m08:17:21.998137 [debug] [Thread-2 (]: Using snowflake connection "model.raqib_sf.fact_encounters"
[0m08:17:21.999140 [debug] [Thread-2 (]: On model.raqib_sf.fact_encounters: drop view if exists prod.dbt_dev_marts.fact_encounters__dbt_tmp cascade
/* {"app": "dbt", "dbt_version": "1.11.7", "profile_name": "raqib_sf", "target_name": "dev", "node_id": "model.raqib_sf.fact_encounters"} */
[0m08:17:22.096979 [debug] [Thread-2 (]: SQL status: SUCCESS 1 in 0.097 seconds
[0m08:17:22.106168 [debug] [Thread-2 (]: Sending event: {'category': 'dbt', 'action': 'run_model', 'label': '67604e84-f1d5-4204-9624-415b86b15e80', 'context': [<snowplow_tracker.self_describing_json.SelfDescribingJson object at 0x000001BE926838C0>]}
[0m08:17:22.108214 [info ] [Thread-2 (]: 15 of 20 OK created sql incremental model prod.dbt_dev_marts.fact_encounters ... [[32mSUCCESS 5634706[0m in 8.40s]
[0m08:17:22.110162 [debug] [Thread-2 (]: Finished running node model.raqib_sf.fact_encounters
[0m08:17:23.621154 [debug] [Thread-5 (]: SQL status: SUCCESS 3361583 in 3.959 seconds
[0m08:17:23.626144 [debug] [Thread-5 (]: Applying DROP to: prod.dbt_dev_marts.fact_clinical_events__dbt_tmp
[0m08:17:23.627142 [debug] [Thread-5 (]: Using snowflake connection "model.raqib_sf.fact_clinical_events"
[0m08:17:23.628147 [debug] [Thread-5 (]: On model.raqib_sf.fact_clinical_events: drop view if exists prod.dbt_dev_marts.fact_clinical_events__dbt_tmp cascade
/* {"app": "dbt", "dbt_version": "1.11.7", "profile_name": "raqib_sf", "target_name": "dev", "node_id": "model.raqib_sf.fact_clinical_events"} */
[0m08:17:23.729289 [debug] [Thread-5 (]: SQL status: SUCCESS 1 in 0.100 seconds
[0m08:17:23.737289 [debug] [Thread-5 (]: Sending event: {'category': 'dbt', 'action': 'run_model', 'label': '67604e84-f1d5-4204-9624-415b86b15e80', 'context': [<snowplow_tracker.self_describing_json.SelfDescribingJson object at 0x000001BE90A780E0>]}
[0m08:17:23.740288 [info ] [Thread-5 (]: 20 of 20 OK created sql incremental model prod.dbt_dev_marts.fact_clinical_events  [[32mSUCCESS 3361583[0m in 4.12s]
[0m08:17:23.743339 [debug] [Thread-5 (]: Finished running node model.raqib_sf.fact_clinical_events
[0m08:17:23.748345 [debug] [MainThread]: Connection 'master' was properly closed.
[0m08:17:23.749345 [debug] [MainThread]: Connection 'list_dev' was left open.
[0m08:17:23.750344 [debug] [MainThread]: On list_dev: Close
[0m08:17:23.946457 [debug] [MainThread]: Connection 'list_prod' was left open.
[0m08:17:23.947457 [debug] [MainThread]: On list_prod: Close
[0m08:17:24.125696 [debug] [MainThread]: Connection 'list_dev_dbt_dev' was left open.
[0m08:17:24.126694 [debug] [MainThread]: On list_dev_dbt_dev: Close
[0m08:17:24.309211 [debug] [MainThread]: Connection 'list_prod_dbt_dev_marts' was left open.
[0m08:17:24.311219 [debug] [MainThread]: On list_prod_dbt_dev_marts: Close
[0m08:17:24.489952 [debug] [MainThread]: Connection 'model.raqib_sf.fact_lab_results' was left open.
[0m08:17:24.489952 [debug] [MainThread]: On model.raqib_sf.fact_lab_results: Close
[0m08:17:24.672290 [debug] [MainThread]: Connection 'model.raqib_sf.fact_encounters' was left open.
[0m08:17:24.673353 [debug] [MainThread]: On model.raqib_sf.fact_encounters: Close
[0m08:17:24.848524 [debug] [MainThread]: Connection 'model.raqib_sf.fact_clinical_events' was left open.
[0m08:17:24.849551 [debug] [MainThread]: On model.raqib_sf.fact_clinical_events: Close
[0m08:17:25.042532 [debug] [MainThread]: Connection 'model.raqib_sf.fact_patient_services' was left open.
[0m08:17:25.044527 [debug] [MainThread]: On model.raqib_sf.fact_patient_services: Close
[0m08:17:25.233812 [info ] [MainThread]: 
[0m08:17:25.235784 [info ] [MainThread]: Finished running 13 incremental models, 4 table models, 3 view models in 0 hours 0 minutes and 17.58 seconds (17.58s).
[0m08:17:25.252986 [debug] [MainThread]: Command end result
[0m08:17:25.333314 [debug] [MainThread]: Wrote artifact WritableManifest to D:\ITI Data Engineering\ITI_GP\Raqib\Raqib\raqib_sf_dbt\target\manifest.json
[0m08:17:25.335312 [debug] [MainThread]: Wrote artifact SemanticManifest to D:\ITI Data Engineering\ITI_GP\Raqib\Raqib\raqib_sf_dbt\target\semantic_manifest.json
[0m08:17:25.342797 [debug] [MainThread]: Wrote artifact RunExecutionResult to D:\ITI Data Engineering\ITI_GP\Raqib\Raqib\raqib_sf_dbt\target\run_results.json
[0m08:17:25.342797 [info ] [MainThread]: 
[0m08:17:25.343796 [info ] [MainThread]: [32mCompleted successfully[0m
[0m08:17:25.344796 [info ] [MainThread]: 
[0m08:17:25.344796 [info ] [MainThread]: Done. PASS=20 WARN=0 ERROR=0 SKIP=0 NO-OP=0 TOTAL=20
[0m08:17:25.345811 [warn ] [MainThread]: [[33mWARNING[0m][DeprecationsSummary]: Deprecated functionality
Summary of encountered deprecations:
- MissingArgumentsPropertyInGenericTestDeprecation: 9 occurrences
To see all deprecation instances instead of just the first occurrence of each,
run command again with the `--show-all-deprecations` flag. You may also need to
run with `--no-partial-parse` as some deprecations are only encountered during
parsing.
[0m08:17:25.347806 [debug] [MainThread]: Command `dbt run` succeeded at 08:17:25.347806 after 21.98 seconds
[0m08:17:25.347806 [debug] [MainThread]: Sending event: {'category': 'dbt', 'action': 'invocation', 'label': 'end', 'context': [<snowplow_tracker.self_describing_json.SelfDescribingJson object at 0x000001BEFBBCB140>, <snowplow_tracker.self_describing_json.SelfDescribingJson object at 0x000001BEFBC1A390>, <snowplow_tracker.self_describing_json.SelfDescribingJson object at 0x000001BEFB3830B0>]}
[0m08:17:26.633577 [debug] [MainThread]: An error was encountered while trying to send an event
[0m08:17:26.637503 [debug] [MainThread]: Flushing usage events
[0m08:18:59.276962 [debug] [MainThread]: Sending event: {'category': 'dbt', 'action': 'invocation', 'label': 'start', 'context': [<snowplow_tracker.self_describing_json.SelfDescribingJson object at 0x0000022B2970DD00>, <snowplow_tracker.self_describing_json.SelfDescribingJson object at 0x0000022B2970F3B0>, <snowplow_tracker.self_describing_json.SelfDescribingJson object at 0x0000022B2970F470>]}


============================== 08:18:59.281204 | 19e3aa29-3277-463d-8ccf-65254f82b96b ==============================
[0m08:18:59.281204 [info ] [MainThread]: Running with dbt=1.11.7
[0m08:18:59.282204 [debug] [MainThread]: running dbt with arguments {'static_parser': 'True', 'no_print': 'None', 'version_check': 'True', 'target_path': 'None', 'warn_error_options': 'WarnErrorOptionsV2(error=[], warn=[], silence=[])', 'printer_width': '80', 'write_json': 'True', 'empty': 'False', 'log_cache_events': 'False', 'introspect': 'True', 'cache_selected_only': 'False', 'log_format': 'default', 'debug': 'False', 'fail_fast': 'False', 'profiles_dir': 'D:\\ITI Data Engineering\\ITI_GP\\Raqib\\Raqib\\raqib_sf_dbt', 'send_anonymous_usage_stats': 'True', 'quiet': 'False', 'warn_error': 'None', 'partial_parse': 'False', 'indirect_selection': 'eager', 'use_colors': 'True', 'invocation_command': 'dbt run --full-refresh --no-partial-parse', 'use_experimental_parser': 'False', 'log_path': 'D:\\ITI Data Engineering\\ITI_GP\\Raqib\\Raqib\\raqib_sf_dbt\\logs'}
[0m08:18:59.993797 [debug] [MainThread]: Snowflake adapter: Setting snowflake.connector to ERROR (file logging only)
[0m08:18:59.993797 [debug] [MainThread]: Snowflake adapter: Setting botocore to ERROR (file logging only)
[0m08:18:59.993797 [debug] [MainThread]: Snowflake adapter: Setting boto3 to ERROR (file logging only)
[0m08:19:00.222434 [debug] [MainThread]: Sending event: {'category': 'dbt', 'action': 'project_id', 'label': '19e3aa29-3277-463d-8ccf-65254f82b96b', 'context': [<snowplow_tracker.self_describing_json.SelfDescribingJson object at 0x0000022B3E0187D0>]}
[0m08:19:00.287291 [debug] [MainThread]: Sending event: {'category': 'dbt', 'action': 'adapter_info', 'label': '19e3aa29-3277-463d-8ccf-65254f82b96b', 'context': [<snowplow_tracker.self_describing_json.SelfDescribingJson object at 0x0000022B3B77C3B0>]}
[0m08:19:00.288276 [info ] [MainThread]: Registered adapter: snowflake=1.11.4
[0m08:19:00.691369 [debug] [MainThread]: checksum: b80718358155fc17c3559352095564dd56ada1cc1a1c0ef2e62c857e71583775, vars: {}, profile: , target: , version: 1.11.7
[0m08:19:00.692370 [debug] [MainThread]: Partial parsing not enabled
[0m08:19:02.470374 [warn ] [MainThread]: [[33mWARNING[0m][MissingArgumentsPropertyInGenericTestDeprecation]: Deprecated
functionality
Found top-level arguments to test `accepted_values` defined on 'fact_encounters'
in package 'raqib_sf' (models\marts\schema.yml). Arguments to generic tests
should be nested under the `arguments` property.
[0m08:19:02.471371 [debug] [MainThread]: Sending event: {'category': 'dbt', 'action': 'deprecation', 'label': '19e3aa29-3277-463d-8ccf-65254f82b96b', 'property_': 'warn', 'context': [<snowplow_tracker.self_describing_json.SelfDescribingJson object at 0x0000022B3EAAD280>]}
[0m08:19:02.851819 [warn ] [MainThread]: [[33mWARNING[0m]: Configuration paths exist in your dbt_project.yml file which do not apply to any resources.
There are 1 unused configuration paths:
- models.raqib_sf.intermediate
[0m08:19:02.865613 [debug] [MainThread]: Sending event: {'category': 'dbt', 'action': 'load_project', 'label': '19e3aa29-3277-463d-8ccf-65254f82b96b', 'context': [<snowplow_tracker.self_describing_json.SelfDescribingJson object at 0x0000022B3E3E3920>]}
[0m08:19:02.988676 [debug] [MainThread]: Wrote artifact WritableManifest to D:\ITI Data Engineering\ITI_GP\Raqib\Raqib\raqib_sf_dbt\target\manifest.json
[0m08:19:02.990676 [debug] [MainThread]: Wrote artifact SemanticManifest to D:\ITI Data Engineering\ITI_GP\Raqib\Raqib\raqib_sf_dbt\target\semantic_manifest.json
[0m08:19:03.016194 [debug] [MainThread]: Sending event: {'category': 'dbt', 'action': 'resource_counts', 'label': '19e3aa29-3277-463d-8ccf-65254f82b96b', 'context': [<snowplow_tracker.self_describing_json.SelfDescribingJson object at 0x0000022B3ED761B0>]}
[0m08:19:03.017195 [info ] [MainThread]: Found 31 models, 154 data tests, 11 sources, 639 macros
[0m08:19:03.018196 [debug] [MainThread]: Sending event: {'category': 'dbt', 'action': 'runnable_timing', 'label': '19e3aa29-3277-463d-8ccf-65254f82b96b', 'context': [<snowplow_tracker.self_describing_json.SelfDescribingJson object at 0x0000022B3E410A70>]}
[0m08:19:03.022226 [info ] [MainThread]: 
[0m08:19:03.023230 [info ] [MainThread]: Concurrency: 4 threads (target='dev')
[0m08:19:03.024202 [info ] [MainThread]: 
[0m08:19:03.024202 [debug] [MainThread]: Acquiring new snowflake connection 'master'
[0m08:19:03.030287 [debug] [ThreadPool]: Acquiring new snowflake connection 'list_dev'
[0m08:19:03.043407 [debug] [ThreadPool]: Acquiring new snowflake connection 'list_prod'
[0m08:19:03.107182 [debug] [ThreadPool]: Using snowflake connection "list_dev"
[0m08:19:03.107182 [debug] [ThreadPool]: On list_dev: show terse schemas in database dev
    limit 10000
/* {"app": "dbt", "dbt_version": "1.11.7", "profile_name": "raqib_sf", "target_name": "dev", "connection_name": "list_dev"} */
[0m08:19:03.107182 [debug] [ThreadPool]: Opening a new connection, currently in state init
[0m08:19:03.108182 [debug] [ThreadPool]: Using snowflake connection "list_prod"
[0m08:19:03.108182 [debug] [ThreadPool]: On list_prod: show terse schemas in database prod
    limit 10000
/* {"app": "dbt", "dbt_version": "1.11.7", "profile_name": "raqib_sf", "target_name": "dev", "connection_name": "list_prod"} */
[0m08:19:03.109183 [debug] [ThreadPool]: Opening a new connection, currently in state init
[0m08:19:04.033871 [debug] [ThreadPool]: SQL status: SUCCESS 3 in 0.926 seconds
[0m08:19:04.066867 [debug] [ThreadPool]: SQL status: SUCCESS 3 in 0.958 seconds
[0m08:19:04.076856 [debug] [ThreadPool]: Acquiring new snowflake connection 'list_prod_dbt_dev_marts'
[0m08:19:04.095893 [debug] [ThreadPool]: Acquiring new snowflake connection 'list_dev_dbt_dev'
[0m08:19:04.099886 [debug] [ThreadPool]: Using snowflake connection "list_prod_dbt_dev_marts"
[0m08:19:04.102844 [debug] [ThreadPool]: Using snowflake connection "list_dev_dbt_dev"
[0m08:19:04.102844 [debug] [ThreadPool]: On list_prod_dbt_dev_marts: show objects in prod.dbt_dev_marts
    limit 10000
    

/* {"app": "dbt", "dbt_version": "1.11.7", "profile_name": "raqib_sf", "target_name": "dev", "connection_name": "list_prod_dbt_dev_marts"} */;
[0m08:19:04.103926 [debug] [ThreadPool]: On list_dev_dbt_dev: show objects in dev.dbt_dev
    limit 10000
    

/* {"app": "dbt", "dbt_version": "1.11.7", "profile_name": "raqib_sf", "target_name": "dev", "connection_name": "list_dev_dbt_dev"} */;
[0m08:19:04.104433 [debug] [ThreadPool]: Opening a new connection, currently in state init
[0m08:19:04.104433 [debug] [ThreadPool]: Opening a new connection, currently in state init
[0m08:19:04.765415 [debug] [ThreadPool]: SQL status: SUCCESS 17 in 0.661 seconds
[0m08:19:04.796240 [debug] [ThreadPool]: SQL status: SUCCESS 3 in 0.691 seconds
[0m08:19:04.801048 [debug] [MainThread]: Sending event: {'category': 'dbt', 'action': 'runnable_timing', 'label': '19e3aa29-3277-463d-8ccf-65254f82b96b', 'context': [<snowplow_tracker.self_describing_json.SelfDescribingJson object at 0x0000022B3EADE240>]}
[0m08:19:04.807677 [debug] [Thread-2 (]: Began running node model.raqib_sf.dim_date
[0m08:19:04.808677 [debug] [Thread-3 (]: Began running node model.raqib_sf.dim_time
[0m08:19:04.809678 [debug] [Thread-4 (]: Began running node model.raqib_sf.stg_admissions
[0m08:19:04.810678 [debug] [Thread-5 (]: Began running node model.raqib_sf.stg_diagnosis
[0m08:19:04.809678 [info ] [Thread-2 (]: 1 of 20 START sql table model prod.dbt_dev_marts.dim_date ...................... [RUN]
[0m08:19:04.811677 [info ] [Thread-3 (]: 2 of 20 START sql table model prod.dbt_dev_marts.dim_time ...................... [RUN]
[0m08:19:04.812676 [debug] [Thread-4 (]: Acquiring new snowflake connection 'model.raqib_sf.stg_admissions'
[0m08:19:04.813724 [debug] [Thread-5 (]: Acquiring new snowflake connection 'model.raqib_sf.stg_diagnosis'
[0m08:19:04.813724 [debug] [Thread-2 (]: Acquiring new snowflake connection 'model.raqib_sf.dim_date'
[0m08:19:04.814686 [debug] [Thread-3 (]: Acquiring new snowflake connection 'model.raqib_sf.dim_time'
[0m08:19:04.815687 [debug] [Thread-4 (]: Began compiling node model.raqib_sf.stg_admissions
[0m08:19:04.815687 [debug] [Thread-5 (]: Began compiling node model.raqib_sf.stg_diagnosis
[0m08:19:04.816726 [debug] [Thread-2 (]: Began compiling node model.raqib_sf.dim_date
[0m08:19:04.816726 [debug] [Thread-3 (]: Began compiling node model.raqib_sf.dim_time
[0m08:19:04.826722 [debug] [Thread-4 (]: Writing injected SQL for node "model.raqib_sf.stg_admissions"
[0m08:19:04.831331 [debug] [Thread-5 (]: Writing injected SQL for node "model.raqib_sf.stg_diagnosis"
[0m08:19:04.835329 [debug] [Thread-2 (]: Writing injected SQL for node "model.raqib_sf.dim_date"
[0m08:19:04.840812 [debug] [Thread-3 (]: Writing injected SQL for node "model.raqib_sf.dim_time"
[0m08:19:04.841772 [debug] [Thread-4 (]: Finished running node model.raqib_sf.stg_admissions
[0m08:19:04.842934 [debug] [Thread-4 (]: Began running node model.raqib_sf.stg_drugs
[0m08:19:04.842934 [debug] [Thread-4 (]: Re-using an available connection from the pool (formerly model.raqib_sf.stg_admissions, now model.raqib_sf.stg_drugs)
[0m08:19:04.843987 [debug] [Thread-4 (]: Began compiling node model.raqib_sf.stg_drugs
[0m08:19:04.847346 [debug] [Thread-4 (]: Writing injected SQL for node "model.raqib_sf.stg_drugs"
[0m08:19:04.847346 [debug] [Thread-2 (]: Began executing node model.raqib_sf.dim_date
[0m08:19:04.882807 [debug] [Thread-2 (]: Writing runtime sql for node "model.raqib_sf.dim_date"
[0m08:19:04.883807 [debug] [Thread-3 (]: Began executing node model.raqib_sf.dim_time
[0m08:19:04.886807 [debug] [Thread-3 (]: Writing runtime sql for node "model.raqib_sf.dim_time"
[0m08:19:04.887808 [debug] [Thread-5 (]: Finished running node model.raqib_sf.stg_diagnosis
[0m08:19:04.887808 [debug] [Thread-5 (]: Began running node model.raqib_sf.stg_emergency_contacts
[0m08:19:04.888807 [debug] [Thread-5 (]: Re-using an available connection from the pool (formerly model.raqib_sf.stg_diagnosis, now model.raqib_sf.stg_emergency_contacts)
[0m08:19:04.888807 [debug] [Thread-5 (]: Began compiling node model.raqib_sf.stg_emergency_contacts
[0m08:19:04.892810 [debug] [Thread-5 (]: Writing injected SQL for node "model.raqib_sf.stg_emergency_contacts"
[0m08:19:04.893810 [debug] [Thread-4 (]: Finished running node model.raqib_sf.stg_drugs
[0m08:19:04.893810 [debug] [Thread-4 (]: Began running node model.raqib_sf.stg_lab_events
[0m08:19:04.894897 [debug] [Thread-4 (]: Re-using an available connection from the pool (formerly model.raqib_sf.stg_drugs, now model.raqib_sf.stg_lab_events)
[0m08:19:04.894897 [debug] [Thread-4 (]: Began compiling node model.raqib_sf.stg_lab_events
[0m08:19:04.898190 [debug] [Thread-4 (]: Writing injected SQL for node "model.raqib_sf.stg_lab_events"
[0m08:19:04.900486 [debug] [Thread-2 (]: Using snowflake connection "model.raqib_sf.dim_date"
[0m08:19:04.900486 [debug] [Thread-2 (]: On model.raqib_sf.dim_date: create or replace transient table prod.dbt_dev_marts.dim_date
    
    
    
    as (

SELECT
    md5(cast(coalesce(cast(date_bk as TEXT), '_dbt_utils_surrogate_key_null_') as TEXT)) AS date_key,
    date_bk,
    year,
    month,
    month_name,
    day_name, 
    is_weekend 
FROM (
SELECT
    DATEADD(DAY, SEQ4(), '2000-01-01'::DATE) AS date_bk,
    
    YEAR(date_bk) AS year,
    MONTH(date_bk) AS month,
    MONTHNAME(date_bk) AS month_name,
    DAYNAME(date_bk) AS day_name,
    
    CASE 
        WHEN DAYOFWEEKISO(date_bk) IN (6, 7) THEN 1 
        ELSE 0 
    END AS is_weekend
FROM TABLE(GENERATOR(ROWCOUNT => 10000))
WHERE date_bk <= '2026-12-31'::DATE
)
    )

/* {"app": "dbt", "dbt_version": "1.11.7", "profile_name": "raqib_sf", "target_name": "dev", "node_id": "model.raqib_sf.dim_date"} */;
[0m08:19:04.900486 [debug] [Thread-2 (]: Opening a new connection, currently in state init
[0m08:19:04.938106 [debug] [Thread-3 (]: Using snowflake connection "model.raqib_sf.dim_time"
[0m08:19:04.939142 [debug] [Thread-5 (]: Finished running node model.raqib_sf.stg_emergency_contacts
[0m08:19:04.940128 [debug] [Thread-3 (]: On model.raqib_sf.dim_time: create or replace transient table prod.dbt_dev_marts.dim_time
    
    
    
    as (

SELECT
    md5(cast(coalesce(cast(time_bk as TEXT), '_dbt_utils_surrogate_key_null_') as TEXT)) AS time_key,
    time_bk,
    hour,
    minute,
    second,
    time_of_day
FROM (
SELECT   
    TIMEADD(SECOND, SEQ4(), '00:00:00'::TIME) AS time_bk,
    
    HOUR(time_bk) AS hour,
    MINUTE(time_bk) AS minute,
    SECOND(time_bk) AS second,
    
    CASE 
        WHEN HOUR(time_bk) < 6 THEN 'Night'
        WHEN HOUR(time_bk) < 12 THEN 'Morning'
        WHEN HOUR(time_bk) < 18 THEN 'Afternoon'
        ELSE 'Evening'
    END AS time_of_day

FROM TABLE(GENERATOR(ROWCOUNT => 86400))
)
    )

/* {"app": "dbt", "dbt_version": "1.11.7", "profile_name": "raqib_sf", "target_name": "dev", "node_id": "model.raqib_sf.dim_time"} */;
[0m08:19:04.941137 [debug] [Thread-4 (]: Finished running node model.raqib_sf.stg_lab_events
[0m08:19:04.941137 [debug] [Thread-5 (]: Began running node model.raqib_sf.stg_lab_specimen_types
[0m08:19:04.942144 [debug] [Thread-3 (]: Opening a new connection, currently in state init
[0m08:19:04.943103 [debug] [Thread-4 (]: Began running node model.raqib_sf.stg_patients
[0m08:19:04.944144 [debug] [Thread-5 (]: Re-using an available connection from the pool (formerly model.raqib_sf.stg_emergency_contacts, now model.raqib_sf.stg_lab_specimen_types)
[0m08:19:04.947106 [debug] [Thread-4 (]: Re-using an available connection from the pool (formerly model.raqib_sf.stg_lab_events, now model.raqib_sf.stg_patients)
[0m08:19:04.947106 [debug] [Thread-5 (]: Began compiling node model.raqib_sf.stg_lab_specimen_types
[0m08:19:04.983102 [debug] [Thread-4 (]: Began compiling node model.raqib_sf.stg_patients
[0m08:19:04.987367 [debug] [Thread-5 (]: Writing injected SQL for node "model.raqib_sf.stg_lab_specimen_types"
[0m08:19:04.990448 [debug] [Thread-4 (]: Writing injected SQL for node "model.raqib_sf.stg_patients"
[0m08:19:04.997088 [debug] [Thread-5 (]: Finished running node model.raqib_sf.stg_lab_specimen_types
[0m08:19:04.997088 [debug] [Thread-5 (]: Began running node model.raqib_sf.stg_prescriptions
[0m08:19:04.998088 [debug] [Thread-5 (]: Re-using an available connection from the pool (formerly model.raqib_sf.stg_lab_specimen_types, now model.raqib_sf.stg_prescriptions)
[0m08:19:04.998088 [debug] [Thread-5 (]: Began compiling node model.raqib_sf.stg_prescriptions
[0m08:19:05.003870 [debug] [Thread-5 (]: Writing injected SQL for node "model.raqib_sf.stg_prescriptions"
[0m08:19:05.009677 [debug] [Thread-4 (]: Finished running node model.raqib_sf.stg_patients
[0m08:19:05.010675 [debug] [Thread-4 (]: Began running node model.raqib_sf.stg_providers
[0m08:19:05.010675 [debug] [Thread-4 (]: Re-using an available connection from the pool (formerly model.raqib_sf.stg_patients, now model.raqib_sf.stg_providers)
[0m08:19:05.012675 [debug] [Thread-4 (]: Began compiling node model.raqib_sf.stg_providers
[0m08:19:05.019786 [debug] [Thread-4 (]: Writing injected SQL for node "model.raqib_sf.stg_providers"
[0m08:19:05.025785 [debug] [Thread-5 (]: Finished running node model.raqib_sf.stg_prescriptions
[0m08:19:05.027179 [debug] [Thread-5 (]: Began running node model.raqib_sf.stg_services
[0m08:19:05.028200 [debug] [Thread-5 (]: Re-using an available connection from the pool (formerly model.raqib_sf.stg_prescriptions, now model.raqib_sf.stg_services)
[0m08:19:05.029209 [debug] [Thread-4 (]: Finished running node model.raqib_sf.stg_providers
[0m08:19:05.029209 [debug] [Thread-5 (]: Began compiling node model.raqib_sf.stg_services
[0m08:19:05.030381 [debug] [Thread-4 (]: Began running node model.raqib_sf.stg_transfers
[0m08:19:05.034381 [debug] [Thread-5 (]: Writing injected SQL for node "model.raqib_sf.stg_services"
[0m08:19:05.034902 [debug] [Thread-4 (]: Re-using an available connection from the pool (formerly model.raqib_sf.stg_providers, now model.raqib_sf.stg_transfers)
[0m08:19:05.036931 [debug] [Thread-4 (]: Began compiling node model.raqib_sf.stg_transfers
[0m08:19:05.039954 [debug] [Thread-4 (]: Writing injected SQL for node "model.raqib_sf.stg_transfers"
[0m08:19:05.040933 [debug] [Thread-5 (]: Finished running node model.raqib_sf.stg_services
[0m08:19:05.042212 [debug] [Thread-5 (]: Began running node model.raqib_sf.dim_admission_type
[0m08:19:05.043208 [info ] [Thread-5 (]: 3 of 20 START sql incremental model prod.dbt_dev_marts.dim_admission_type ...... [RUN]
[0m08:19:05.043208 [debug] [Thread-5 (]: Re-using an available connection from the pool (formerly model.raqib_sf.stg_services, now model.raqib_sf.dim_admission_type)
[0m08:19:05.044670 [debug] [Thread-5 (]: Began compiling node model.raqib_sf.dim_admission_type
[0m08:19:05.045810 [debug] [Thread-4 (]: Finished running node model.raqib_sf.stg_transfers
[0m08:19:05.052823 [debug] [Thread-5 (]: Writing injected SQL for node "model.raqib_sf.dim_admission_type"
[0m08:19:05.053827 [debug] [Thread-4 (]: Began running node model.raqib_sf.dim_location
[0m08:19:05.055189 [info ] [Thread-4 (]: 4 of 20 START sql incremental model prod.dbt_dev_marts.dim_location ............ [RUN]
[0m08:19:05.058775 [debug] [Thread-4 (]: Re-using an available connection from the pool (formerly model.raqib_sf.stg_transfers, now model.raqib_sf.dim_location)
[0m08:19:05.059775 [debug] [Thread-4 (]: Began compiling node model.raqib_sf.dim_location
[0m08:19:05.066775 [debug] [Thread-4 (]: Writing injected SQL for node "model.raqib_sf.dim_location"
[0m08:19:05.067775 [debug] [Thread-5 (]: Began executing node model.raqib_sf.dim_admission_type
[0m08:19:05.120816 [debug] [Thread-5 (]: Writing runtime sql for node "model.raqib_sf.dim_admission_type"
[0m08:19:05.122266 [debug] [Thread-4 (]: Began executing node model.raqib_sf.dim_location
[0m08:19:05.128087 [debug] [Thread-4 (]: Writing runtime sql for node "model.raqib_sf.dim_location"
[0m08:19:05.130125 [debug] [Thread-5 (]: Using snowflake connection "model.raqib_sf.dim_admission_type"
[0m08:19:05.130125 [debug] [Thread-5 (]: On model.raqib_sf.dim_admission_type: create or replace transient table prod.dbt_dev_marts.dim_admission_type
    
    
    
    as (with  __dbt__cte__stg_admissions as (
WITH raw_admissions AS (
    SELECT * 
    FROM raw.public.admissions
)

SELECT 
    admission_id,
    patient_id,
    admission_provider_id                                       AS provider_id,
    CAST(ADMISSION_DATETIME_IN AS TIMESTAMP)                    AS admitted_at,
    CAST(ADMISSION_DATETIME_OUT AS TIMESTAMP)                   AS discharged_at,
    UPPER(LEFT(admission_type, 1)) 
        || LOWER(SUBSTR(admission_type, 2))                     AS admission_type,
    admission_location,
    discharge_location,
    INITCAP(insurance_type)                                     AS insurance_type,
    total_cost,
    payer_coverage,
    hospital_expire_flag,
    primary_sdk
FROM raw_admissions
), dim_admission_type as (
    select distinct admission_type as admission_type from __dbt__cte__stg_admissions
)

select 
md5(cast(coalesce(cast(admission_type as TEXT), '_dbt_utils_surrogate_key_null_') as TEXT)) as admission_type_Key,
*
from dim_admission_type
    )

/* {"app": "dbt", "dbt_version": "1.11.7", "profile_name": "raqib_sf", "target_name": "dev", "node_id": "model.raqib_sf.dim_admission_type"} */;
[0m08:19:05.131126 [debug] [Thread-5 (]: Opening a new connection, currently in state init
[0m08:19:05.133098 [debug] [Thread-4 (]: Using snowflake connection "model.raqib_sf.dim_location"
[0m08:19:05.134099 [debug] [Thread-4 (]: On model.raqib_sf.dim_location: create or replace transient table prod.dbt_dev_marts.dim_location
    
    
    
    as (with  __dbt__cte__stg_admissions as (
WITH raw_admissions AS (
    SELECT * 
    FROM raw.public.admissions
)

SELECT 
    admission_id,
    patient_id,
    admission_provider_id                                       AS provider_id,
    CAST(ADMISSION_DATETIME_IN AS TIMESTAMP)                    AS admitted_at,
    CAST(ADMISSION_DATETIME_OUT AS TIMESTAMP)                   AS discharged_at,
    UPPER(LEFT(admission_type, 1)) 
        || LOWER(SUBSTR(admission_type, 2))                     AS admission_type,
    admission_location,
    discharge_location,
    INITCAP(insurance_type)                                     AS insurance_type,
    total_cost,
    payer_coverage,
    hospital_expire_flag,
    primary_sdk
FROM raw_admissions
), dim_location as (
    select distinct admission_location as Location_Name from __dbt__cte__stg_admissions
    union
    select distinct discharge_location from __dbt__cte__stg_admissions
)

select 
md5(cast(coalesce(cast(Location_Name as TEXT), '_dbt_utils_surrogate_key_null_') as TEXT)) as Location_Key,
*
from dim_location
    )

/* {"app": "dbt", "dbt_version": "1.11.7", "profile_name": "raqib_sf", "target_name": "dev", "node_id": "model.raqib_sf.dim_location"} */;
[0m08:19:05.134099 [debug] [Thread-4 (]: Opening a new connection, currently in state init
[0m08:19:06.293939 [debug] [Thread-2 (]: SQL status: SUCCESS 9862 in 1.393 seconds
[0m08:19:06.325941 [debug] [Thread-2 (]: Sending event: {'category': 'dbt', 'action': 'run_model', 'label': '19e3aa29-3277-463d-8ccf-65254f82b96b', 'context': [<snowplow_tracker.self_describing_json.SelfDescribingJson object at 0x0000022B2AD91550>]}
[0m08:19:06.325941 [info ] [Thread-2 (]: 1 of 20 OK created sql table model prod.dbt_dev_marts.dim_date ................. [[32mSUCCESS 9862[0m in 1.51s]
[0m08:19:06.326941 [debug] [Thread-2 (]: Finished running node model.raqib_sf.dim_date
[0m08:19:06.327906 [debug] [Thread-2 (]: Began running node model.raqib_sf.dim_diagnosis
[0m08:19:06.327906 [info ] [Thread-2 (]: 5 of 20 START sql incremental model prod.dbt_dev_marts.dim_diagnosis ........... [RUN]
[0m08:19:06.328905 [debug] [Thread-2 (]: Re-using an available connection from the pool (formerly model.raqib_sf.dim_date, now model.raqib_sf.dim_diagnosis)
[0m08:19:06.328905 [debug] [Thread-2 (]: Began compiling node model.raqib_sf.dim_diagnosis
[0m08:19:06.336945 [debug] [Thread-2 (]: Writing injected SQL for node "model.raqib_sf.dim_diagnosis"
[0m08:19:06.339502 [debug] [Thread-2 (]: Began executing node model.raqib_sf.dim_diagnosis
[0m08:19:06.343534 [debug] [Thread-2 (]: Writing runtime sql for node "model.raqib_sf.dim_diagnosis"
[0m08:19:06.345852 [debug] [Thread-2 (]: Using snowflake connection "model.raqib_sf.dim_diagnosis"
[0m08:19:06.345852 [debug] [Thread-2 (]: On model.raqib_sf.dim_diagnosis: create or replace transient table prod.dbt_dev_marts.dim_diagnosis
    
    
    
    as (with  __dbt__cte__stg_diagnosis as (
WITH raw_diagnosis AS (
    SELECT * 
    FROM raw.public.diagnosis
)

SELECT 
    diagnosis_id,
    patient_id,
    admission_id,
    provider_id,
    sub_domain_key,
    TRIM(REGEXP_REPLACE(description, '\\s*\\([^)]+\\)', '')) AS description,
    REGEXP_SUBSTR(description, '\\(([^)]+)\\)', 1, 1, 'e', 1) AS description_type,
    TRIM(SPLIT_PART(REGEXP_REPLACE(SPLIT_PART(sub_domain, ' – ', 2), '\\s*/\\s*', ' & '), ' & ', 1)) AS domain,
    NULLIF(TRIM(SPLIT_PART(REGEXP_REPLACE(SPLIT_PART(sub_domain, ' – ', 2), '\\s*/\\s*', ' & '), ' & ', 2)), '') AS sub_domain
FROM raw_diagnosis
), dim_diagnosis as (
    select * from __dbt__cte__stg_diagnosis
)

select 
    md5(cast(coalesce(cast(diagnosis_id as TEXT), '_dbt_utils_surrogate_key_null_') || '-' || coalesce(cast(domain as TEXT), '_dbt_utils_surrogate_key_null_') || '-' || coalesce(cast(sub_domain_key as TEXT), '_dbt_utils_surrogate_key_null_') as TEXT)) as diagnosis_key,
    description,
    description_type,
    sub_domain_key,
    domain,
    sub_domain
from dim_diagnosis
    )

/* {"app": "dbt", "dbt_version": "1.11.7", "profile_name": "raqib_sf", "target_name": "dev", "node_id": "model.raqib_sf.dim_diagnosis"} */;
[0m08:19:06.419495 [debug] [Thread-3 (]: SQL status: SUCCESS 86400 in 1.476 seconds
[0m08:19:06.423562 [debug] [Thread-3 (]: Sending event: {'category': 'dbt', 'action': 'run_model', 'label': '19e3aa29-3277-463d-8ccf-65254f82b96b', 'context': [<snowplow_tracker.self_describing_json.SelfDescribingJson object at 0x0000022B40416BD0>]}
[0m08:19:06.424622 [info ] [Thread-3 (]: 2 of 20 OK created sql table model prod.dbt_dev_marts.dim_time ................. [[32mSUCCESS 86400[0m in 1.61s]
[0m08:19:06.426576 [debug] [Thread-3 (]: Finished running node model.raqib_sf.dim_time
[0m08:19:06.427575 [debug] [Thread-3 (]: Began running node model.raqib_sf.dim_emergency_contacts
[0m08:19:06.428545 [info ] [Thread-3 (]: 6 of 20 START sql incremental model prod.dbt_dev_marts.dim_emergency_contacts .. [RUN]
[0m08:19:06.429557 [debug] [Thread-3 (]: Re-using an available connection from the pool (formerly model.raqib_sf.dim_time, now model.raqib_sf.dim_emergency_contacts)
[0m08:19:06.430620 [debug] [Thread-3 (]: Began compiling node model.raqib_sf.dim_emergency_contacts
[0m08:19:06.444188 [debug] [Thread-3 (]: Writing injected SQL for node "model.raqib_sf.dim_emergency_contacts"
[0m08:19:06.445190 [debug] [Thread-3 (]: Began executing node model.raqib_sf.dim_emergency_contacts
[0m08:19:06.452225 [debug] [Thread-3 (]: Writing runtime sql for node "model.raqib_sf.dim_emergency_contacts"
[0m08:19:06.454874 [debug] [Thread-3 (]: Using snowflake connection "model.raqib_sf.dim_emergency_contacts"
[0m08:19:06.455876 [debug] [Thread-3 (]: On model.raqib_sf.dim_emergency_contacts: create or replace transient table prod.dbt_dev_marts.dim_emergency_contacts
    
    
    
    as (with  __dbt__cte__stg_emergency_contacts as (
WITH raw_emergency_contacts AS (
    SELECT *
    FROM raw.public.emergency_contacts
)

SELECT
    Patient_ID AS patient_id,
    INITCAP(emergency_contact_name) AS emergency_contact_name,
    emergency_contact_relationship,
    emergency_contact_bloodtype,
    emergency_contact_number AS emergency_contact_phone_number,
    REGEXP_LIKE(emergency_contact_number, '^\\([0-9]{3}\\) [0-9]{3}-[0-9]{4}$') AS is_valid_phone_number
    
FROM raw_emergency_contacts
), emergency_contacts as (
    select * 
    from __dbt__cte__stg_emergency_contacts
)

SELECT
    md5(cast(coalesce(cast(patient_id as TEXT), '_dbt_utils_surrogate_key_null_') || '-' || coalesce(cast(emergency_contact_name as TEXT), '_dbt_utils_surrogate_key_null_') as TEXT)) AS contact_key,
    *
FROM emergency_contacts
    )

/* {"app": "dbt", "dbt_version": "1.11.7", "profile_name": "raqib_sf", "target_name": "dev", "node_id": "model.raqib_sf.dim_emergency_contacts"} */;
[0m08:19:06.506498 [debug] [Thread-5 (]: SQL status: SUCCESS 12 in 1.375 seconds
[0m08:19:06.516135 [debug] [Thread-5 (]: Applying DROP to: prod.dbt_dev_marts.dim_admission_type__dbt_tmp
[0m08:19:06.525186 [debug] [Thread-5 (]: Using snowflake connection "model.raqib_sf.dim_admission_type"
[0m08:19:06.525186 [debug] [Thread-5 (]: On model.raqib_sf.dim_admission_type: drop view if exists prod.dbt_dev_marts.dim_admission_type__dbt_tmp cascade
/* {"app": "dbt", "dbt_version": "1.11.7", "profile_name": "raqib_sf", "target_name": "dev", "node_id": "model.raqib_sf.dim_admission_type"} */
[0m08:19:06.584526 [debug] [Thread-4 (]: SQL status: SUCCESS 37 in 1.451 seconds
[0m08:19:06.591557 [debug] [Thread-4 (]: Applying DROP to: prod.dbt_dev_marts.dim_location__dbt_tmp
[0m08:19:06.593551 [debug] [Thread-4 (]: Using snowflake connection "model.raqib_sf.dim_location"
[0m08:19:06.593551 [debug] [Thread-4 (]: On model.raqib_sf.dim_location: drop view if exists prod.dbt_dev_marts.dim_location__dbt_tmp cascade
/* {"app": "dbt", "dbt_version": "1.11.7", "profile_name": "raqib_sf", "target_name": "dev", "node_id": "model.raqib_sf.dim_location"} */
[0m08:19:06.647266 [debug] [Thread-5 (]: SQL status: SUCCESS 1 in 0.121 seconds
[0m08:19:06.652259 [debug] [Thread-5 (]: Sending event: {'category': 'dbt', 'action': 'run_model', 'label': '19e3aa29-3277-463d-8ccf-65254f82b96b', 'context': [<snowplow_tracker.self_describing_json.SelfDescribingJson object at 0x0000022B283E2870>]}
[0m08:19:06.653263 [info ] [Thread-5 (]: 3 of 20 OK created sql incremental model prod.dbt_dev_marts.dim_admission_type . [[32mSUCCESS 12[0m in 1.61s]
[0m08:19:06.654255 [debug] [Thread-5 (]: Finished running node model.raqib_sf.dim_admission_type
[0m08:19:06.655262 [debug] [Thread-5 (]: Began running node model.raqib_sf.dim_lab_types
[0m08:19:06.656212 [info ] [Thread-5 (]: 7 of 20 START sql incremental model prod.dbt_dev_marts.dim_lab_types ........... [RUN]
[0m08:19:06.658305 [debug] [Thread-5 (]: Re-using an available connection from the pool (formerly model.raqib_sf.dim_admission_type, now model.raqib_sf.dim_lab_types)
[0m08:19:06.658305 [debug] [Thread-5 (]: Began compiling node model.raqib_sf.dim_lab_types
[0m08:19:06.674880 [debug] [Thread-5 (]: Writing injected SQL for node "model.raqib_sf.dim_lab_types"
[0m08:19:06.675878 [debug] [Thread-5 (]: Began executing node model.raqib_sf.dim_lab_types
[0m08:19:06.681340 [debug] [Thread-5 (]: Writing runtime sql for node "model.raqib_sf.dim_lab_types"
[0m08:19:06.684397 [debug] [Thread-5 (]: Using snowflake connection "model.raqib_sf.dim_lab_types"
[0m08:19:06.685450 [debug] [Thread-5 (]: On model.raqib_sf.dim_lab_types: create or replace transient table prod.dbt_dev_marts.dim_lab_types
    
    
    
    as (WITH  __dbt__cte__stg_lab_specimen_types as (
WITH raw_lab_specimen_types AS (
    SELECT *
    FROM raw.public.lab_specimen_types
)

SELECT 
    itemid AS item_id,
    CASE 
        WHEN CONTAINS(label, '(') THEN TRIM(SPLIT_PART(label, '(', 1))
        ELSE label
    END AS label,
    CASE 
        WHEN CONTAINS(label, '(') THEN TRIM(REPLACE(SPLIT_PART(label, '(', 2), ')', ''))
        ELSE NULL
    END AS label_sub_type,
    fluid,
    CASE 
        WHEN CONTAINS(category, '–') THEN TRIM(SPLIT_PART(category, '–', 1))
        ELSE category
    END AS category_type,
    CASE   
        WHEN CONTAINS(category, '–') THEN TRIM(SPLIT_PART(category, '–', 2))
        ELSE NULL
    END AS category_sub_type,
    sub_domain_key,
    TRIM(SPLIT_PART(REGEXP_REPLACE(specialty, '\\s*/\\s*', ' & '), ' & ', 1)) AS specialty_1,
    NULLIF(TRIM(SPLIT_PART(REGEXP_REPLACE(specialty, '\\s*/\\s*', ' & '), ' & ', 2)), '') AS specialty_2,
    
FROM raw_lab_specimen_types
), stg_lab_specimen_types AS (
    SELECT *
    FROM __dbt__cte__stg_lab_specimen_types
)

SELECT
    md5(cast(coalesce(cast(item_id as TEXT), '_dbt_utils_surrogate_key_null_') || '-' || coalesce(cast(label as TEXT), '_dbt_utils_surrogate_key_null_') || '-' || coalesce(cast(category_type as TEXT), '_dbt_utils_surrogate_key_null_') as TEXT)) AS specimen_type_key,
    item_id,
    label,
    label_sub_type,
    fluid,
    category_type,
    category_sub_type,
    sub_domain_key,
    specialty_1,
    specialty_2
FROM stg_lab_specimen_types
    )

/* {"app": "dbt", "dbt_version": "1.11.7", "profile_name": "raqib_sf", "target_name": "dev", "node_id": "model.raqib_sf.dim_lab_types"} */;
[0m08:19:06.705266 [debug] [Thread-4 (]: SQL status: SUCCESS 1 in 0.111 seconds
[0m08:19:06.708312 [debug] [Thread-4 (]: Sending event: {'category': 'dbt', 'action': 'run_model', 'label': '19e3aa29-3277-463d-8ccf-65254f82b96b', 'context': [<snowplow_tracker.self_describing_json.SelfDescribingJson object at 0x0000022B405A5CA0>]}
[0m08:19:06.708312 [info ] [Thread-4 (]: 4 of 20 OK created sql incremental model prod.dbt_dev_marts.dim_location ....... [[32mSUCCESS 37[0m in 1.65s]
[0m08:19:06.709305 [debug] [Thread-4 (]: Finished running node model.raqib_sf.dim_location
[0m08:19:06.710275 [debug] [Thread-4 (]: Began running node model.raqib_sf.int_lab_analysis
[0m08:19:06.711275 [info ] [Thread-4 (]: 8 of 20 START sql view model dbt_dev.int_lab_analysis .......................... [RUN]
[0m08:19:06.711275 [debug] [Thread-4 (]: Re-using an available connection from the pool (formerly model.raqib_sf.dim_location, now model.raqib_sf.int_lab_analysis)
[0m08:19:06.712306 [debug] [Thread-4 (]: Began compiling node model.raqib_sf.int_lab_analysis
[0m08:19:06.724310 [debug] [Thread-4 (]: Writing injected SQL for node "model.raqib_sf.int_lab_analysis"
[0m08:19:06.725308 [debug] [Thread-4 (]: Began executing node model.raqib_sf.int_lab_analysis
[0m08:19:06.750184 [debug] [Thread-4 (]: Writing runtime sql for node "model.raqib_sf.int_lab_analysis"
[0m08:19:06.753186 [debug] [Thread-4 (]: Using snowflake connection "model.raqib_sf.int_lab_analysis"
[0m08:19:06.754185 [debug] [Thread-4 (]: On model.raqib_sf.int_lab_analysis: create or replace   view dev.dbt_dev.int_lab_analysis
  
  
  
  
  as (
    WITH  __dbt__cte__stg_lab_events as (
WITH raw_lab_events AS (

    SELECT *
    FROM raw.public.lab_events

)

SELECT
    lab_event_id,
    patient_id,
    admission_id,
    specimen_id,
    item_id,
    provider_id,
    CAST(done_datetime AS TIMESTAMP)    AS lab_done_at,
    CAST(stored_datetime AS TIMESTAMP)  AS lab_stored_at,
    TRY_CAST(value AS FLOAT) AS result_value,
    TRIM(measurement_unit) AS measurement_unit,
    TRY_CAST(range_lower AS FLOAT) AS range_lower,
    TRY_CAST(range_higher AS FLOAT) AS range_higher,
    TRIM(abnormal_flag) AS abnormal_flag,
    TRY_CAST(cost AS FLOAT) AS cost

FROM raw_lab_events 

--  CONVERT_TIMEZONE('UTC', done_datetime::TIMESTAMP_TZ)    AS lab_done_at,
--     CONVERT_TIMEZONE('UTC', stored_datetime::TIMESTAMP_TZ)  AS lab_stored_at,
),  __dbt__cte__stg_lab_specimen_types as (
WITH raw_lab_specimen_types AS (
    SELECT *
    FROM raw.public.lab_specimen_types
)

SELECT 
    itemid AS item_id,
    CASE 
        WHEN CONTAINS(label, '(') THEN TRIM(SPLIT_PART(label, '(', 1))
        ELSE label
    END AS label,
    CASE 
        WHEN CONTAINS(label, '(') THEN TRIM(REPLACE(SPLIT_PART(label, '(', 2), ')', ''))
        ELSE NULL
    END AS label_sub_type,
    fluid,
    CASE 
        WHEN CONTAINS(category, '–') THEN TRIM(SPLIT_PART(category, '–', 1))
        ELSE category
    END AS category_type,
    CASE   
        WHEN CONTAINS(category, '–') THEN TRIM(SPLIT_PART(category, '–', 2))
        ELSE NULL
    END AS category_sub_type,
    sub_domain_key,
    TRIM(SPLIT_PART(REGEXP_REPLACE(specialty, '\\s*/\\s*', ' & '), ' & ', 1)) AS specialty_1,
    NULLIF(TRIM(SPLIT_PART(REGEXP_REPLACE(specialty, '\\s*/\\s*', ' & '), ' & ', 2)), '') AS specialty_2,
    
FROM raw_lab_specimen_types
), lab_events AS (
    SELECT *
    FROM __dbt__cte__stg_lab_events
),

specimen_types AS (
    SELECT *
    FROM __dbt__cte__stg_lab_specimen_types
)

SELECT
    md5(cast(coalesce(cast(lab_event_id as TEXT), '_dbt_utils_surrogate_key_null_') as TEXT)) AS lab_event_key,
    le.lab_event_id,
    le.patient_id,
    le.admission_id,
    le.provider_id,
    le.specimen_id,
    le.item_id,
    le.lab_done_at,
    le.lab_stored_at,

    st.label AS test_name,
    st.label_sub_type,
    st.fluid,
    st.category_type,
    st.category_sub_type,
    st.specialty_1,
    st.specialty_2,

    le.result_value,
    le.measurement_unit,

    le.range_lower,
    le.range_higher,

    le.abnormal_flag,

    le.cost

FROM lab_events le

LEFT JOIN specimen_types st
    ON le.item_id = st.item_id
  )
/* {"app": "dbt", "dbt_version": "1.11.7", "profile_name": "raqib_sf", "target_name": "dev", "node_id": "model.raqib_sf.int_lab_analysis"} */;
[0m08:19:07.055333 [debug] [Thread-4 (]: SQL status: SUCCESS 1 in 0.300 seconds
[0m08:19:07.063331 [debug] [Thread-4 (]: Sending event: {'category': 'dbt', 'action': 'run_model', 'label': '19e3aa29-3277-463d-8ccf-65254f82b96b', 'context': [<snowplow_tracker.self_describing_json.SelfDescribingJson object at 0x0000022B404176E0>]}
[0m08:19:07.065338 [info ] [Thread-4 (]: 8 of 20 OK created sql view model dbt_dev.int_lab_analysis ..................... [[32mSUCCESS 1[0m in 0.35s]
[0m08:19:07.068291 [debug] [Thread-4 (]: Finished running node model.raqib_sf.int_lab_analysis
[0m08:19:07.071290 [debug] [Thread-4 (]: Began running node model.raqib_sf.dim_patients
[0m08:19:07.073276 [info ] [Thread-4 (]: 9 of 20 START sql incremental model prod.dbt_dev_marts.dim_patients ............ [RUN]
[0m08:19:07.075270 [debug] [Thread-4 (]: Re-using an available connection from the pool (formerly model.raqib_sf.int_lab_analysis, now model.raqib_sf.dim_patients)
[0m08:19:07.076273 [debug] [Thread-4 (]: Began compiling node model.raqib_sf.dim_patients
[0m08:19:07.096616 [debug] [Thread-4 (]: Writing injected SQL for node "model.raqib_sf.dim_patients"
[0m08:19:07.097580 [debug] [Thread-4 (]: Began executing node model.raqib_sf.dim_patients
[0m08:19:07.103082 [debug] [Thread-4 (]: Writing runtime sql for node "model.raqib_sf.dim_patients"
[0m08:19:07.107209 [debug] [Thread-4 (]: Using snowflake connection "model.raqib_sf.dim_patients"
[0m08:19:07.107209 [debug] [Thread-4 (]: On model.raqib_sf.dim_patients: create or replace transient table prod.dbt_dev_marts.dim_patients
    
    
    
    as (with  __dbt__cte__stg_patients as (
WITH raw_patients AS (
    SELECT *
    FROM raw.public.patients
)

SELECT 
    patient_id,
    ssn,
    INITCAP(first_name || ' ' || last_name) AS full_name,
    birthdate::DATE AS birthdate,
    YEAR(birthdate::DATE) AS birth_year,
    deathdate::DATE AS deathdate,
    CASE 
        WHEN deathdate IS NOT NULL THEN TRUE
        ELSE FALSE
    END AS is_dead,
    blood_type,
    CASE 
        WHEN marital = 'S' THEN 'Single'
        WHEN marital = 'M' THEN 'Married'
        WHEN marital = 'D' THEN 'Divorced'
        WHEN marital = 'W' THEN 'Widowed'
    END AS marital_status,
    INITCAP(REPLACE(race, '/', ' / ')) AS race,
    CASE
        WHEN UPPER(TRIM(ethnicity)) IN ('HISPANIC', 'HISPANIC OR LATINO')
            THEN 'Hispanic or Latino'
        WHEN UPPER(TRIM(ethnicity)) IN ('NONHISPANIC', 'NOT HISPANIC OR LATINO')
            THEN 'Not Hispanic or Latino'
        ELSE 'Unknown'
    END AS ethnicity,
    CASE 
        WHEN gender = 'F' THEN 'Female'
        WHEN gender = 'M' THEN 'Male'
        ELSE 'Unknown'
    END AS gender,
    INITCAP(language) AS spoken_language,
    INITCAP(TRIM(SPLIT_PART(birthplace, ',', 1))) AS birth_city,
    CASE UPPER(TRIM(SPLIT_PART(birthplace, ',',2)))
    WHEN 'CT' THEN 'Connecticut'
    WHEN 'ME' THEN 'Maine'
    WHEN 'MA' THEN 'Massachusetts'
    WHEN 'NH' THEN 'New Hampshire'
    WHEN 'RI' THEN 'Rhode Island'
    WHEN 'VT' THEN 'Vermont'
    WHEN 'NY' THEN 'New York'
    END AS birth_state,
    address,
    INITCAP(city) AS city,
    CASE UPPER(TRIM(country))
        WHEN 'US' THEN 'United States'
        WHEN 'UK' THEN 'United Kingdom' 
    END AS country,
    CAST(healthcare_expenses AS FLOAT) AS healthcare_expenses,
    CAST(healthcare_coverage AS FLOAT) AS healthcare_coverage,
    income AS income_usd
  
FROM raw_patients
), patients as (
    select
        *
    from __dbt__cte__stg_patients
)

SELECT
    md5(cast(coalesce(cast(patient_id as TEXT), '_dbt_utils_surrogate_key_null_') as TEXT)) AS patient_key,
    patient_id,
    ssn,
    full_name,
    birthdate,
    birth_year,
    deathdate,
    is_dead,
    blood_type,
    marital_status,
    Race,
    ethnicity,
    spoken_language,
    city
    
FROM patients
    )

/* {"app": "dbt", "dbt_version": "1.11.7", "profile_name": "raqib_sf", "target_name": "dev", "node_id": "model.raqib_sf.dim_patients"} */;
[0m08:19:07.424627 [debug] [Thread-3 (]: SQL status: SUCCESS 115063 in 0.968 seconds
[0m08:19:07.436652 [debug] [Thread-3 (]: Applying DROP to: prod.dbt_dev_marts.dim_emergency_contacts__dbt_tmp
[0m08:19:07.439648 [debug] [Thread-3 (]: Using snowflake connection "model.raqib_sf.dim_emergency_contacts"
[0m08:19:07.440711 [debug] [Thread-3 (]: On model.raqib_sf.dim_emergency_contacts: drop view if exists prod.dbt_dev_marts.dim_emergency_contacts__dbt_tmp cascade
/* {"app": "dbt", "dbt_version": "1.11.7", "profile_name": "raqib_sf", "target_name": "dev", "node_id": "model.raqib_sf.dim_emergency_contacts"} */
[0m08:19:07.544519 [debug] [Thread-3 (]: SQL status: SUCCESS 1 in 0.102 seconds
[0m08:19:07.550602 [debug] [Thread-3 (]: Sending event: {'category': 'dbt', 'action': 'run_model', 'label': '19e3aa29-3277-463d-8ccf-65254f82b96b', 'context': [<snowplow_tracker.self_describing_json.SelfDescribingJson object at 0x0000022B404BD550>]}
[0m08:19:07.552600 [info ] [Thread-3 (]: 6 of 20 OK created sql incremental model prod.dbt_dev_marts.dim_emergency_contacts  [[32mSUCCESS 115063[0m in 1.12s]
[0m08:19:07.554543 [debug] [Thread-3 (]: Finished running node model.raqib_sf.dim_emergency_contacts
[0m08:19:07.556603 [debug] [Thread-3 (]: Began running node model.raqib_sf.dim_provider
[0m08:19:07.557795 [info ] [Thread-3 (]: 10 of 20 START sql incremental model prod.dbt_dev_marts.dim_provider ........... [RUN]
[0m08:19:07.559828 [debug] [Thread-3 (]: Re-using an available connection from the pool (formerly model.raqib_sf.dim_emergency_contacts, now model.raqib_sf.dim_provider)
[0m08:19:07.560827 [debug] [Thread-3 (]: Began compiling node model.raqib_sf.dim_provider
[0m08:19:07.575290 [debug] [Thread-3 (]: Writing injected SQL for node "model.raqib_sf.dim_provider"
[0m08:19:07.576284 [debug] [Thread-3 (]: Began executing node model.raqib_sf.dim_provider
[0m08:19:07.581282 [debug] [Thread-3 (]: Writing runtime sql for node "model.raqib_sf.dim_provider"
[0m08:19:07.583468 [debug] [Thread-3 (]: Using snowflake connection "model.raqib_sf.dim_provider"
[0m08:19:07.584771 [debug] [Thread-3 (]: On model.raqib_sf.dim_provider: create or replace transient table prod.dbt_dev_marts.dim_provider
    
    
    
    as (with  __dbt__cte__stg_providers as (
WITH raw_providers AS (
    SELECT * 
    FROM raw.public.providers
)

SELECT 
    npi AS provider_id,
    INITCAP(provider_first_name || ' ' || provider_last_name) AS provider_full_name,
    INITCAP(provider_name_prefix) AS provider_name_prefix,
    REGEXP_LIKE(provider_name_prefix, '\\.$') AS is_valid_prefix,
    INITCAP(provider_address) AS provider_address,
    INITCAP(provider_city) AS provider_city,
    TRIM(provider_state_code) AS provider_state_code,
    TRIM(provider_country_code) AS provider_country_code,
    provider_postal_code,
    CASE 
        WHEN provider_sex_code = 'M' OR provider_sex_code = 'm' THEN 'Male'
        WHEN provider_sex_code = 'F' OR provider_sex_code = 'f' THEN 'Female'
        ELSE 'Unknown'
    END AS provider_gender,
    provider_telephone_number,
    CAST(provider_enumeration_date AS DATE) AS provider_enumeration_date,
    CASE 
        WHEN CAST(provider_enumeration_date AS DATE) IS NOT NULL THEN TRUE
        ELSE FALSE
    END AS is_valid_enumeration_date,
    CAST(provider_join_date AS DATE) AS provider_join_date,
    CASE 
        WHEN DATE(provider_join_date, 'YYYY-MM-DD') IS NOT NULL THEN TRUE
        ELSE FALSE
    END AS is_valid_join_date,
    provider_specialty

FROM raw_providers
), stg_providers as (
    select *
    from __dbt__cte__stg_providers
)

select 
    md5(cast(coalesce(cast(provider_id as TEXT), '_dbt_utils_surrogate_key_null_') || '-' || coalesce(cast(provider_full_name as TEXT), '_dbt_utils_surrogate_key_null_') || '-' || coalesce(cast(provider_specialty as TEXT), '_dbt_utils_surrogate_key_null_') as TEXT)) as provider_key,
    *
    
from stg_providers
    )

/* {"app": "dbt", "dbt_version": "1.11.7", "profile_name": "raqib_sf", "target_name": "dev", "node_id": "model.raqib_sf.dim_provider"} */;
[0m08:19:07.634665 [debug] [Thread-5 (]: SQL status: SUCCESS 73 in 0.948 seconds
[0m08:19:07.640959 [debug] [Thread-5 (]: Applying DROP to: prod.dbt_dev_marts.dim_lab_types__dbt_tmp
[0m08:19:07.642961 [debug] [Thread-5 (]: Using snowflake connection "model.raqib_sf.dim_lab_types"
[0m08:19:07.642961 [debug] [Thread-5 (]: On model.raqib_sf.dim_lab_types: drop view if exists prod.dbt_dev_marts.dim_lab_types__dbt_tmp cascade
/* {"app": "dbt", "dbt_version": "1.11.7", "profile_name": "raqib_sf", "target_name": "dev", "node_id": "model.raqib_sf.dim_lab_types"} */
[0m08:19:07.749830 [debug] [Thread-5 (]: SQL status: SUCCESS 1 in 0.105 seconds
[0m08:19:07.753824 [debug] [Thread-5 (]: Sending event: {'category': 'dbt', 'action': 'run_model', 'label': '19e3aa29-3277-463d-8ccf-65254f82b96b', 'context': [<snowplow_tracker.self_describing_json.SelfDescribingJson object at 0x0000022B4064FC50>]}
[0m08:19:07.754824 [info ] [Thread-5 (]: 7 of 20 OK created sql incremental model prod.dbt_dev_marts.dim_lab_types ...... [[32mSUCCESS 73[0m in 1.10s]
[0m08:19:07.756867 [debug] [Thread-5 (]: Finished running node model.raqib_sf.dim_lab_types
[0m08:19:07.757857 [debug] [Thread-5 (]: Began running node model.raqib_sf.fact_providers_performance
[0m08:19:07.758857 [info ] [Thread-5 (]: 11 of 20 START sql incremental model prod.dbt_dev_marts.fact_providers_performance  [RUN]
[0m08:19:07.759826 [debug] [Thread-5 (]: Re-using an available connection from the pool (formerly model.raqib_sf.dim_lab_types, now model.raqib_sf.fact_providers_performance)
[0m08:19:07.760818 [debug] [Thread-5 (]: Began compiling node model.raqib_sf.fact_providers_performance
[0m08:19:07.796834 [debug] [Thread-5 (]: Writing injected SQL for node "model.raqib_sf.fact_providers_performance"
[0m08:19:07.797836 [debug] [Thread-5 (]: Began executing node model.raqib_sf.fact_providers_performance
[0m08:19:07.801835 [debug] [Thread-5 (]: Writing runtime sql for node "model.raqib_sf.fact_providers_performance"
[0m08:19:07.808867 [debug] [Thread-5 (]: Using snowflake connection "model.raqib_sf.fact_providers_performance"
[0m08:19:07.809876 [debug] [Thread-5 (]: On model.raqib_sf.fact_providers_performance: create or replace transient table prod.dbt_dev_marts.fact_providers_performance
    
    
    
    as (WITH  __dbt__cte__stg_providers as (
WITH raw_providers AS (
    SELECT * 
    FROM raw.public.providers
)

SELECT 
    npi AS provider_id,
    INITCAP(provider_first_name || ' ' || provider_last_name) AS provider_full_name,
    INITCAP(provider_name_prefix) AS provider_name_prefix,
    REGEXP_LIKE(provider_name_prefix, '\\.$') AS is_valid_prefix,
    INITCAP(provider_address) AS provider_address,
    INITCAP(provider_city) AS provider_city,
    TRIM(provider_state_code) AS provider_state_code,
    TRIM(provider_country_code) AS provider_country_code,
    provider_postal_code,
    CASE 
        WHEN provider_sex_code = 'M' OR provider_sex_code = 'm' THEN 'Male'
        WHEN provider_sex_code = 'F' OR provider_sex_code = 'f' THEN 'Female'
        ELSE 'Unknown'
    END AS provider_gender,
    provider_telephone_number,
    CAST(provider_enumeration_date AS DATE) AS provider_enumeration_date,
    CASE 
        WHEN CAST(provider_enumeration_date AS DATE) IS NOT NULL THEN TRUE
        ELSE FALSE
    END AS is_valid_enumeration_date,
    CAST(provider_join_date AS DATE) AS provider_join_date,
    CASE 
        WHEN DATE(provider_join_date, 'YYYY-MM-DD') IS NOT NULL THEN TRUE
        ELSE FALSE
    END AS is_valid_join_date,
    provider_specialty

FROM raw_providers
),  __dbt__cte__stg_admissions as (
WITH raw_admissions AS (
    SELECT * 
    FROM raw.public.admissions
)

SELECT 
    admission_id,
    patient_id,
    admission_provider_id                                       AS provider_id,
    CAST(ADMISSION_DATETIME_IN AS TIMESTAMP)                    AS admitted_at,
    CAST(ADMISSION_DATETIME_OUT AS TIMESTAMP)                   AS discharged_at,
    UPPER(LEFT(admission_type, 1)) 
        || LOWER(SUBSTR(admission_type, 2))                     AS admission_type,
    admission_location,
    discharge_location,
    INITCAP(insurance_type)                                     AS insurance_type,
    total_cost,
    payer_coverage,
    hospital_expire_flag,
    primary_sdk
FROM raw_admissions
),  __dbt__cte__stg_diagnosis as (
WITH raw_diagnosis AS (
    SELECT * 
    FROM raw.public.diagnosis
)

SELECT 
    diagnosis_id,
    patient_id,
    admission_id,
    provider_id,
    sub_domain_key,
    TRIM(REGEXP_REPLACE(description, '\\s*\\([^)]+\\)', '')) AS description,
    REGEXP_SUBSTR(description, '\\(([^)]+)\\)', 1, 1, 'e', 1) AS description_type,
    TRIM(SPLIT_PART(REGEXP_REPLACE(SPLIT_PART(sub_domain, ' – ', 2), '\\s*/\\s*', ' & '), ' & ', 1)) AS domain,
    NULLIF(TRIM(SPLIT_PART(REGEXP_REPLACE(SPLIT_PART(sub_domain, ' – ', 2), '\\s*/\\s*', ' & '), ' & ', 2)), '') AS sub_domain
FROM raw_diagnosis
),  __dbt__cte__stg_lab_events as (
WITH raw_lab_events AS (

    SELECT *
    FROM raw.public.lab_events

)

SELECT
    lab_event_id,
    patient_id,
    admission_id,
    specimen_id,
    item_id,
    provider_id,
    CAST(done_datetime AS TIMESTAMP)    AS lab_done_at,
    CAST(stored_datetime AS TIMESTAMP)  AS lab_stored_at,
    TRY_CAST(value AS FLOAT) AS result_value,
    TRIM(measurement_unit) AS measurement_unit,
    TRY_CAST(range_lower AS FLOAT) AS range_lower,
    TRY_CAST(range_higher AS FLOAT) AS range_higher,
    TRIM(abnormal_flag) AS abnormal_flag,
    TRY_CAST(cost AS FLOAT) AS cost

FROM raw_lab_events 

--  CONVERT_TIMEZONE('UTC', done_datetime::TIMESTAMP_TZ)    AS lab_done_at,
--     CONVERT_TIMEZONE('UTC', stored_datetime::TIMESTAMP_TZ)  AS lab_stored_at,
),  __dbt__cte__stg_prescriptions as (
WITH raw_prescriptions AS (
    SELECT *
    FROM raw.public.prescriptions 
)
SELECT 
    prescription_id,
    patient_id,
    admission_id,
    provider_id,
    drug_id,
    CAST(prescribed_date AS TIMESTAMP) AS prescribed_date,
    INITCAP(status) AS status
FROM raw_prescriptions
), providers AS (
    SELECT *
    FROM __dbt__cte__stg_providers
),

admissions AS (
    SELECT *
    FROM __dbt__cte__stg_admissions
),

diagnosis AS (
    SELECT *
    FROM __dbt__cte__stg_diagnosis
),

lab_events AS (
    SELECT *
    FROM __dbt__cte__stg_lab_events
),

prescriptions AS (
    SELECT *
    FROM __dbt__cte__stg_prescriptions
),


encounter_metrics AS (
    SELECT
        provider_id,

        COUNT(DISTINCT admission_id) AS total_encounters,
        COUNT(DISTINCT patient_id) AS unique_patients,

        AVG(total_cost) AS avg_encounter_cost,

        SUM(
            CASE 
                WHEN hospital_expire_flag = 1 THEN 1
                ELSE 0
            END
        ) * 1.0 / NULLIF(COUNT(*), 0) AS mortality_rate

    FROM admissions
    GROUP BY provider_id
),


diagnosis_metrics AS (
    SELECT
        provider_id,
        COUNT(*) AS total_diagnoses
    FROM diagnosis
    GROUP BY provider_id
),


lab_metrics AS (
    SELECT
        provider_id,
        COUNT(*) AS total_lab_orders
    FROM lab_events
    GROUP BY provider_id
),

prescription_metrics AS (
    SELECT
        provider_id,
        COUNT(*) AS total_prescriptions
    FROM prescriptions
    GROUP BY provider_id
)

SELECT
    md5(cast(coalesce(cast(p.provider_id as TEXT), '_dbt_utils_surrogate_key_null_') as TEXT)) AS provider_performance_key,
    p.provider_id,

    p.provider_full_name,
    p.provider_specialty,
    p.provider_city,
    p.provider_state_code,

   
    COALESCE(em.total_encounters, 0) AS total_encounters,
    COALESCE(em.unique_patients, 0) AS unique_patients,
    COALESCE(dm.total_diagnoses, 0) AS total_diagnoses,
    COALESCE(lm.total_lab_orders, 0) AS total_lab_orders,
    COALESCE(pm.total_prescriptions, 0) AS total_prescriptions,
    COALESCE(em.mortality_rate, 0) AS mortality_rate

FROM providers p

LEFT JOIN encounter_metrics em
    ON p.provider_id = em.provider_id

LEFT JOIN diagnosis_metrics dm
    ON p.provider_id = dm.provider_id

LEFT JOIN lab_metrics lm
    ON p.provider_id = lm.provider_id

LEFT JOIN prescription_metrics pm
    ON p.provider_id = pm.provider_id
    )

/* {"app": "dbt", "dbt_version": "1.11.7", "profile_name": "raqib_sf", "target_name": "dev", "node_id": "model.raqib_sf.fact_providers_performance"} */;
[0m08:19:08.336185 [debug] [Thread-4 (]: SQL status: SUCCESS 115063 in 1.227 seconds
[0m08:19:08.348275 [debug] [Thread-4 (]: Applying DROP to: prod.dbt_dev_marts.dim_patients__dbt_tmp
[0m08:19:08.351268 [debug] [Thread-4 (]: Using snowflake connection "model.raqib_sf.dim_patients"
[0m08:19:08.352263 [debug] [Thread-4 (]: On model.raqib_sf.dim_patients: drop view if exists prod.dbt_dev_marts.dim_patients__dbt_tmp cascade
/* {"app": "dbt", "dbt_version": "1.11.7", "profile_name": "raqib_sf", "target_name": "dev", "node_id": "model.raqib_sf.dim_patients"} */
[0m08:19:08.364338 [debug] [Thread-3 (]: SQL status: SUCCESS 4500 in 0.779 seconds
[0m08:19:08.370513 [debug] [Thread-3 (]: Applying DROP to: prod.dbt_dev_marts.dim_provider__dbt_tmp
[0m08:19:08.371509 [debug] [Thread-3 (]: Using snowflake connection "model.raqib_sf.dim_provider"
[0m08:19:08.371509 [debug] [Thread-3 (]: On model.raqib_sf.dim_provider: drop view if exists prod.dbt_dev_marts.dim_provider__dbt_tmp cascade
/* {"app": "dbt", "dbt_version": "1.11.7", "profile_name": "raqib_sf", "target_name": "dev", "node_id": "model.raqib_sf.dim_provider"} */
[0m08:19:08.464392 [debug] [Thread-4 (]: SQL status: SUCCESS 1 in 0.111 seconds
[0m08:19:08.468315 [debug] [Thread-4 (]: Sending event: {'category': 'dbt', 'action': 'run_model', 'label': '19e3aa29-3277-463d-8ccf-65254f82b96b', 'context': [<snowplow_tracker.self_describing_json.SelfDescribingJson object at 0x0000022B406511F0>]}
[0m08:19:08.470314 [debug] [Thread-3 (]: SQL status: SUCCESS 1 in 0.098 seconds
[0m08:19:08.473358 [debug] [Thread-3 (]: Sending event: {'category': 'dbt', 'action': 'run_model', 'label': '19e3aa29-3277-463d-8ccf-65254f82b96b', 'context': [<snowplow_tracker.self_describing_json.SelfDescribingJson object at 0x0000022B405E66C0>]}
[0m08:19:08.469315 [info ] [Thread-4 (]: 9 of 20 OK created sql incremental model prod.dbt_dev_marts.dim_patients ....... [[32mSUCCESS 115063[0m in 1.39s]
[0m08:19:08.475369 [debug] [Thread-4 (]: Finished running node model.raqib_sf.dim_patients
[0m08:19:08.475369 [debug] [Thread-4 (]: Began running node model.raqib_sf.int_encounters
[0m08:19:08.474360 [info ] [Thread-3 (]: 10 of 20 OK created sql incremental model prod.dbt_dev_marts.dim_provider ...... [[32mSUCCESS 4500[0m in 0.91s]
[0m08:19:08.477458 [debug] [Thread-3 (]: Finished running node model.raqib_sf.dim_provider
[0m08:19:08.478459 [debug] [Thread-3 (]: Began running node model.raqib_sf.dim_services
[0m08:19:08.476322 [info ] [Thread-4 (]: 12 of 20 START sql view model dbt_dev.int_encounters ........................... [RUN]
[0m08:19:08.480457 [debug] [Thread-4 (]: Re-using an available connection from the pool (formerly model.raqib_sf.dim_patients, now model.raqib_sf.int_encounters)
[0m08:19:08.479463 [info ] [Thread-3 (]: 13 of 20 START sql incremental model prod.dbt_dev_marts.dim_services ........... [RUN]
[0m08:19:08.481457 [debug] [Thread-4 (]: Began compiling node model.raqib_sf.int_encounters
[0m08:19:08.482464 [debug] [Thread-3 (]: Re-using an available connection from the pool (formerly model.raqib_sf.dim_provider, now model.raqib_sf.dim_services)
[0m08:19:08.518541 [debug] [Thread-4 (]: Writing injected SQL for node "model.raqib_sf.int_encounters"
[0m08:19:08.519543 [debug] [Thread-3 (]: Began compiling node model.raqib_sf.dim_services
[0m08:19:08.527575 [debug] [Thread-3 (]: Writing injected SQL for node "model.raqib_sf.dim_services"
[0m08:19:08.528544 [debug] [Thread-4 (]: Began executing node model.raqib_sf.int_encounters
[0m08:19:08.531543 [debug] [Thread-4 (]: Writing runtime sql for node "model.raqib_sf.int_encounters"
[0m08:19:08.531543 [debug] [Thread-3 (]: Began executing node model.raqib_sf.dim_services
[0m08:19:08.535664 [debug] [Thread-3 (]: Writing runtime sql for node "model.raqib_sf.dim_services"
[0m08:19:08.542667 [debug] [Thread-4 (]: Using snowflake connection "model.raqib_sf.int_encounters"
[0m08:19:08.543631 [debug] [Thread-4 (]: On model.raqib_sf.int_encounters: create or replace   view dev.dbt_dev.int_encounters
  
  
  
  
  as (
    WITH  __dbt__cte__stg_admissions as (
WITH raw_admissions AS (
    SELECT * 
    FROM raw.public.admissions
)

SELECT 
    admission_id,
    patient_id,
    admission_provider_id                                       AS provider_id,
    CAST(ADMISSION_DATETIME_IN AS TIMESTAMP)                    AS admitted_at,
    CAST(ADMISSION_DATETIME_OUT AS TIMESTAMP)                   AS discharged_at,
    UPPER(LEFT(admission_type, 1)) 
        || LOWER(SUBSTR(admission_type, 2))                     AS admission_type,
    admission_location,
    discharge_location,
    INITCAP(insurance_type)                                     AS insurance_type,
    total_cost,
    payer_coverage,
    hospital_expire_flag,
    primary_sdk
FROM raw_admissions
),  __dbt__cte__stg_patients as (
WITH raw_patients AS (
    SELECT *
    FROM raw.public.patients
)

SELECT 
    patient_id,
    ssn,
    INITCAP(first_name || ' ' || last_name) AS full_name,
    birthdate::DATE AS birthdate,
    YEAR(birthdate::DATE) AS birth_year,
    deathdate::DATE AS deathdate,
    CASE 
        WHEN deathdate IS NOT NULL THEN TRUE
        ELSE FALSE
    END AS is_dead,
    blood_type,
    CASE 
        WHEN marital = 'S' THEN 'Single'
        WHEN marital = 'M' THEN 'Married'
        WHEN marital = 'D' THEN 'Divorced'
        WHEN marital = 'W' THEN 'Widowed'
    END AS marital_status,
    INITCAP(REPLACE(race, '/', ' / ')) AS race,
    CASE
        WHEN UPPER(TRIM(ethnicity)) IN ('HISPANIC', 'HISPANIC OR LATINO')
            THEN 'Hispanic or Latino'
        WHEN UPPER(TRIM(ethnicity)) IN ('NONHISPANIC', 'NOT HISPANIC OR LATINO')
            THEN 'Not Hispanic or Latino'
        ELSE 'Unknown'
    END AS ethnicity,
    CASE 
        WHEN gender = 'F' THEN 'Female'
        WHEN gender = 'M' THEN 'Male'
        ELSE 'Unknown'
    END AS gender,
    INITCAP(language) AS spoken_language,
    INITCAP(TRIM(SPLIT_PART(birthplace, ',', 1))) AS birth_city,
    CASE UPPER(TRIM(SPLIT_PART(birthplace, ',',2)))
    WHEN 'CT' THEN 'Connecticut'
    WHEN 'ME' THEN 'Maine'
    WHEN 'MA' THEN 'Massachusetts'
    WHEN 'NH' THEN 'New Hampshire'
    WHEN 'RI' THEN 'Rhode Island'
    WHEN 'VT' THEN 'Vermont'
    WHEN 'NY' THEN 'New York'
    END AS birth_state,
    address,
    INITCAP(city) AS city,
    CASE UPPER(TRIM(country))
        WHEN 'US' THEN 'United States'
        WHEN 'UK' THEN 'United Kingdom' 
    END AS country,
    CAST(healthcare_expenses AS FLOAT) AS healthcare_expenses,
    CAST(healthcare_coverage AS FLOAT) AS healthcare_coverage,
    income AS income_usd
  
FROM raw_patients
),  __dbt__cte__stg_providers as (
WITH raw_providers AS (
    SELECT * 
    FROM raw.public.providers
)

SELECT 
    npi AS provider_id,
    INITCAP(provider_first_name || ' ' || provider_last_name) AS provider_full_name,
    INITCAP(provider_name_prefix) AS provider_name_prefix,
    REGEXP_LIKE(provider_name_prefix, '\\.$') AS is_valid_prefix,
    INITCAP(provider_address) AS provider_address,
    INITCAP(provider_city) AS provider_city,
    TRIM(provider_state_code) AS provider_state_code,
    TRIM(provider_country_code) AS provider_country_code,
    provider_postal_code,
    CASE 
        WHEN provider_sex_code = 'M' OR provider_sex_code = 'm' THEN 'Male'
        WHEN provider_sex_code = 'F' OR provider_sex_code = 'f' THEN 'Female'
        ELSE 'Unknown'
    END AS provider_gender,
    provider_telephone_number,
    CAST(provider_enumeration_date AS DATE) AS provider_enumeration_date,
    CASE 
        WHEN CAST(provider_enumeration_date AS DATE) IS NOT NULL THEN TRUE
        ELSE FALSE
    END AS is_valid_enumeration_date,
    CAST(provider_join_date AS DATE) AS provider_join_date,
    CASE 
        WHEN DATE(provider_join_date, 'YYYY-MM-DD') IS NOT NULL THEN TRUE
        ELSE FALSE
    END AS is_valid_join_date,
    provider_specialty

FROM raw_providers
), admissions AS (
    SELECT *
    FROM __dbt__cte__stg_admissions
),

patients AS (
    SELECT *
    FROM __dbt__cte__stg_patients
),

providers AS (
    SELECT *
    FROM __dbt__cte__stg_providers
),

base AS (
    SELECT
        md5(cast(coalesce(cast(a.admission_id as TEXT), '_dbt_utils_surrogate_key_null_') as TEXT))  AS encounter_key,
        a.admission_id,
        a.patient_id,
        a.provider_id,
        a.primary_sdk,
        a.admitted_at,
        a.discharged_at,

        CASE
            WHEN a.discharged_at IS NULL THEN TRUE
            ELSE FALSE
        END                                                         AS is_active_encounter,

        a.admission_type,
        a.admission_location,
        a.discharge_location,
        a.total_cost,
        a.payer_coverage,
        a.hospital_expire_flag,
        p.birthdate,
        pr.provider_specialty

    FROM admissions a
    LEFT JOIN patients p  ON a.patient_id  = p.patient_id
    LEFT JOIN providers pr ON a.provider_id = pr.provider_id
),

final AS (
    SELECT
        encounter_key,
        admission_id,
        patient_id,
        provider_id,
        primary_sdk,
        provider_specialty,

        admitted_at,
        discharged_at,
        is_active_encounter,

        DATEDIFF(
            'day',
            admitted_at,
            COALESCE(discharged_at, CURRENT_TIMESTAMP)
        )                                                           AS length_of_stay_days,

        admission_type,
        admission_location,
        discharge_location,

        total_cost,
        payer_coverage,

        ROUND(
            payer_coverage / NULLIF(total_cost, 0) * 100, 1
        )                                                           AS coverage_percentage,

        total_cost - payer_coverage                                 AS out_of_pocket_cost,

        DATEDIFF(
            'year',
            birthdate,
            admitted_at
        )                                                           AS age_at_admission,

        CASE
            WHEN DATEDIFF('year', birthdate, admitted_at) < 12
                THEN 'Child'
            WHEN DATEDIFF('year', birthdate, admitted_at) BETWEEN 12 AND 17
                THEN 'Teen'
            WHEN DATEDIFF('year', birthdate, admitted_at) BETWEEN 18 AND 60
                THEN 'Adult'
            ELSE 'Senior'
        END                                                         AS age_group,

        CASE
            WHEN hospital_expire_flag THEN 'Deceased'
            ELSE 'Alive'
        END                                                         AS discharge_status

    FROM base
)

SELECT *
FROM final
  )
/* {"app": "dbt", "dbt_version": "1.11.7", "profile_name": "raqib_sf", "target_name": "dev", "node_id": "model.raqib_sf.int_encounters"} */;
[0m08:19:08.545638 [debug] [Thread-3 (]: Using snowflake connection "model.raqib_sf.dim_services"
[0m08:19:08.546638 [debug] [Thread-3 (]: On model.raqib_sf.dim_services: create or replace transient table prod.dbt_dev_marts.dim_services
    
    
    
    as (with  __dbt__cte__stg_services as (
WITH raw_services AS (
    SELECT *
    FROM raw.public.services
)

SELECT 
    patient_id,
    admission_id,
    service_id,
    REGEXP_LIKE(service_id, '^SVC[0-9]+$') AS is_valid_service_id,
    CASE 
        WHEN CONTAINS(service_name, '–') 
        THEN TRIM(SPLIT_PART(service_name, '–', 1))
        WHEN CONTAINS(service_name, '(')
        THEN TRIM(SPLIT_PART(service_name, '(', 1))
        ELSE service_name 
    END AS service_name,

    CASE 
        WHEN CONTAINS(service_name, '–')
        THEN TRIM(SPLIT_PART(service_name, '–', 2))
        WHEN CONTAINS(service_name, '(')
        THEN TRIM(REPLACE(SPLIT_PART(service_name, '(', 2), ')', ''))
        ELSE NULL
    END AS service_sub_type,
    INITCAP(category) AS category,
    TRY_CAST(cost AS FLOAT) AS cost,
    duration AS service_duration_in_minutes
    
FROM raw_services
), services as (
    select *
    from __dbt__cte__stg_services
)

select    
    md5(cast(coalesce(cast(service_id as TEXT), '_dbt_utils_surrogate_key_null_') as TEXT)) AS service_dim_key,
    service_name,
    service_sub_type,
    category 
from services
    )

/* {"app": "dbt", "dbt_version": "1.11.7", "profile_name": "raqib_sf", "target_name": "dev", "node_id": "model.raqib_sf.dim_services"} */;
[0m08:19:08.825818 [debug] [Thread-4 (]: SQL status: SUCCESS 1 in 0.281 seconds
[0m08:19:08.831819 [debug] [Thread-4 (]: Sending event: {'category': 'dbt', 'action': 'run_model', 'label': '19e3aa29-3277-463d-8ccf-65254f82b96b', 'context': [<snowplow_tracker.self_describing_json.SelfDescribingJson object at 0x0000022B4067CD40>]}
[0m08:19:08.833819 [info ] [Thread-4 (]: 12 of 20 OK created sql view model dbt_dev.int_encounters ...................... [[32mSUCCESS 1[0m in 0.35s]
[0m08:19:08.836850 [debug] [Thread-4 (]: Finished running node model.raqib_sf.int_encounters
[0m08:19:08.837864 [debug] [Thread-4 (]: Began running node model.raqib_sf.fact_lab_results
[0m08:19:08.839996 [info ] [Thread-4 (]: 14 of 20 START sql incremental model prod.dbt_dev_marts.fact_lab_results ....... [RUN]
[0m08:19:08.843020 [debug] [Thread-4 (]: Re-using an available connection from the pool (formerly model.raqib_sf.int_encounters, now model.raqib_sf.fact_lab_results)
[0m08:19:08.844185 [debug] [Thread-4 (]: Began compiling node model.raqib_sf.fact_lab_results
[0m08:19:08.852351 [debug] [Thread-4 (]: Writing injected SQL for node "model.raqib_sf.fact_lab_results"
[0m08:19:08.854657 [debug] [Thread-4 (]: Began executing node model.raqib_sf.fact_lab_results
[0m08:19:08.863173 [debug] [Thread-4 (]: Writing runtime sql for node "model.raqib_sf.fact_lab_results"
[0m08:19:08.866127 [debug] [Thread-4 (]: Using snowflake connection "model.raqib_sf.fact_lab_results"
[0m08:19:08.867178 [debug] [Thread-4 (]: On model.raqib_sf.fact_lab_results: create or replace transient table prod.dbt_dev_marts.fact_lab_results
    
    
    
    as (SELECT
    lab_event_key,
    lab_event_id,
    patient_id,
    admission_id,
    provider_id,
    specimen_id,
    item_id,
    lab_done_at,
    lab_stored_at,
    test_name,
    label_sub_type,
    fluid,
    category_type,
    category_sub_type,
    specialty_1,
    specialty_2,
    result_value,
    measurement_unit,
    range_lower,
    range_higher,
    abnormal_flag,
    cost
FROM dev.dbt_dev.int_lab_analysis
    )

/* {"app": "dbt", "dbt_version": "1.11.7", "profile_name": "raqib_sf", "target_name": "dev", "node_id": "model.raqib_sf.fact_lab_results"} */;
[0m08:19:08.996496 [debug] [Thread-2 (]: SQL status: SUCCESS 500000 in 2.650 seconds
[0m08:19:09.010447 [debug] [Thread-2 (]: Applying DROP to: prod.dbt_dev_marts.dim_diagnosis__dbt_tmp
[0m08:19:09.014427 [debug] [Thread-2 (]: Using snowflake connection "model.raqib_sf.dim_diagnosis"
[0m08:19:09.015446 [debug] [Thread-2 (]: On model.raqib_sf.dim_diagnosis: drop view if exists prod.dbt_dev_marts.dim_diagnosis__dbt_tmp cascade
/* {"app": "dbt", "dbt_version": "1.11.7", "profile_name": "raqib_sf", "target_name": "dev", "node_id": "model.raqib_sf.dim_diagnosis"} */
[0m08:19:09.141152 [debug] [Thread-2 (]: SQL status: SUCCESS 1 in 0.124 seconds
[0m08:19:09.149153 [debug] [Thread-2 (]: Sending event: {'category': 'dbt', 'action': 'run_model', 'label': '19e3aa29-3277-463d-8ccf-65254f82b96b', 'context': [<snowplow_tracker.self_describing_json.SelfDescribingJson object at 0x0000022B264C9880>]}
[0m08:19:09.152152 [info ] [Thread-2 (]: 5 of 20 OK created sql incremental model prod.dbt_dev_marts.dim_diagnosis ...... [[32mSUCCESS 500000[0m in 2.82s]
[0m08:19:09.155212 [debug] [Thread-2 (]: Finished running node model.raqib_sf.dim_diagnosis
[0m08:19:09.157295 [debug] [Thread-2 (]: Began running node model.raqib_sf.fact_encounters
[0m08:19:09.159234 [info ] [Thread-2 (]: 15 of 20 START sql incremental model prod.dbt_dev_marts.fact_encounters ........ [RUN]
[0m08:19:09.161234 [debug] [Thread-2 (]: Re-using an available connection from the pool (formerly model.raqib_sf.dim_diagnosis, now model.raqib_sf.fact_encounters)
[0m08:19:09.162721 [debug] [Thread-2 (]: Began compiling node model.raqib_sf.fact_encounters
[0m08:19:09.172754 [debug] [Thread-2 (]: Writing injected SQL for node "model.raqib_sf.fact_encounters"
[0m08:19:09.174753 [debug] [Thread-2 (]: Began executing node model.raqib_sf.fact_encounters
[0m08:19:09.185750 [debug] [Thread-2 (]: Writing runtime sql for node "model.raqib_sf.fact_encounters"
[0m08:19:09.188585 [debug] [Thread-2 (]: Using snowflake connection "model.raqib_sf.fact_encounters"
[0m08:19:09.189586 [debug] [Thread-2 (]: On model.raqib_sf.fact_encounters: create or replace transient table prod.dbt_dev_marts.fact_encounters
    
    
    
    as (SELECT
    encounter_key,
    admission_id,
    patient_id,
    provider_id,
    primary_sdk,
    provider_specialty,
    admitted_at,
    discharged_at,
    is_active_encounter,
    length_of_stay_days,
    admission_type,
    admission_location,
    discharge_location,
    total_cost,
    payer_coverage,
    coverage_percentage,
    out_of_pocket_cost,
    age_at_admission,
    age_group,
    discharge_status
FROM dev.dbt_dev.int_encounters
    )

/* {"app": "dbt", "dbt_version": "1.11.7", "profile_name": "raqib_sf", "target_name": "dev", "node_id": "model.raqib_sf.fact_encounters"} */;
[0m08:19:09.491565 [debug] [Thread-5 (]: SQL status: SUCCESS 4500 in 1.681 seconds
[0m08:19:09.625453 [debug] [Thread-5 (]: Applying DROP to: prod.dbt_dev_marts.fact_providers_performance__dbt_tmp
[0m08:19:09.627453 [debug] [Thread-5 (]: Using snowflake connection "model.raqib_sf.fact_providers_performance"
[0m08:19:09.628460 [debug] [Thread-5 (]: On model.raqib_sf.fact_providers_performance: drop view if exists prod.dbt_dev_marts.fact_providers_performance__dbt_tmp cascade
/* {"app": "dbt", "dbt_version": "1.11.7", "profile_name": "raqib_sf", "target_name": "dev", "node_id": "model.raqib_sf.fact_providers_performance"} */
[0m08:19:09.732489 [debug] [Thread-5 (]: SQL status: SUCCESS 1 in 0.103 seconds
[0m08:19:09.735488 [debug] [Thread-5 (]: Sending event: {'category': 'dbt', 'action': 'run_model', 'label': '19e3aa29-3277-463d-8ccf-65254f82b96b', 'context': [<snowplow_tracker.self_describing_json.SelfDescribingJson object at 0x0000022B40609D90>]}
[0m08:19:09.736489 [info ] [Thread-5 (]: 11 of 20 OK created sql incremental model prod.dbt_dev_marts.fact_providers_performance  [[32mSUCCESS 4500[0m in 1.98s]
[0m08:19:09.737460 [debug] [Thread-5 (]: Finished running node model.raqib_sf.fact_providers_performance
[0m08:19:09.738452 [debug] [Thread-5 (]: Began running node model.raqib_sf.fact_patient_finances
[0m08:19:09.739452 [info ] [Thread-5 (]: 16 of 20 START sql incremental model prod.dbt_dev_marts.fact_patient_finances .. [RUN]
[0m08:19:09.740452 [debug] [Thread-5 (]: Re-using an available connection from the pool (formerly model.raqib_sf.fact_providers_performance, now model.raqib_sf.fact_patient_finances)
[0m08:19:09.740452 [debug] [Thread-5 (]: Began compiling node model.raqib_sf.fact_patient_finances
[0m08:19:09.758884 [debug] [Thread-5 (]: Writing injected SQL for node "model.raqib_sf.fact_patient_finances"
[0m08:19:09.759853 [debug] [Thread-5 (]: Began executing node model.raqib_sf.fact_patient_finances
[0m08:19:09.763885 [debug] [Thread-5 (]: Writing runtime sql for node "model.raqib_sf.fact_patient_finances"
[0m08:19:09.767857 [debug] [Thread-5 (]: Using snowflake connection "model.raqib_sf.fact_patient_finances"
[0m08:19:09.768856 [debug] [Thread-5 (]: On model.raqib_sf.fact_patient_finances: create or replace transient table prod.dbt_dev_marts.fact_patient_finances
    
    
    
    as (WITH  __dbt__cte__stg_patients as (
WITH raw_patients AS (
    SELECT *
    FROM raw.public.patients
)

SELECT 
    patient_id,
    ssn,
    INITCAP(first_name || ' ' || last_name) AS full_name,
    birthdate::DATE AS birthdate,
    YEAR(birthdate::DATE) AS birth_year,
    deathdate::DATE AS deathdate,
    CASE 
        WHEN deathdate IS NOT NULL THEN TRUE
        ELSE FALSE
    END AS is_dead,
    blood_type,
    CASE 
        WHEN marital = 'S' THEN 'Single'
        WHEN marital = 'M' THEN 'Married'
        WHEN marital = 'D' THEN 'Divorced'
        WHEN marital = 'W' THEN 'Widowed'
    END AS marital_status,
    INITCAP(REPLACE(race, '/', ' / ')) AS race,
    CASE
        WHEN UPPER(TRIM(ethnicity)) IN ('HISPANIC', 'HISPANIC OR LATINO')
            THEN 'Hispanic or Latino'
        WHEN UPPER(TRIM(ethnicity)) IN ('NONHISPANIC', 'NOT HISPANIC OR LATINO')
            THEN 'Not Hispanic or Latino'
        ELSE 'Unknown'
    END AS ethnicity,
    CASE 
        WHEN gender = 'F' THEN 'Female'
        WHEN gender = 'M' THEN 'Male'
        ELSE 'Unknown'
    END AS gender,
    INITCAP(language) AS spoken_language,
    INITCAP(TRIM(SPLIT_PART(birthplace, ',', 1))) AS birth_city,
    CASE UPPER(TRIM(SPLIT_PART(birthplace, ',',2)))
    WHEN 'CT' THEN 'Connecticut'
    WHEN 'ME' THEN 'Maine'
    WHEN 'MA' THEN 'Massachusetts'
    WHEN 'NH' THEN 'New Hampshire'
    WHEN 'RI' THEN 'Rhode Island'
    WHEN 'VT' THEN 'Vermont'
    WHEN 'NY' THEN 'New York'
    END AS birth_state,
    address,
    INITCAP(city) AS city,
    CASE UPPER(TRIM(country))
        WHEN 'US' THEN 'United States'
        WHEN 'UK' THEN 'United Kingdom' 
    END AS country,
    CAST(healthcare_expenses AS FLOAT) AS healthcare_expenses,
    CAST(healthcare_coverage AS FLOAT) AS healthcare_coverage,
    income AS income_usd
  
FROM raw_patients
), patients AS (
    SELECT
        patient_id,
        healthcare_expenses,
        healthcare_coverage,
        income_usd
    FROM __dbt__cte__stg_patients
),

encounter_finances AS (
    SELECT
        patient_id,
        SUM(total_cost)          AS total_admissions_cost,
        SUM(payer_coverage)      AS total_payer_coverage,
        SUM(out_of_pocket_cost)  AS total_out_of_pocket,
        AVG(coverage_percentage) AS avg_coverage_percentage
    FROM dev.dbt_dev.int_encounters
    GROUP BY patient_id
)

SELECT
    md5(cast(coalesce(cast(p.patient_id as TEXT), '_dbt_utils_surrogate_key_null_') as TEXT)) AS patient_key,
    p.patient_id,
    p.healthcare_expenses,
    p.healthcare_coverage,
    p.income_usd,
    COALESCE(ef.total_admissions_cost, 0)    AS total_admissions_cost,
    COALESCE(ef.total_payer_coverage, 0)     AS total_payer_coverage,
    COALESCE(ef.total_out_of_pocket, 0)      AS total_out_of_pocket,
    COALESCE(ef.avg_coverage_percentage, 0)  AS avg_coverage_percentage
FROM patients p
LEFT JOIN encounter_finances ef ON p.patient_id = ef.patient_id
    )

/* {"app": "dbt", "dbt_version": "1.11.7", "profile_name": "raqib_sf", "target_name": "dev", "node_id": "model.raqib_sf.fact_patient_finances"} */;
[0m08:19:11.095352 [debug] [Thread-3 (]: SQL status: SUCCESS 1663395 in 2.548 seconds
[0m08:19:11.100397 [debug] [Thread-3 (]: Applying DROP to: prod.dbt_dev_marts.dim_services__dbt_tmp
[0m08:19:11.101403 [debug] [Thread-3 (]: Using snowflake connection "model.raqib_sf.dim_services"
[0m08:19:11.102403 [debug] [Thread-3 (]: On model.raqib_sf.dim_services: drop view if exists prod.dbt_dev_marts.dim_services__dbt_tmp cascade
/* {"app": "dbt", "dbt_version": "1.11.7", "profile_name": "raqib_sf", "target_name": "dev", "node_id": "model.raqib_sf.dim_services"} */
[0m08:19:11.220355 [debug] [Thread-3 (]: SQL status: SUCCESS 1 in 0.117 seconds
[0m08:19:11.223354 [debug] [Thread-3 (]: Sending event: {'category': 'dbt', 'action': 'run_model', 'label': '19e3aa29-3277-463d-8ccf-65254f82b96b', 'context': [<snowplow_tracker.self_describing_json.SelfDescribingJson object at 0x0000022B404A9070>]}
[0m08:19:11.223354 [info ] [Thread-3 (]: 13 of 20 OK created sql incremental model prod.dbt_dev_marts.dim_services ...... [[32mSUCCESS 1663395[0m in 2.74s]
[0m08:19:11.225355 [debug] [Thread-3 (]: Finished running node model.raqib_sf.dim_services
[0m08:19:11.225355 [debug] [Thread-3 (]: Began running node model.raqib_sf.fact_patient_services
[0m08:19:11.226354 [info ] [Thread-3 (]: 17 of 20 START sql incremental model prod.dbt_dev_marts.fact_patient_services .. [RUN]
[0m08:19:11.227355 [debug] [Thread-3 (]: Re-using an available connection from the pool (formerly model.raqib_sf.dim_services, now model.raqib_sf.fact_patient_services)
[0m08:19:11.227355 [debug] [Thread-3 (]: Began compiling node model.raqib_sf.fact_patient_services
[0m08:19:11.241350 [debug] [Thread-3 (]: Writing injected SQL for node "model.raqib_sf.fact_patient_services"
[0m08:19:11.242351 [debug] [Thread-3 (]: Began executing node model.raqib_sf.fact_patient_services
[0m08:19:11.247352 [debug] [Thread-3 (]: Writing runtime sql for node "model.raqib_sf.fact_patient_services"
[0m08:19:11.250351 [debug] [Thread-3 (]: Using snowflake connection "model.raqib_sf.fact_patient_services"
[0m08:19:11.250351 [debug] [Thread-3 (]: On model.raqib_sf.fact_patient_services: create or replace transient table prod.dbt_dev_marts.fact_patient_services
    
    
    
    as (WITH  __dbt__cte__stg_services as (
WITH raw_services AS (
    SELECT *
    FROM raw.public.services
)

SELECT 
    patient_id,
    admission_id,
    service_id,
    REGEXP_LIKE(service_id, '^SVC[0-9]+$') AS is_valid_service_id,
    CASE 
        WHEN CONTAINS(service_name, '–') 
        THEN TRIM(SPLIT_PART(service_name, '–', 1))
        WHEN CONTAINS(service_name, '(')
        THEN TRIM(SPLIT_PART(service_name, '(', 1))
        ELSE service_name 
    END AS service_name,

    CASE 
        WHEN CONTAINS(service_name, '–')
        THEN TRIM(SPLIT_PART(service_name, '–', 2))
        WHEN CONTAINS(service_name, '(')
        THEN TRIM(REPLACE(SPLIT_PART(service_name, '(', 2), ')', ''))
        ELSE NULL
    END AS service_sub_type,
    INITCAP(category) AS category,
    TRY_CAST(cost AS FLOAT) AS cost,
    duration AS service_duration_in_minutes
    
FROM raw_services
), services AS (
    SELECT *
    FROM __dbt__cte__stg_services
)

SELECT
    md5(cast(coalesce(cast(s.service_id as TEXT), '_dbt_utils_surrogate_key_null_') || '-' || coalesce(cast(s.patient_id as TEXT), '_dbt_utils_surrogate_key_null_') || '-' || coalesce(cast(s.admission_id as TEXT), '_dbt_utils_surrogate_key_null_') as TEXT)) AS service_key,
    dp.patient_key,
    ie.encounter_key,
    s.service_id,
    s.patient_id,
    s.admission_id,
    s.cost,
    s.service_duration_in_minutes
FROM services s
LEFT JOIN prod.dbt_dev_marts.dim_patients dp ON s.patient_id = dp.patient_id
LEFT JOIN dev.dbt_dev.int_encounters ie ON s.admission_id = ie.admission_id
    )

/* {"app": "dbt", "dbt_version": "1.11.7", "profile_name": "raqib_sf", "target_name": "dev", "node_id": "model.raqib_sf.fact_patient_services"} */;
[0m08:19:11.459178 [debug] [Thread-5 (]: SQL status: SUCCESS 115063 in 1.689 seconds
[0m08:19:11.469180 [debug] [Thread-5 (]: Applying DROP to: prod.dbt_dev_marts.fact_patient_finances__dbt_tmp
[0m08:19:11.471173 [debug] [Thread-5 (]: Using snowflake connection "model.raqib_sf.fact_patient_finances"
[0m08:19:11.472172 [debug] [Thread-5 (]: On model.raqib_sf.fact_patient_finances: drop view if exists prod.dbt_dev_marts.fact_patient_finances__dbt_tmp cascade
/* {"app": "dbt", "dbt_version": "1.11.7", "profile_name": "raqib_sf", "target_name": "dev", "node_id": "model.raqib_sf.fact_patient_finances"} */
[0m08:19:11.594800 [debug] [Thread-5 (]: SQL status: SUCCESS 1 in 0.122 seconds
[0m08:19:11.598794 [debug] [Thread-5 (]: Sending event: {'category': 'dbt', 'action': 'run_model', 'label': '19e3aa29-3277-463d-8ccf-65254f82b96b', 'context': [<snowplow_tracker.self_describing_json.SelfDescribingJson object at 0x0000022B404E54C0>]}
[0m08:19:11.599791 [info ] [Thread-5 (]: 16 of 20 OK created sql incremental model prod.dbt_dev_marts.fact_patient_finances  [[32mSUCCESS 115063[0m in 1.86s]
[0m08:19:11.601753 [debug] [Thread-5 (]: Finished running node model.raqib_sf.fact_patient_finances
[0m08:19:11.602751 [debug] [Thread-5 (]: Began running node model.raqib_sf.fact_transfers
[0m08:19:11.602751 [info ] [Thread-5 (]: 18 of 20 START sql incremental model prod.dbt_dev_marts.fact_transfers ......... [RUN]
[0m08:19:11.604755 [debug] [Thread-5 (]: Re-using an available connection from the pool (formerly model.raqib_sf.fact_patient_finances, now model.raqib_sf.fact_transfers)
[0m08:19:11.604755 [debug] [Thread-5 (]: Began compiling node model.raqib_sf.fact_transfers
[0m08:19:11.628994 [debug] [Thread-5 (]: Writing injected SQL for node "model.raqib_sf.fact_transfers"
[0m08:19:11.630055 [debug] [Thread-5 (]: Began executing node model.raqib_sf.fact_transfers
[0m08:19:11.634015 [debug] [Thread-5 (]: Writing runtime sql for node "model.raqib_sf.fact_transfers"
[0m08:19:11.637013 [debug] [Thread-5 (]: Using snowflake connection "model.raqib_sf.fact_transfers"
[0m08:19:11.638048 [debug] [Thread-5 (]: On model.raqib_sf.fact_transfers: create or replace transient table prod.dbt_dev_marts.fact_transfers
    
    
    
    as (with __dbt__cte__stg_transfers as (
WITH raw_transfers AS (
    SELECT *
    FROM raw.public.transfers
)

SELECT 
    transfer_id,
    patient_id,
    admission_id,
    from_department,
    to_department,
    (from_department = to_department) AS is_same_department_transfer,
    CAST(transfer_datetime AS TIMESTAMP) AS transfer_datetime,
    transfer_reason
    
FROM raw_transfers
) SELECT
    md5(cast(coalesce(cast(t.transfer_id as TEXT), '_dbt_utils_surrogate_key_null_') || '-' || coalesce(cast(t.patient_id as TEXT), '_dbt_utils_surrogate_key_null_') || '-' || coalesce(cast(t.admission_id as TEXT), '_dbt_utils_surrogate_key_null_') as TEXT))                                       AS transfer_key,

    t.transfer_id,
    dp.patient_key,
    ie.encounter_key,
    dd.date_key                                 AS transfer_date_key,
    dt.time_key                                 AS transfer_time_key,
    t.from_department,
    t.to_department,
    t.is_same_department_transfer,
    t.transfer_reason

FROM __dbt__cte__stg_transfers t
LEFT JOIN prod.dbt_dev_marts.dim_patients dp
    ON t.patient_id = dp.patient_id
LEFT JOIN dev.dbt_dev.int_encounters ie
    ON t.admission_id = ie.admission_id
LEFT JOIN prod.dbt_dev_marts.dim_date dd
    ON CAST(t.transfer_datetime AS DATE) = dd.date_bk
LEFT JOIN prod.dbt_dev_marts.dim_time dt
    ON CAST(t.transfer_datetime AS TIME) = dt.time_bk
    )

/* {"app": "dbt", "dbt_version": "1.11.7", "profile_name": "raqib_sf", "target_name": "dev", "node_id": "model.raqib_sf.fact_transfers"} */;
[0m08:19:13.629780 [debug] [Thread-5 (]: SQL status: SUCCESS 119591 in 1.991 seconds
[0m08:19:13.633796 [debug] [Thread-5 (]: Applying DROP to: prod.dbt_dev_marts.fact_transfers__dbt_tmp
[0m08:19:13.634798 [debug] [Thread-5 (]: Using snowflake connection "model.raqib_sf.fact_transfers"
[0m08:19:13.635795 [debug] [Thread-5 (]: On model.raqib_sf.fact_transfers: drop view if exists prod.dbt_dev_marts.fact_transfers__dbt_tmp cascade
/* {"app": "dbt", "dbt_version": "1.11.7", "profile_name": "raqib_sf", "target_name": "dev", "node_id": "model.raqib_sf.fact_transfers"} */
[0m08:19:13.734251 [debug] [Thread-5 (]: SQL status: SUCCESS 1 in 0.097 seconds
[0m08:19:13.737267 [debug] [Thread-5 (]: Sending event: {'category': 'dbt', 'action': 'run_model', 'label': '19e3aa29-3277-463d-8ccf-65254f82b96b', 'context': [<snowplow_tracker.self_describing_json.SelfDescribingJson object at 0x0000022B405F24B0>]}
[0m08:19:13.737267 [info ] [Thread-5 (]: 18 of 20 OK created sql incremental model prod.dbt_dev_marts.fact_transfers .... [[32mSUCCESS 119591[0m in 2.13s]
[0m08:19:13.738272 [debug] [Thread-5 (]: Finished running node model.raqib_sf.fact_transfers
[0m08:19:13.739267 [debug] [Thread-5 (]: Began running node model.raqib_sf.int_clinical_events
[0m08:19:13.740268 [info ] [Thread-5 (]: 19 of 20 START sql view model dbt_dev.int_clinical_events ...................... [RUN]
[0m08:19:13.740268 [debug] [Thread-5 (]: Re-using an available connection from the pool (formerly model.raqib_sf.fact_transfers, now model.raqib_sf.int_clinical_events)
[0m08:19:13.741268 [debug] [Thread-5 (]: Began compiling node model.raqib_sf.int_clinical_events
[0m08:19:13.775274 [debug] [Thread-5 (]: Writing injected SQL for node "model.raqib_sf.int_clinical_events"
[0m08:19:13.776274 [debug] [Thread-5 (]: Began executing node model.raqib_sf.int_clinical_events
[0m08:19:13.781794 [debug] [Thread-5 (]: Writing runtime sql for node "model.raqib_sf.int_clinical_events"
[0m08:19:13.787048 [debug] [Thread-5 (]: Using snowflake connection "model.raqib_sf.int_clinical_events"
[0m08:19:13.788048 [debug] [Thread-5 (]: On model.raqib_sf.int_clinical_events: create or replace   view dev.dbt_dev.int_clinical_events
  
  
  
  
  as (
    WITH  __dbt__cte__stg_diagnosis as (
WITH raw_diagnosis AS (
    SELECT * 
    FROM raw.public.diagnosis
)

SELECT 
    diagnosis_id,
    patient_id,
    admission_id,
    provider_id,
    sub_domain_key,
    TRIM(REGEXP_REPLACE(description, '\\s*\\([^)]+\\)', '')) AS description,
    REGEXP_SUBSTR(description, '\\(([^)]+)\\)', 1, 1, 'e', 1) AS description_type,
    TRIM(SPLIT_PART(REGEXP_REPLACE(SPLIT_PART(sub_domain, ' – ', 2), '\\s*/\\s*', ' & '), ' & ', 1)) AS domain,
    NULLIF(TRIM(SPLIT_PART(REGEXP_REPLACE(SPLIT_PART(sub_domain, ' – ', 2), '\\s*/\\s*', ' & '), ' & ', 2)), '') AS sub_domain
FROM raw_diagnosis
),  __dbt__cte__stg_prescriptions as (
WITH raw_prescriptions AS (
    SELECT *
    FROM raw.public.prescriptions 
)
SELECT 
    prescription_id,
    patient_id,
    admission_id,
    provider_id,
    drug_id,
    CAST(prescribed_date AS TIMESTAMP) AS prescribed_date,
    INITCAP(status) AS status
FROM raw_prescriptions
),  __dbt__cte__stg_drugs as (
with raw_drugs as (
    select * 
    from raw.public.drugs
)

select 
    drug_id,
    case 
        when brand_name is not null then initcap(brand_name)
        when brand_name is null and generic_name ilike 'Atropine Sulfate Injection%' then 'AtroPen'
        when brand_name is null and generic_name ilike 'Midazolam Injection%' then 'Versed'
        when brand_name is null and generic_name = 'Tadalafil' then 'Cialis'
    end as brand_name,
    case 
        when generic_name is not null then initcap(generic_name) 
        when generic_name is null then brand_name
    end as generic_name,
    initcap(route) as route,
    indications,
    dosage,
    contraindications,
    side_effects,
    warnings,
    has_contraindications,
    has_side_effects
    
from raw_drugs
), all_events AS (
    SELECT 
        admission_id, 
        patient_id, 
        'Diagnosis'                                                      AS event_type, 
        description                                                      AS event_name, 
        NULL::TIMESTAMP                                                  AS event_date,
        NULL::FLOAT                                                      AS cost,
        diagnosis_id::VARCHAR                                            AS source_id
    FROM __dbt__cte__stg_diagnosis

    UNION ALL

    SELECT 
        le.admission_id, 
        le.patient_id, 
        'Lab'                                                            AS event_type, 
        le.test_name                                                        AS event_name, 
        le.lab_done_at                                                   AS event_date,
        le.cost,
        le.lab_event_id::VARCHAR                                         AS source_id
    FROM dev.dbt_dev.int_lab_analysis le

    UNION ALL

    SELECT 
        p.admission_id, 
        p.patient_id, 
        'Medication'                                                     AS event_type, 
        d.brand_name                                                     AS event_name, 
        p.prescribed_date                                                AS event_date,
        NULL::FLOAT                                                      AS cost,
        p.prescription_id::VARCHAR                                       AS source_id
    FROM __dbt__cte__stg_prescriptions p
    LEFT JOIN __dbt__cte__stg_drugs d 
        ON p.drug_id = d.drug_id
),

events_with_date AS (
    SELECT
        ae.admission_id,
        ae.patient_id,
        ae.event_type,
        ae.event_name,
        ae.source_id,
        ae.cost,
        COALESCE(ae.event_date, e.admitted_at)                          AS event_date
    FROM all_events ae
    LEFT JOIN dev.dbt_dev.int_encounters e 
        ON ae.admission_id = e.admission_id
)

SELECT
    md5(cast(coalesce(cast(admission_id as TEXT), '_dbt_utils_surrogate_key_null_') || '-' || coalesce(cast(event_type as TEXT), '_dbt_utils_surrogate_key_null_') || '-' || coalesce(cast(event_date as TEXT), '_dbt_utils_surrogate_key_null_') || '-' || coalesce(cast(event_name as TEXT), '_dbt_utils_surrogate_key_null_') || '-' || coalesce(cast(source_id as TEXT), '_dbt_utils_surrogate_key_null_') as TEXT))                                                                AS event_key,

    admission_id,
    patient_id,
    event_type,
    event_name,
    event_date,
    COALESCE(cost, 0)                                                    AS event_cost

FROM events_with_date
  )
/* {"app": "dbt", "dbt_version": "1.11.7", "profile_name": "raqib_sf", "target_name": "dev", "node_id": "model.raqib_sf.int_clinical_events"} */;
[0m08:19:14.142996 [debug] [Thread-5 (]: SQL status: SUCCESS 1 in 0.354 seconds
[0m08:19:14.145995 [debug] [Thread-5 (]: Sending event: {'category': 'dbt', 'action': 'run_model', 'label': '19e3aa29-3277-463d-8ccf-65254f82b96b', 'context': [<snowplow_tracker.self_describing_json.SelfDescribingJson object at 0x0000022B3E8F3FE0>]}
[0m08:19:14.146994 [info ] [Thread-5 (]: 19 of 20 OK created sql view model dbt_dev.int_clinical_events ................. [[32mSUCCESS 1[0m in 0.41s]
[0m08:19:14.148996 [debug] [Thread-5 (]: Finished running node model.raqib_sf.int_clinical_events
[0m08:19:14.148996 [debug] [Thread-5 (]: Began running node model.raqib_sf.fact_clinical_events
[0m08:19:14.149994 [info ] [Thread-5 (]: 20 of 20 START sql incremental model prod.dbt_dev_marts.fact_clinical_events ... [RUN]
[0m08:19:14.149994 [debug] [Thread-5 (]: Re-using an available connection from the pool (formerly model.raqib_sf.int_clinical_events, now model.raqib_sf.fact_clinical_events)
[0m08:19:14.150996 [debug] [Thread-5 (]: Began compiling node model.raqib_sf.fact_clinical_events
[0m08:19:14.153994 [debug] [Thread-5 (]: Writing injected SQL for node "model.raqib_sf.fact_clinical_events"
[0m08:19:14.156003 [debug] [Thread-5 (]: Began executing node model.raqib_sf.fact_clinical_events
[0m08:19:14.161015 [debug] [Thread-5 (]: Writing runtime sql for node "model.raqib_sf.fact_clinical_events"
[0m08:19:14.163024 [debug] [Thread-5 (]: Using snowflake connection "model.raqib_sf.fact_clinical_events"
[0m08:19:14.163024 [debug] [Thread-5 (]: On model.raqib_sf.fact_clinical_events: create or replace transient table prod.dbt_dev_marts.fact_clinical_events
    
    
    
    as (SELECT
    event_key,
    admission_id,
    patient_id,
    event_type,
    event_name,
    event_date,
    event_cost
FROM dev.dbt_dev.int_clinical_events
    )

/* {"app": "dbt", "dbt_version": "1.11.7", "profile_name": "raqib_sf", "target_name": "dev", "node_id": "model.raqib_sf.fact_clinical_events"} */;
[0m08:19:14.724943 [debug] [Thread-3 (]: SQL status: SUCCESS 1663395 in 3.474 seconds
[0m08:19:14.728943 [debug] [Thread-3 (]: Applying DROP to: prod.dbt_dev_marts.fact_patient_services__dbt_tmp
[0m08:19:14.729940 [debug] [Thread-3 (]: Using snowflake connection "model.raqib_sf.fact_patient_services"
[0m08:19:14.730943 [debug] [Thread-3 (]: On model.raqib_sf.fact_patient_services: drop view if exists prod.dbt_dev_marts.fact_patient_services__dbt_tmp cascade
/* {"app": "dbt", "dbt_version": "1.11.7", "profile_name": "raqib_sf", "target_name": "dev", "node_id": "model.raqib_sf.fact_patient_services"} */
[0m08:19:14.837973 [debug] [Thread-3 (]: SQL status: SUCCESS 1 in 0.107 seconds
[0m08:19:14.839974 [debug] [Thread-3 (]: Sending event: {'category': 'dbt', 'action': 'run_model', 'label': '19e3aa29-3277-463d-8ccf-65254f82b96b', 'context': [<snowplow_tracker.self_describing_json.SelfDescribingJson object at 0x0000022B404E78F0>]}
[0m08:19:14.840975 [info ] [Thread-3 (]: 17 of 20 OK created sql incremental model prod.dbt_dev_marts.fact_patient_services  [[32mSUCCESS 1663395[0m in 3.61s]
[0m08:19:14.841980 [debug] [Thread-3 (]: Finished running node model.raqib_sf.fact_patient_services
[0m08:19:15.024447 [debug] [Thread-4 (]: SQL status: SUCCESS 2093218 in 6.154 seconds
[0m08:19:15.029446 [debug] [Thread-4 (]: Applying DROP to: prod.dbt_dev_marts.fact_lab_results__dbt_tmp
[0m08:19:15.030445 [debug] [Thread-4 (]: Using snowflake connection "model.raqib_sf.fact_lab_results"
[0m08:19:15.031447 [debug] [Thread-4 (]: On model.raqib_sf.fact_lab_results: drop view if exists prod.dbt_dev_marts.fact_lab_results__dbt_tmp cascade
/* {"app": "dbt", "dbt_version": "1.11.7", "profile_name": "raqib_sf", "target_name": "dev", "node_id": "model.raqib_sf.fact_lab_results"} */
[0m08:19:15.124992 [debug] [Thread-4 (]: SQL status: SUCCESS 1 in 0.094 seconds
[0m08:19:15.128986 [debug] [Thread-4 (]: Sending event: {'category': 'dbt', 'action': 'run_model', 'label': '19e3aa29-3277-463d-8ccf-65254f82b96b', 'context': [<snowplow_tracker.self_describing_json.SelfDescribingJson object at 0x0000022B4039AAB0>]}
[0m08:19:15.129992 [info ] [Thread-4 (]: 14 of 20 OK created sql incremental model prod.dbt_dev_marts.fact_lab_results .. [[32mSUCCESS 2093218[0m in 6.29s]
[0m08:19:15.130986 [debug] [Thread-4 (]: Finished running node model.raqib_sf.fact_lab_results
[0m08:19:17.740153 [debug] [Thread-2 (]: SQL status: SUCCESS 5634706 in 8.550 seconds
[0m08:19:17.745150 [debug] [Thread-2 (]: Applying DROP to: prod.dbt_dev_marts.fact_encounters__dbt_tmp
[0m08:19:17.746152 [debug] [Thread-2 (]: Using snowflake connection "model.raqib_sf.fact_encounters"
[0m08:19:17.747151 [debug] [Thread-2 (]: On model.raqib_sf.fact_encounters: drop view if exists prod.dbt_dev_marts.fact_encounters__dbt_tmp cascade
/* {"app": "dbt", "dbt_version": "1.11.7", "profile_name": "raqib_sf", "target_name": "dev", "node_id": "model.raqib_sf.fact_encounters"} */
[0m08:19:17.856680 [debug] [Thread-2 (]: SQL status: SUCCESS 1 in 0.109 seconds
[0m08:19:17.858739 [debug] [Thread-2 (]: Sending event: {'category': 'dbt', 'action': 'run_model', 'label': '19e3aa29-3277-463d-8ccf-65254f82b96b', 'context': [<snowplow_tracker.self_describing_json.SelfDescribingJson object at 0x0000022B4039B050>]}
[0m08:19:17.859739 [info ] [Thread-2 (]: 15 of 20 OK created sql incremental model prod.dbt_dev_marts.fact_encounters ... [[32mSUCCESS 5634706[0m in 8.70s]
[0m08:19:17.860697 [debug] [Thread-2 (]: Finished running node model.raqib_sf.fact_encounters
[0m08:19:18.362263 [debug] [Thread-5 (]: SQL status: SUCCESS 3361583 in 4.199 seconds
[0m08:19:18.367255 [debug] [Thread-5 (]: Applying DROP to: prod.dbt_dev_marts.fact_clinical_events__dbt_tmp
[0m08:19:18.368265 [debug] [Thread-5 (]: Using snowflake connection "model.raqib_sf.fact_clinical_events"
[0m08:19:18.369264 [debug] [Thread-5 (]: On model.raqib_sf.fact_clinical_events: drop view if exists prod.dbt_dev_marts.fact_clinical_events__dbt_tmp cascade
/* {"app": "dbt", "dbt_version": "1.11.7", "profile_name": "raqib_sf", "target_name": "dev", "node_id": "model.raqib_sf.fact_clinical_events"} */
[0m08:19:18.465098 [debug] [Thread-5 (]: SQL status: SUCCESS 1 in 0.096 seconds
[0m08:19:18.468105 [debug] [Thread-5 (]: Sending event: {'category': 'dbt', 'action': 'run_model', 'label': '19e3aa29-3277-463d-8ccf-65254f82b96b', 'context': [<snowplow_tracker.self_describing_json.SelfDescribingJson object at 0x0000022B3E94C560>]}
[0m08:19:18.469112 [info ] [Thread-5 (]: 20 of 20 OK created sql incremental model prod.dbt_dev_marts.fact_clinical_events  [[32mSUCCESS 3361583[0m in 4.32s]
[0m08:19:18.470113 [debug] [Thread-5 (]: Finished running node model.raqib_sf.fact_clinical_events
[0m08:19:18.472106 [debug] [MainThread]: Connection 'master' was properly closed.
[0m08:19:18.472106 [debug] [MainThread]: Connection 'list_dev' was left open.
[0m08:19:18.473104 [debug] [MainThread]: On list_dev: Close
[0m08:19:18.637628 [debug] [MainThread]: Connection 'list_prod' was left open.
[0m08:19:18.638631 [debug] [MainThread]: On list_prod: Close
[0m08:19:18.806557 [debug] [MainThread]: Connection 'list_prod_dbt_dev_marts' was left open.
[0m08:19:18.807557 [debug] [MainThread]: On list_prod_dbt_dev_marts: Close
[0m08:19:18.982913 [debug] [MainThread]: Connection 'list_dev_dbt_dev' was left open.
[0m08:19:18.982913 [debug] [MainThread]: On list_dev_dbt_dev: Close
[0m08:19:19.173445 [debug] [MainThread]: Connection 'model.raqib_sf.fact_lab_results' was left open.
[0m08:19:19.173445 [debug] [MainThread]: On model.raqib_sf.fact_lab_results: Close
[0m08:19:19.399756 [debug] [MainThread]: Connection 'model.raqib_sf.fact_clinical_events' was left open.
[0m08:19:19.400756 [debug] [MainThread]: On model.raqib_sf.fact_clinical_events: Close
[0m08:19:19.572058 [debug] [MainThread]: Connection 'model.raqib_sf.fact_encounters' was left open.
[0m08:19:19.573188 [debug] [MainThread]: On model.raqib_sf.fact_encounters: Close
[0m08:19:19.803449 [debug] [MainThread]: Connection 'model.raqib_sf.fact_patient_services' was left open.
[0m08:19:19.803449 [debug] [MainThread]: On model.raqib_sf.fact_patient_services: Close
[0m08:19:19.980813 [info ] [MainThread]: 
[0m08:19:19.981811 [info ] [MainThread]: Finished running 15 incremental models, 2 table models, 3 view models in 0 hours 0 minutes and 16.96 seconds (16.96s).
[0m08:19:19.986332 [debug] [MainThread]: Command end result
[0m08:19:20.058741 [debug] [MainThread]: Wrote artifact WritableManifest to D:\ITI Data Engineering\ITI_GP\Raqib\Raqib\raqib_sf_dbt\target\manifest.json
[0m08:19:20.061918 [debug] [MainThread]: Wrote artifact SemanticManifest to D:\ITI Data Engineering\ITI_GP\Raqib\Raqib\raqib_sf_dbt\target\semantic_manifest.json
[0m08:19:20.069876 [debug] [MainThread]: Wrote artifact RunExecutionResult to D:\ITI Data Engineering\ITI_GP\Raqib\Raqib\raqib_sf_dbt\target\run_results.json
[0m08:19:20.069876 [info ] [MainThread]: 
[0m08:19:20.069876 [info ] [MainThread]: [32mCompleted successfully[0m
[0m08:19:20.070969 [info ] [MainThread]: 
[0m08:19:20.070969 [info ] [MainThread]: Done. PASS=20 WARN=0 ERROR=0 SKIP=0 NO-OP=0 TOTAL=20
[0m08:19:20.072209 [warn ] [MainThread]: [[33mWARNING[0m][DeprecationsSummary]: Deprecated functionality
Summary of encountered deprecations:
- MissingArgumentsPropertyInGenericTestDeprecation: 9 occurrences
To see all deprecation instances instead of just the first occurrence of each,
run command again with the `--show-all-deprecations` flag. You may also need to
run with `--no-partial-parse` as some deprecations are only encountered during
parsing.
[0m08:19:20.073359 [debug] [MainThread]: Command `dbt run` succeeded at 08:19:20.073359 after 21.03 seconds
[0m08:19:20.073359 [debug] [MainThread]: Sending event: {'category': 'dbt', 'action': 'invocation', 'label': 'end', 'context': [<snowplow_tracker.self_describing_json.SelfDescribingJson object at 0x0000022B2AD3DF70>, <snowplow_tracker.self_describing_json.SelfDescribingJson object at 0x0000022B2AD3EC00>, <snowplow_tracker.self_describing_json.SelfDescribingJson object at 0x0000022B2AD3D430>]}
[0m08:19:20.074476 [debug] [MainThread]: Flushing usage events
[0m08:19:21.320703 [debug] [MainThread]: An error was encountered while trying to flush usage events
