==================== 2026-05-29T16:13:01.712374Z | 8ca3d2bd-e019-450f-9d7c-b8396e46ee77 ====================
16:13:01.712739 [info ]: Starting dbt LSP server
16:13:01.712988 [info ]: Connecting to LSP client on port 8000
16:13:01.713359 [info ]: Successfully connected to LSP client
16:13:01.713395 [info ]: Creating LSP service...
16:13:01.992626 [info ]: Creating LSP server...
16:13:01.992673 [info ]: Starting LSP server...
16:13:02.026394 [info ]: Loading profiles.yml
16:13:02.064748 [info ]: Waiting for lease on 'target' directory
16:13:02.581694 [info ]: Started loading project
16:13:02.582893 [info ]: Loading profiles.yml
16:13:03.204878 [debug]:    Started loading packages
16:13:03.207388 [debug]:     Loaded [  0.00s] packages
16:13:03.211187 [info ]: Started parsing
16:13:03.275612 [info ]: Finished loading project [  0.69s]
16:13:03.288474 [debug]: Finished parsing models/example/schema.yml [  0.01s]
16:13:03.312464 [debug]: Finished parsing models/example/my_first_dbt_model.sql [  0.02s]
16:13:03.327621 [debug]: Finished parsing models/example/my_second_dbt_model.sql [  0.02s]
16:13:03.333791 [info ]: Finished parsing [  0.12s]
16:13:03.334984 [info ]: Cached model count updated: 2 models (estimate)
16:13:03.335007 [info ]: Cached model count updated: 2 models (accurate)
16:13:03.335688 [info ]: Started scheduling
16:13:03.337328 [info ]: Finished scheduling [  0.00s]
16:13:03.337511 [debug]: Compilation - 2 nodes selected: {"model.raqib_sf.my_first_dbt_model", "model.raqib_sf.my_second_dbt_model"}
16:13:03.337784 [info ]: Started scheduling
16:13:03.337900 [info ]: Finished scheduling [  0.00s]
16:13:03.775779 [info ]: Started building task graph
16:13:03.776740 [info ]: Finished building task graph [  0.00s]
16:13:03.778955 [info ]: Started rendering (2 nodes)
16:13:03.779528 [info ]: Started model dbt_dev.my_second_dbt_model
16:13:03.779887 [debug]: Started rendering model dbt_dev.my_second_dbt_model
16:13:03.780119 [info ]: Started model dbt_dev.my_first_dbt_model
16:13:03.780148 [debug]: Started rendering model dbt_dev.my_first_dbt_model
16:13:03.784142 [debug]: Compiled SQL for node model.raqib_sf.my_second_dbt_model at target/.lsp/compiled/models/example/my_second_dbt_model.sql
16:13:03.784151 [debug]: Compiled SQL for node model.raqib_sf.my_first_dbt_model at target/.lsp/compiled/models/example/my_first_dbt_model.sql
16:13:03.784930 [debug]: Finished rendering [  0.01s] model dbt_dev.my_second_dbt_model [success]
16:13:03.785141 [info ]: Started analyzing (2 nodes)
16:13:03.785168 [debug]: Started analyzing model dbt_dev.my_second_dbt_model
16:13:03.785412 [debug]: Finished rendering [  0.01s] model dbt_dev.my_first_dbt_model [success]
16:13:03.785443 [info ]: Finished rendering [  0.01s] (2 nodes, 0 skipped, 0 errors)
16:13:03.785478 [debug]: Started analyzing model dbt_dev.my_first_dbt_model
16:13:03.804353 [info ]:  Succeeded [  0.02s] model dbt_dev.my_second_dbt_model (view)
16:13:03.804645 [debug]: Finished analyzing [  0.02s] model dbt_dev.my_second_dbt_model [success]
16:13:03.804682 [info ]:  Succeeded [  0.02s] model dbt_dev.my_first_dbt_model (table)
16:13:03.804707 [debug]: Finished analyzing [  0.02s] model dbt_dev.my_first_dbt_model [success]
16:13:03.804719 [info ]: Finished analyzing [  0.02s] (2 nodes, 0 skipped, 0 errors)
16:13:03.814327 [info ]: Started scheduling
16:13:03.814375 [info ]: Finished scheduling [  0.00s]
16:13:03.815215 [info ]: Cached model count updated: 2 models (accurate)
16:13:04.954774 [info ]: Started loading project
16:13:04.955208 [info ]: Loading profiles.yml
16:13:04.993342 [info ]: Cached model count updated: 2 models (estimate)
16:13:04.993371 [info ]: Cached model count updated: 2 models (accurate)
16:13:04.993394 [info ]: Started scheduling
16:13:04.993458 [info ]: Finished scheduling [  0.00s]
16:13:04.993477 [debug]: Compilation - 2 nodes selected: {"model.raqib_sf.my_first_dbt_model", "model.raqib_sf.my_second_dbt_model"}
16:13:05.794197 [info ]: Started building task graph
16:13:05.794321 [info ]: Finished building task graph [  0.00s]
16:13:05.794589 [info ]: Started rendering (2 nodes)
16:13:05.794632 [info ]: Started model dbt_dev.my_second_dbt_model
16:13:05.794660 [debug]: Started rendering model dbt_dev.my_second_dbt_model
16:13:05.794716 [info ]: Started model dbt_dev.my_first_dbt_model
16:13:05.794738 [debug]: Started rendering model dbt_dev.my_first_dbt_model
16:13:05.794791 [info ]: Finished loading project [  0.84s]
16:13:05.795641 [debug]: Compiled SQL for node model.raqib_sf.my_second_dbt_model at target/.lsp/compiled/models/example/my_second_dbt_model.sql
16:13:05.795626 [debug]: Compiled SQL for node model.raqib_sf.my_first_dbt_model at target/.lsp/compiled/models/example/my_first_dbt_model.sql
16:13:05.796034 [debug]: Finished rendering [  0.00s] model dbt_dev.my_second_dbt_model [success]
16:13:05.796100 [info ]: Started analyzing (2 nodes)
16:13:05.796127 [debug]: Started analyzing model dbt_dev.my_second_dbt_model
16:13:05.796176 [debug]: Finished rendering [  0.00s] model dbt_dev.my_first_dbt_model [success]
16:13:05.796196 [info ]: Finished rendering [  0.00s] (2 nodes, 0 skipped, 0 errors)
16:13:05.796220 [debug]: Started analyzing model dbt_dev.my_first_dbt_model
16:13:05.796628 [info ]:  Succeeded [  0.00s] model dbt_dev.my_first_dbt_model (table)
16:13:05.796707 [debug]: Finished analyzing [  0.00s] model dbt_dev.my_first_dbt_model [success]
16:13:05.796850 [info ]:  Succeeded [  0.00s] model dbt_dev.my_second_dbt_model (view)
16:13:05.796901 [debug]: Finished analyzing [  0.00s] model dbt_dev.my_second_dbt_model [success]
16:13:05.796918 [info ]: Finished analyzing [  0.00s] (2 nodes, 0 skipped, 0 errors)
16:13:05.810361 [info ]: Started scheduling
16:13:05.810413 [info ]: Finished scheduling [  0.00s]
16:13:05.813188 [info ]: Cached model count updated: 2 models (accurate)
13:43:09.160148 [info ]: Loading profiles.yml
13:43:09.215223 [info ]: Started loading project
13:43:09.221953 [info ]: Loading profiles.yml
13:43:09.263885 [info ]: Started loading project
13:43:09.266937 [info ]: Loading profiles.yml
13:43:09.268475 [info ]: Finished loading project [  0.05s]
13:43:09.983931 [debug]:    Started loading packages
13:43:09.985872 [debug]:     Loaded [  0.00s] packages
13:43:09.987615 [info ]: Started parsing
13:43:10.077210 [info ]: Finished loading project [  0.81s]
13:43:10.080711 [debug]: Finished parsing models/schema.yml [  0.00s]
13:43:10.082660 [debug]: Finished parsing models/sources.yml [  0.00s]
13:43:10.094975 [info ]: Finished parsing [  0.11s]
13:43:57.779506 [info ]: Started loading project
13:43:57.780668 [info ]: Loading profiles.yml
13:43:58.395761 [debug]:    Started loading packages
13:43:58.397579 [debug]:     Loaded [  0.00s] packages
13:43:58.398707 [info ]: Started parsing
13:43:58.452913 [info ]: Finished loading project [  0.67s]
13:43:58.454996 [debug]: Finished parsing models/schema.yml [  0.00s]
13:43:58.457402 [debug]: Finished parsing models/sources.yml [  0.00s]
13:43:58.464963 [info ]: Finished parsing [  0.07s]
13:44:16.273548 [info ]: Started loading project
13:44:16.274390 [info ]: Loading profiles.yml
13:44:16.730400 [debug]:    Started loading packages
13:44:16.732021 [debug]:     Loaded [  0.00s] packages
13:44:16.733196 [info ]: Started parsing
13:44:16.794009 [info ]: Finished loading project [  0.52s]
13:44:16.796007 [debug]: Finished parsing models/schema.yml [  0.00s]
13:44:16.797551 [debug]: Finished parsing models/sources.yml [  0.00s]
13:44:16.804286 [debug]: Finished parsing models/staging/emergency_contacts.sql [  0.00s]
13:44:16.806978 [info ]: Finished parsing [  0.07s]
13:44:16.807237 [info ]: Cached model count updated: 1 models (estimate)
13:44:16.807256 [info ]: Cached model count updated: 1 models (accurate)
13:44:16.807345 [info ]: Started scheduling
13:44:16.807480 [info ]: Finished scheduling [  0.00s]
13:44:16.807512 [debug]: Compilation - 0 nodes selected: {}
13:44:16.807589 [warn ]: dbt1600: The selection criterion '' does not match any enabled nodes
13:44:16.807651 [warn ]: dbt1601: Nothing to do. Try checking your model configs and model specification args
13:44:16.807661 [info ]: Started scheduling
13:44:16.807759 [info ]: Finished scheduling [  0.00s]
13:44:16.808060 [debug]: Initializing schema store with entry: Frontier(CanonicalFqn { catalog: "RAW", schema: "PUBLIC", table: "EMERGENCY_CONTACTS" }) and interval: None
13:44:17.218070 [info ]: Started building task graph
13:44:17.218125 [info ]: Finished building task graph [  0.00s]
13:44:17.225266 [info ]: Started scheduling
13:44:17.225391 [info ]: Finished scheduling [  0.00s]
13:44:17.226420 [info ]: Cached model count updated: 1 models (accurate)
13:44:18.379205 [info ]: Started loading project
13:44:18.379952 [info ]: Loading profiles.yml
13:44:18.417772 [info ]: Cached model count updated: 1 models (estimate)
13:44:18.417800 [info ]: Cached model count updated: 1 models (accurate)
13:44:18.417847 [info ]: Started scheduling
13:44:18.417907 [info ]: Finished scheduling [  0.00s]
13:44:18.417925 [debug]: Compilation - 0 nodes selected: {}
13:44:18.417940 [warn ]: dbt1600: The selection criterion '' does not match any enabled nodes
13:44:18.417952 [warn ]: dbt1601: Nothing to do. Try checking your model configs and model specification args
13:44:18.798887 [info ]: Started building task graph
13:44:18.798924 [info ]: Finished building task graph [  0.00s]
13:44:18.806163 [info ]: Started scheduling
13:44:18.806220 [info ]: Finished scheduling [  0.00s]
13:44:18.806748 [info ]: Finished loading project [  0.43s]
13:44:18.809641 [info ]: Cached model count updated: 1 models (accurate)
13:44:19.971073 [info ]: Started loading project
13:44:19.971618 [info ]: Loading profiles.yml
13:44:20.007277 [info ]: Cached model count updated: 1 models (estimate)
13:44:20.007305 [info ]: Cached model count updated: 1 models (accurate)
13:44:20.007350 [info ]: Started scheduling
13:44:20.007438 [info ]: Finished scheduling [  0.00s]
13:44:20.007467 [debug]: Compilation - 1 nodes selected: {"model.raqib_sf.emergency_contacts"}
13:44:20.371758 [info ]: Started building task graph
13:44:20.371855 [info ]: Finished building task graph [  0.00s]
13:44:20.372044 [info ]: Started rendering (1 nodes)
13:44:20.372083 [info ]: Started model dbt_dev_staging.emergency_contacts
13:44:20.372128 [debug]: Started rendering model dbt_dev_staging.emergency_contacts
13:44:20.372185 [info ]: Finished loading project [  0.40s]
13:44:20.373907 [debug]: Compiled SQL for node model.raqib_sf.emergency_contacts at target/.lsp/compiled/models/staging/emergency_contacts.sql
13:44:20.374118 [debug]: Finished rendering [  0.00s] model dbt_dev_staging.emergency_contacts [success]
13:44:20.374144 [info ]: Finished rendering [  0.00s] (1 nodes, 0 skipped, 0 errors)
13:44:20.374179 [info ]: Started analyzing (1 nodes)
13:44:20.374193 [debug]: Started analyzing model dbt_dev_staging.emergency_contacts
13:44:20.387854 [info ]:  Succeeded [  0.01s] model dbt_dev_staging.emergency_contacts (ephemeral)
13:44:20.387904 [debug]: Finished analyzing [  0.01s] model dbt_dev_staging.emergency_contacts [success]
13:44:20.387916 [info ]: Finished analyzing [  0.01s] (1 nodes, 0 skipped, 0 errors)
13:44:20.394558 [info ]: Started scheduling
13:44:20.394613 [info ]: Finished scheduling [  0.00s]
13:44:20.397804 [info ]: Cached model count updated: 1 models (accurate)
13:48:35.563472 [info ]: Started loading project
13:48:35.564321 [info ]: Loading profiles.yml
13:48:35.574307 [info ]: Started parsing
13:48:35.619374 [info ]: Finished loading project [  0.06s]
13:48:35.620861 [debug]: Finished parsing models/schema.yml [  0.00s]
13:48:35.625560 [debug]: Finished parsing models/staging/emergency_contacts.sql [  0.00s]
13:48:35.627502 [info ]: Finished parsing [  0.05s]
13:48:35.630667 [info ]: Cached model count updated: 1 models (estimate)
13:48:35.630695 [info ]: Cached model count updated: 1 models (accurate)
13:48:35.630758 [info ]: Started scheduling
13:48:35.630822 [info ]: Finished scheduling [  0.00s]
13:48:35.630900 [debug]: Compilation - 0 nodes selected: {}
13:48:35.630989 [warn ]: dbt1600: The selection criterion '' does not match any enabled nodes
13:48:35.631028 [warn ]: dbt1601: Nothing to do. Try checking your model configs and model specification args
13:48:36.026856 [info ]: Started building task graph
13:48:36.026891 [info ]: Finished building task graph [  0.00s]
13:48:36.034379 [info ]: Started scheduling
13:48:36.034439 [info ]: Finished scheduling [  0.00s]
13:48:36.037054 [info ]: Cached model count updated: 1 models (accurate)
13:48:37.192903 [info ]: Started loading project
13:48:37.193593 [info ]: Loading profiles.yml
13:48:37.239272 [info ]: Cached model count updated: 1 models (estimate)
13:48:37.239299 [info ]: Cached model count updated: 1 models (accurate)
13:48:37.239339 [info ]: Started scheduling
13:48:37.239394 [info ]: Finished scheduling [  0.00s]
13:48:37.239413 [debug]: Compilation - 0 nodes selected: {}
13:48:37.239432 [warn ]: dbt1600: The selection criterion '' does not match any enabled nodes
13:48:37.239443 [warn ]: dbt1601: Nothing to do. Try checking your model configs and model specification args
13:48:37.649734 [info ]: Started building task graph
13:48:37.649797 [info ]: Finished building task graph [  0.00s]
13:48:37.658230 [info ]: Started scheduling
13:48:37.658295 [info ]: Finished scheduling [  0.00s]
13:48:37.658727 [info ]: Finished loading project [  0.47s]
13:48:37.661837 [info ]: Cached model count updated: 1 models (accurate)
13:48:38.944398 [info ]: Started loading project
13:48:38.944890 [info ]: Loading profiles.yml
13:48:38.983349 [info ]: Cached model count updated: 1 models (estimate)
13:48:38.983385 [info ]: Cached model count updated: 1 models (accurate)
13:48:38.983464 [info ]: Started scheduling
13:48:38.983556 [info ]: Finished scheduling [  0.00s]
13:48:38.983582 [debug]: Compilation - 1 nodes selected: {"model.raqib_sf.emergency_contacts"}
13:48:39.501013 [info ]: Started building task graph
13:48:39.501084 [info ]: Finished building task graph [  0.00s]
13:48:39.501226 [info ]: Started rendering (1 nodes)
13:48:39.501250 [info ]: Started model dbt_dev_staging.emergency_contacts
13:48:39.501267 [debug]: Started rendering model dbt_dev_staging.emergency_contacts
13:48:39.501317 [info ]: Finished loading project [  0.56s]
13:48:39.502567 [debug]: Compiled SQL for node model.raqib_sf.emergency_contacts at target/.lsp/compiled/models/staging/emergency_contacts.sql
13:48:39.502725 [debug]: Finished rendering [  0.00s] model dbt_dev_staging.emergency_contacts [success]
13:48:39.502744 [info ]: Finished rendering [  0.00s] (1 nodes, 0 skipped, 0 errors)
13:48:39.502772 [info ]: Started analyzing (1 nodes)
13:48:39.502783 [debug]: Started analyzing model dbt_dev_staging.emergency_contacts
13:48:39.503187 [info ]:  Succeeded [  0.00s] model dbt_dev_staging.emergency_contacts (ephemeral)
13:48:39.503221 [debug]: Finished analyzing [  0.00s] model dbt_dev_staging.emergency_contacts [success]
13:48:39.503230 [info ]: Finished analyzing [  0.00s] (1 nodes, 0 skipped, 0 errors)
13:48:39.510714 [info ]: Started scheduling
13:48:39.510780 [info ]: Finished scheduling [  0.00s]
13:48:39.513864 [info ]: Cached model count updated: 1 models (accurate)
14:16:49.261613 [info ]: Started loading project
14:16:49.262862 [info ]: Loading profiles.yml
14:16:49.280598 [info ]: Started parsing
14:16:49.350949 [info ]: Finished loading project [  0.09s]
14:16:49.352597 [debug]: Finished parsing models/schema.yml [  0.00s]
14:16:49.359343 [debug]: Finished parsing models/staging/emergency_contacts.sql [  0.01s]
14:16:49.361165 [info ]: Finished parsing [  0.08s]
14:16:49.363923 [info ]: Cached model count updated: 1 models (estimate)
14:16:49.363940 [info ]: Cached model count updated: 1 models (accurate)
14:16:49.364001 [info ]: Started scheduling
14:16:49.364057 [info ]: Finished scheduling [  0.00s]
14:16:49.364084 [debug]: Compilation - 0 nodes selected: {}
14:16:49.364101 [warn ]: dbt1600: The selection criterion '' does not match any enabled nodes
14:16:49.364112 [warn ]: dbt1601: Nothing to do. Try checking your model configs and model specification args
14:16:49.751293 [info ]: Started building task graph
14:16:49.751348 [info ]: Finished building task graph [  0.00s]
14:16:49.758880 [info ]: Started scheduling
14:16:49.758946 [info ]: Finished scheduling [  0.00s]
14:16:49.761046 [info ]: Cached model count updated: 1 models (accurate)
14:16:50.912528 [info ]: Started loading project
14:16:50.913169 [info ]: Loading profiles.yml
14:16:50.966796 [info ]: Cached model count updated: 1 models (estimate)
14:16:50.966827 [info ]: Cached model count updated: 1 models (accurate)
14:16:50.966865 [info ]: Started scheduling
14:16:50.966941 [info ]: Finished scheduling [  0.00s]
14:16:50.966961 [debug]: Compilation - 0 nodes selected: {}
14:16:50.966986 [warn ]: dbt1600: The selection criterion '' does not match any enabled nodes
14:16:50.967018 [warn ]: dbt1601: Nothing to do. Try checking your model configs and model specification args
14:16:51.379988 [info ]: Started building task graph
14:16:51.380026 [info ]: Finished building task graph [  0.00s]
14:16:51.386799 [info ]: Started scheduling
14:16:51.386854 [info ]: Finished scheduling [  0.00s]
14:16:51.387221 [info ]: Finished loading project [  0.47s]
14:16:51.390310 [info ]: Cached model count updated: 1 models (accurate)
14:16:52.539713 [info ]: Started loading project
14:16:52.540630 [info ]: Loading profiles.yml
14:16:52.604224 [info ]: Cached model count updated: 1 models (estimate)
14:16:52.604249 [info ]: Cached model count updated: 1 models (accurate)
14:16:52.604357 [info ]: Started scheduling
14:16:52.604459 [info ]: Finished scheduling [  0.00s]
14:16:52.604480 [debug]: Compilation - 1 nodes selected: {"model.raqib_sf.emergency_contacts"}
14:16:53.028620 [info ]: Started building task graph
14:16:53.028698 [info ]: Finished building task graph [  0.00s]
14:16:53.028971 [info ]: Started rendering (1 nodes)
14:16:53.029005 [info ]: Started model dbt_dev_staging.emergency_contacts
14:16:53.029055 [debug]: Started rendering model dbt_dev_staging.emergency_contacts
14:16:53.029117 [info ]: Finished loading project [  0.49s]
14:16:53.030725 [debug]: Compiled SQL for node model.raqib_sf.emergency_contacts at target/.lsp/compiled/models/staging/emergency_contacts.sql
14:16:53.031217 [debug]: Finished rendering [  0.00s] model dbt_dev_staging.emergency_contacts [success]
14:16:53.031241 [info ]: Finished rendering [  0.00s] (1 nodes, 0 skipped, 0 errors)
14:16:53.031277 [info ]: Started analyzing (1 nodes)
14:16:53.031304 [debug]: Started analyzing model dbt_dev_staging.emergency_contacts
14:16:53.033074 [info ]:  Succeeded [  0.00s] model dbt_dev_staging.emergency_contacts (ephemeral)
14:16:53.033121 [debug]: Finished analyzing [  0.00s] model dbt_dev_staging.emergency_contacts [success]
14:16:53.033133 [info ]: Finished analyzing [  0.00s] (1 nodes, 0 skipped, 0 errors)
14:16:53.040042 [info ]: Started scheduling
14:16:53.040098 [info ]: Finished scheduling [  0.00s]
14:16:53.043451 [info ]: Cached model count updated: 1 models (accurate)
16:18:36.260552 [info ]: Started loading project
16:18:36.263757 [info ]: Loading profiles.yml
16:18:36.291554 [info ]: Started loading project
16:18:36.291929 [info ]: Loading profiles.yml
16:18:36.291979 [info ]: Finished loading project [  0.03s]
16:18:37.001820 [debug]:    Started loading packages
16:18:37.004122 [debug]:     Loaded [  0.00s] packages
16:18:37.006836 [info ]: Started parsing
16:18:37.231001 [info ]: Finished loading project [  0.94s]
16:18:37.233605 [debug]: Finished parsing models/schema.yml [  0.00s]
16:18:37.234710 [debug]: Finished parsing models/sources.yml [  0.00s]
16:18:37.238825 [debug]: Finished parsing models/staging/emergency_contacts.sql [  0.00s]
16:18:37.242932 [debug]: Finished parsing models/staging/stg_providers.sql [  0.00s]
16:18:37.248420 [info ]: Finished parsing [  0.24s]
16:18:37.248668 [info ]: Cached model count updated: 2 models (estimate)
16:18:37.248689 [info ]: Cached model count updated: 2 models (accurate)
16:18:37.248753 [info ]: Started scheduling
16:18:37.248812 [info ]: Finished scheduling [  0.00s]
16:18:37.248842 [debug]: Compilation - 0 nodes selected: {}
16:18:37.248859 [warn ]: dbt1600: The selection criterion '' does not match any enabled nodes
16:18:37.248871 [warn ]: dbt1601: Nothing to do. Try checking your model configs and model specification args
16:18:37.248880 [info ]: Started scheduling
16:18:37.248942 [info ]: Finished scheduling [  0.00s]
16:18:37.249723 [debug]: Initializing schema store with entry: Frontier(CanonicalFqn { catalog: "RAW", schema: "PUBLIC", table: "EMERGENCY_CONTACTS" }) and interval: None
16:18:37.660413 [info ]: Started building task graph
16:18:37.660464 [info ]: Finished building task graph [  0.00s]
16:18:37.667855 [info ]: Started scheduling
16:18:37.667913 [info ]: Finished scheduling [  0.00s]
16:18:37.678313 [info ]: Cached model count updated: 2 models (accurate)
16:18:38.841404 [info ]: Started loading project
16:18:38.842262 [info ]: Loading profiles.yml
16:18:38.891323 [info ]: Cached model count updated: 2 models (estimate)
16:18:38.891348 [info ]: Cached model count updated: 2 models (accurate)
16:18:38.891385 [info ]: Started scheduling
16:18:38.891474 [info ]: Finished scheduling [  0.00s]
16:18:38.891494 [debug]: Compilation - 1 nodes selected: {"model.raqib_sf.emergency_contacts"}
16:18:39.300950 [info ]: Started building task graph
16:18:39.301027 [info ]: Finished building task graph [  0.00s]
16:18:39.301176 [info ]: Started rendering (1 nodes)
16:18:39.301203 [info ]: Started model dbt_dev_staging.emergency_contacts
16:18:39.301247 [debug]: Started rendering model dbt_dev_staging.emergency_contacts
16:18:39.301322 [info ]: Finished loading project [  0.46s]
16:18:39.304899 [debug]: Compiled SQL for node model.raqib_sf.emergency_contacts at target/.lsp/compiled/models/staging/emergency_contacts.sql
16:18:39.305102 [debug]: Finished rendering [  0.00s] model dbt_dev_staging.emergency_contacts [success]
16:18:39.305128 [info ]: Finished rendering [  0.00s] (1 nodes, 0 skipped, 0 errors)
16:18:39.305158 [info ]: Started analyzing (1 nodes)
16:18:39.305172 [debug]: Started analyzing model dbt_dev_staging.emergency_contacts
16:18:39.309126 [info ]:  Succeeded [  0.01s] model dbt_dev_staging.emergency_contacts (ephemeral)
16:18:39.309198 [debug]: Finished analyzing [  0.00s] model dbt_dev_staging.emergency_contacts [success]
16:18:39.309215 [info ]: Finished analyzing [  0.00s] (1 nodes, 0 skipped, 0 errors)
16:18:39.319952 [info ]: Started scheduling
16:18:39.320011 [info ]: Finished scheduling [  0.00s]
16:18:39.323497 [info ]: Cached model count updated: 2 models (accurate)
16:19:16.186965 [info ]: Started loading project
16:19:16.187565 [info ]: Loading profiles.yml
16:19:16.299603 [info ]: Cached model count updated: 2 models (estimate)
16:19:16.299664 [info ]: Cached model count updated: 2 models (accurate)
16:19:16.299761 [info ]: Started scheduling
16:19:16.300736 [info ]: Finished scheduling [  0.00s]
16:19:16.300767 [debug]: Compilation - 0 nodes selected: {}
16:19:16.301584 [warn ]: dbt1600: The selection criterion '+fqn:model.raqib_sf.stg_providers' does not match any enabled nodes
16:19:16.301613 [warn ]: dbt1601: Nothing to do. Try checking your model configs and model specification args
16:19:16.798666 [info ]: Started building task graph
16:19:16.798703 [info ]: Finished building task graph [  0.00s]
16:19:16.805762 [info ]: Started scheduling
16:19:16.805823 [info ]: Finished scheduling [  0.00s]
16:19:16.806218 [info ]: Finished loading project [  0.62s]
16:19:16.806731 [info ]: Cached model count updated: 2 models (accurate)
16:19:17.957306 [info ]: Started loading project
16:19:17.957768 [info ]: Loading profiles.yml
16:19:18.002400 [info ]: Cached model count updated: 2 models (estimate)
16:19:18.002439 [info ]: Cached model count updated: 2 models (accurate)
16:19:18.002480 [info ]: Started scheduling
16:19:18.002561 [info ]: Finished scheduling [  0.00s]
16:19:18.002592 [debug]: Compilation - 0 nodes selected: {}
16:19:18.002611 [warn ]: dbt1600: The selection criterion '+fqn:model.raqib_sf.stg_providers+' does not match any enabled nodes
16:19:18.002621 [warn ]: dbt1601: Nothing to do. Try checking your model configs and model specification args
16:19:18.425466 [info ]: Started building task graph
16:19:18.425505 [info ]: Finished building task graph [  0.00s]
16:19:18.436105 [info ]: Started scheduling
16:19:18.436193 [info ]: Finished scheduling [  0.00s]
16:19:18.436682 [info ]: Finished loading project [  0.48s]
16:19:18.439145 [info ]: Cached model count updated: 2 models (accurate)
16:19:19.588401 [info ]: Started loading project
16:19:19.588919 [info ]: Loading profiles.yml
16:19:19.642598 [info ]: Cached model count updated: 2 models (estimate)
16:19:19.642625 [info ]: Cached model count updated: 2 models (accurate)
16:19:19.642673 [info ]: Started scheduling
16:19:19.642770 [info ]: Finished scheduling [  0.00s]
16:19:19.642802 [debug]: Compilation - 1 nodes selected: {"model.raqib_sf.emergency_contacts"}
16:19:20.038885 [info ]: Started building task graph
16:19:20.038951 [info ]: Finished building task graph [  0.00s]
16:19:20.039105 [info ]: Started rendering (1 nodes)
16:19:20.039130 [info ]: Started model dbt_dev_staging.emergency_contacts
16:19:20.039148 [debug]: Started rendering model dbt_dev_staging.emergency_contacts
16:19:20.039207 [info ]: Finished loading project [  0.45s]
16:19:20.041541 [debug]: Compiled SQL for node model.raqib_sf.emergency_contacts at target/.lsp/compiled/models/staging/emergency_contacts.sql
16:19:20.041622 [debug]: Finished rendering [  0.00s] model dbt_dev_staging.emergency_contacts [success]
16:19:20.041645 [info ]: Finished rendering [  0.00s] (1 nodes, 0 skipped, 0 errors)
16:19:20.041687 [info ]: Started analyzing (1 nodes)
16:19:20.041704 [debug]: Started analyzing model dbt_dev_staging.emergency_contacts
16:19:20.042136 [info ]:  Succeeded [  0.00s] model dbt_dev_staging.emergency_contacts (ephemeral)
16:19:20.042173 [debug]: Finished analyzing [  0.00s] model dbt_dev_staging.emergency_contacts [success]
16:19:20.042184 [info ]: Finished analyzing [  0.00s] (1 nodes, 0 skipped, 0 errors)
16:19:20.049581 [info ]: Started scheduling
16:19:20.049641 [info ]: Finished scheduling [  0.00s]
16:19:20.052966 [info ]: Cached model count updated: 2 models (accurate)
16:19:27.030987 [info ]: Started loading project
16:19:27.031492 [info ]: Loading profiles.yml
16:19:27.077820 [info ]: Cached model count updated: 2 models (estimate)
16:19:27.077851 [info ]: Cached model count updated: 2 models (accurate)
16:19:27.077894 [info ]: Started scheduling
16:19:27.077979 [info ]: Finished scheduling [  0.00s]
16:19:27.077999 [debug]: Compilation - 0 nodes selected: {}
16:19:27.078019 [warn ]: dbt1600: The selection criterion '+fqn:model.raqib_sf.stg_providers' does not match any enabled nodes
16:19:27.078032 [warn ]: dbt1601: Nothing to do. Try checking your model configs and model specification args
16:19:27.493497 [info ]: Started building task graph
16:19:27.493532 [info ]: Finished building task graph [  0.00s]
16:19:27.501975 [info ]: Started scheduling
16:19:27.502053 [info ]: Finished scheduling [  0.00s]
16:19:27.502445 [info ]: Finished loading project [  0.47s]
16:19:27.502872 [info ]: Cached model count updated: 2 models (accurate)
16:19:27.504734 [info ]: Waiting for lease on 'target' directory
16:19:28.022648 [info ]: Started loading project
16:19:28.023245 [info ]: Loading profiles.yml
16:19:28.062027 [info ]: Cached model count updated: 2 models (estimate)
16:19:28.062054 [info ]: Cached model count updated: 2 models (accurate)
16:19:28.062098 [info ]: Started scheduling
16:19:28.062169 [info ]: Finished scheduling [  0.00s]
16:19:28.062190 [debug]: Compilation - 0 nodes selected: {}
16:19:28.062209 [warn ]: dbt1600: The selection criterion '+fqn:model.raqib_sf.stg_providers' does not match any enabled nodes
16:19:28.062221 [warn ]: dbt1601: Nothing to do. Try checking your model configs and model specification args
16:19:28.464745 [info ]: Started building task graph
16:19:28.464795 [info ]: Finished building task graph [  0.00s]
16:19:28.474266 [info ]: Started scheduling
16:19:28.474357 [info ]: Finished scheduling [  0.00s]
16:19:28.475339 [info ]: Cached model count updated: 2 models (accurate)
16:19:28.475407 [info ]: Finished loading project [  0.45s]
16:19:29.641029 [info ]: Started loading project
16:19:29.641529 [info ]: Loading profiles.yml
16:19:29.679587 [info ]: Cached model count updated: 2 models (estimate)
16:19:29.679619 [info ]: Cached model count updated: 2 models (accurate)
16:19:29.679660 [info ]: Started scheduling
16:19:29.679729 [info ]: Finished scheduling [  0.00s]
16:19:29.679765 [debug]: Compilation - 0 nodes selected: {}
16:19:29.679792 [warn ]: dbt1600: The selection criterion '+fqn:model.raqib_sf.stg_providers+' does not match any enabled nodes
16:19:29.679803 [warn ]: dbt1601: Nothing to do. Try checking your model configs and model specification args
16:19:30.125633 [info ]: Started building task graph
16:19:30.125670 [info ]: Finished building task graph [  0.00s]
16:19:30.133117 [info ]: Started scheduling
16:19:30.133176 [info ]: Finished scheduling [  0.00s]
16:19:30.133629 [info ]: Finished loading project [  0.49s]
16:19:30.136766 [info ]: Cached model count updated: 2 models (accurate)
16:19:31.286978 [info ]: Started loading project
16:19:31.287767 [info ]: Loading profiles.yml
16:19:31.343528 [info ]: Cached model count updated: 2 models (estimate)
16:19:31.343554 [info ]: Cached model count updated: 2 models (accurate)
16:19:31.343590 [info ]: Started scheduling
16:19:31.343675 [info ]: Finished scheduling [  0.00s]
16:19:31.343696 [debug]: Compilation - 1 nodes selected: {"model.raqib_sf.emergency_contacts"}
16:19:31.868248 [info ]: Started building task graph
16:19:31.868312 [info ]: Finished building task graph [  0.00s]
16:19:31.868463 [info ]: Started rendering (1 nodes)
16:19:31.868486 [info ]: Started model dbt_dev_staging.emergency_contacts
16:19:31.868503 [debug]: Started rendering model dbt_dev_staging.emergency_contacts
16:19:31.868563 [info ]: Finished loading project [  0.58s]
16:19:31.870811 [debug]: Compiled SQL for node model.raqib_sf.emergency_contacts at target/.lsp/compiled/models/staging/emergency_contacts.sql
16:19:31.870890 [debug]: Finished rendering [  0.00s] model dbt_dev_staging.emergency_contacts [success]
16:19:31.870911 [info ]: Finished rendering [  0.00s] (1 nodes, 0 skipped, 0 errors)
16:19:31.870934 [info ]: Started analyzing (1 nodes)
16:19:31.870944 [debug]: Started analyzing model dbt_dev_staging.emergency_contacts
16:19:31.871298 [info ]:  Succeeded [  0.00s] model dbt_dev_staging.emergency_contacts (ephemeral)
16:19:31.871332 [debug]: Finished analyzing [  0.00s] model dbt_dev_staging.emergency_contacts [success]
16:19:31.871342 [info ]: Finished analyzing [  0.00s] (1 nodes, 0 skipped, 0 errors)
16:19:31.879022 [info ]: Started scheduling
16:19:31.879113 [info ]: Finished scheduling [  0.00s]
16:19:31.882950 [info ]: Cached model count updated: 2 models (accurate)
16:20:16.329279 [info ]: Started loading project
16:20:16.329912 [info ]: Loading profiles.yml
16:20:16.375609 [info ]: Cached model count updated: 2 models (estimate)
16:20:16.375635 [info ]: Cached model count updated: 2 models (accurate)
16:20:16.375678 [info ]: Started scheduling
16:20:16.375818 [info ]: Finished scheduling [  0.00s]
16:20:16.375860 [debug]: Compilation - 0 nodes selected: {}
16:20:16.375925 [warn ]: dbt1600: The selection criterion '+fqn:model.raqib_sf.stg_providers' does not match any enabled nodes
16:20:16.375981 [warn ]: dbt1601: Nothing to do. Try checking your model configs and model specification args
16:20:16.778707 [info ]: Started building task graph
16:20:16.778742 [info ]: Finished building task graph [  0.00s]
16:20:16.785571 [info ]: Started scheduling
16:20:16.785632 [info ]: Finished scheduling [  0.00s]
16:20:16.786035 [info ]: Finished loading project [  0.46s]
16:20:16.786480 [info ]: Cached model count updated: 2 models (accurate)
16:20:17.930367 [info ]: Started loading project
16:20:17.930900 [info ]: Loading profiles.yml
16:20:17.968058 [info ]: Cached model count updated: 2 models (estimate)
16:20:17.968085 [info ]: Cached model count updated: 2 models (accurate)
16:20:17.968129 [info ]: Started scheduling
16:20:17.968207 [info ]: Finished scheduling [  0.00s]
16:20:17.968228 [debug]: Compilation - 0 nodes selected: {}
16:20:17.968249 [warn ]: dbt1600: The selection criterion '+fqn:model.raqib_sf.stg_providers+' does not match any enabled nodes
16:20:17.968261 [warn ]: dbt1601: Nothing to do. Try checking your model configs and model specification args
16:20:18.389549 [info ]: Started building task graph
16:20:18.389585 [info ]: Finished building task graph [  0.00s]
16:20:18.397243 [info ]: Started scheduling
16:20:18.397302 [info ]: Finished scheduling [  0.00s]
16:20:18.397692 [info ]: Finished loading project [  0.47s]
16:20:18.401522 [info ]: Cached model count updated: 2 models (accurate)
16:20:19.583848 [info ]: Started loading project
16:20:19.584320 [info ]: Loading profiles.yml
16:20:19.621243 [info ]: Cached model count updated: 2 models (estimate)
16:20:19.621300 [info ]: Cached model count updated: 2 models (accurate)
16:20:19.621376 [info ]: Started scheduling
16:20:19.621471 [info ]: Finished scheduling [  0.00s]
16:20:19.621499 [debug]: Compilation - 1 nodes selected: {"model.raqib_sf.emergency_contacts"}
16:20:20.016407 [info ]: Started building task graph
16:20:20.016469 [info ]: Finished building task graph [  0.00s]
16:20:20.016610 [info ]: Started rendering (1 nodes)
16:20:20.016654 [info ]: Started model dbt_dev_staging.emergency_contacts
16:20:20.016673 [debug]: Started rendering model dbt_dev_staging.emergency_contacts
16:20:20.016744 [info ]: Finished loading project [  0.43s]
16:20:20.019256 [debug]: Compiled SQL for node model.raqib_sf.emergency_contacts at target/.lsp/compiled/models/staging/emergency_contacts.sql
16:20:20.019342 [debug]: Finished rendering [  0.00s] model dbt_dev_staging.emergency_contacts [success]
16:20:20.019363 [info ]: Finished rendering [  0.00s] (1 nodes, 0 skipped, 0 errors)
16:20:20.019390 [info ]: Started analyzing (1 nodes)
16:20:20.019403 [debug]: Started analyzing model dbt_dev_staging.emergency_contacts
16:20:20.019868 [info ]:  Succeeded [  0.00s] model dbt_dev_staging.emergency_contacts (ephemeral)
16:20:20.019904 [debug]: Finished analyzing [  0.00s] model dbt_dev_staging.emergency_contacts [success]
16:20:20.019915 [info ]: Finished analyzing [  0.00s] (1 nodes, 0 skipped, 0 errors)
16:20:20.027848 [info ]: Started scheduling
16:20:20.027904 [info ]: Finished scheduling [  0.00s]
16:20:20.031260 [info ]: Cached model count updated: 2 models (accurate)
16:21:06.918150 [info ]: Started loading project
16:21:06.918767 [info ]: Loading profiles.yml
16:21:06.926887 [info ]: Started parsing
16:21:06.962479 [info ]: Finished loading project [  0.04s]
16:21:06.969206 [debug]: Finished parsing models/staging/stg_providers.sql [  0.00s]
16:21:06.971898 [info ]: Finished parsing [  0.05s]
16:21:06.974222 [info ]: Cached model count updated: 2 models (estimate)
16:21:06.974241 [info ]: Cached model count updated: 2 models (accurate)
16:21:06.974277 [info ]: Started scheduling
16:21:06.974369 [info ]: Finished scheduling [  0.00s]
16:21:06.974387 [debug]: Compilation - 1 nodes selected: {"model.raqib_sf.stg_providers"}
16:21:07.378744 [info ]: Started building task graph
16:21:07.378823 [info ]: Finished building task graph [  0.00s]
16:21:07.379028 [info ]: Started rendering (1 nodes)
16:21:07.379062 [info ]: Started model dbt_dev_staging.stg_providers
16:21:07.379087 [debug]: Started rendering model dbt_dev_staging.stg_providers
16:21:07.383107 [debug]: Compiled SQL for node model.raqib_sf.stg_providers at target/.lsp/compiled/models/staging/stg_providers.sql
16:21:07.383330 [debug]: Finished rendering [  0.00s] model dbt_dev_staging.stg_providers [success]
16:21:07.383354 [info ]: Finished rendering [  0.00s] (1 nodes, 0 skipped, 0 errors)
16:21:07.383379 [info ]: Started analyzing (1 nodes)
16:21:07.383391 [debug]: Started analyzing model dbt_dev_staging.stg_providers
16:21:07.443790 [info ]:  Succeeded [  0.06s] model dbt_dev_staging.stg_providers (ephemeral)
16:21:07.443840 [debug]: Finished analyzing [  0.06s] model dbt_dev_staging.stg_providers [success]
16:21:07.443853 [info ]: Finished analyzing [  0.06s] (1 nodes, 0 skipped, 0 errors)
16:21:07.450932 [info ]: Started scheduling
16:21:07.451032 [info ]: Finished scheduling [  0.00s]
16:21:07.452832 [info ]: Cached model count updated: 2 models (accurate)
16:21:08.838982 [info ]: Started loading project
16:21:08.839523 [info ]: Loading profiles.yml
16:21:08.875709 [info ]: Cached model count updated: 2 models (estimate)
16:21:08.875734 [info ]: Cached model count updated: 2 models (accurate)
16:21:08.875773 [info ]: Started scheduling
16:21:08.875864 [info ]: Finished scheduling [  0.00s]
16:21:08.875884 [debug]: Compilation - 1 nodes selected: {"model.raqib_sf.stg_providers"}
16:21:09.297411 [info ]: Started building task graph
16:21:09.297482 [info ]: Finished building task graph [  0.00s]
16:21:09.297619 [info ]: Started rendering (1 nodes)
16:21:09.297652 [info ]: Started model dbt_dev_staging.stg_providers
16:21:09.297669 [debug]: Started rendering model dbt_dev_staging.stg_providers
16:21:09.297732 [info ]: Finished loading project [  0.46s]
16:21:09.298030 [debug]: Compiled SQL for node model.raqib_sf.stg_providers at target/.lsp/compiled/models/staging/stg_providers.sql
16:21:09.298117 [debug]: Finished rendering [  0.00s] model dbt_dev_staging.stg_providers [success]
16:21:09.298133 [info ]: Finished rendering [  0.00s] (1 nodes, 0 skipped, 0 errors)
16:21:09.298151 [info ]: Started analyzing (1 nodes)
16:21:09.298159 [debug]: Started analyzing model dbt_dev_staging.stg_providers
16:21:09.301173 [info ]:  Succeeded [  0.00s] model dbt_dev_staging.stg_providers (ephemeral)
16:21:09.301229 [debug]: Finished analyzing [  0.00s] model dbt_dev_staging.stg_providers [success]
16:21:09.301240 [info ]: Finished analyzing [  0.00s] (1 nodes, 0 skipped, 0 errors)
16:21:09.309503 [info ]: Started scheduling
16:21:09.309573 [info ]: Finished scheduling [  0.00s]
16:21:09.314979 [info ]: Cached model count updated: 2 models (accurate)
16:21:10.459478 [info ]: Started loading project
16:21:10.460004 [info ]: Loading profiles.yml
16:21:10.505015 [info ]: Cached model count updated: 2 models (estimate)
16:21:10.505041 [info ]: Cached model count updated: 2 models (accurate)
16:21:10.505087 [info ]: Started scheduling
16:21:10.505187 [info ]: Finished scheduling [  0.00s]
16:21:10.505218 [debug]: Compilation - 2 nodes selected: {"model.raqib_sf.emergency_contacts", "model.raqib_sf.stg_providers"}
16:21:10.919161 [info ]: Started building task graph
16:21:10.919243 [info ]: Finished building task graph [  0.00s]
16:21:10.919457 [info ]: Started rendering (2 nodes)
16:21:10.919482 [info ]: Started model dbt_dev_staging.stg_providers
16:21:10.919502 [debug]: Started rendering model dbt_dev_staging.stg_providers
16:21:10.919539 [info ]: Started model dbt_dev_staging.emergency_contacts
16:21:10.919554 [debug]: Started rendering model dbt_dev_staging.emergency_contacts
16:21:10.919572 [info ]: Finished loading project [  0.46s]
16:21:10.919874 [debug]: Compiled SQL for node model.raqib_sf.stg_providers at target/.lsp/compiled/models/staging/stg_providers.sql
16:21:10.919940 [debug]: Finished rendering [  0.00s] model dbt_dev_staging.stg_providers [success]
16:21:10.919974 [info ]: Started analyzing (2 nodes)
16:21:10.919985 [debug]: Started analyzing model dbt_dev_staging.stg_providers
16:21:10.922216 [debug]: Compiled SQL for node model.raqib_sf.emergency_contacts at target/.lsp/compiled/models/staging/emergency_contacts.sql
16:21:10.922288 [debug]: Finished rendering [  0.00s] model dbt_dev_staging.emergency_contacts [success]
16:21:10.922307 [info ]: Finished rendering [  0.00s] (2 nodes, 0 skipped, 0 errors)
16:21:10.922328 [debug]: Started analyzing model dbt_dev_staging.emergency_contacts
16:21:10.922728 [info ]:  Succeeded [  0.00s] model dbt_dev_staging.emergency_contacts (ephemeral)
16:21:10.922764 [debug]: Finished analyzing [  0.00s] model dbt_dev_staging.emergency_contacts [success]
16:21:10.925337 [info ]:  Succeeded [  0.01s] model dbt_dev_staging.stg_providers (ephemeral)
16:21:10.925373 [debug]: Finished analyzing [  0.01s] model dbt_dev_staging.stg_providers [success]
16:21:10.925385 [info ]: Finished analyzing [  0.01s] (2 nodes, 0 skipped, 0 errors)
16:21:10.934651 [info ]: Started scheduling
16:21:10.934724 [info ]: Finished scheduling [  0.00s]
16:21:10.938657 [info ]: Cached model count updated: 2 models (accurate)
16:26:49.992948 [info ]: Started loading project
16:26:49.993916 [info ]: Loading profiles.yml
16:26:50.000558 [info ]: Started parsing
16:26:50.051227 [info ]: Finished loading project [  0.06s]
16:26:50.058024 [debug]: Finished parsing models/staging/stg_providers.sql [  0.00s]
16:26:50.059851 [info ]: Finished parsing [  0.06s]
16:26:50.062201 [info ]: Cached model count updated: 2 models (estimate)
16:26:50.062222 [info ]: Cached model count updated: 2 models (accurate)
16:26:50.062259 [info ]: Started scheduling
16:26:50.062360 [info ]: Finished scheduling [  0.00s]
16:26:50.062380 [debug]: Compilation - 1 nodes selected: {"model.raqib_sf.stg_providers"}
16:26:50.633041 [info ]: Started building task graph
16:26:50.633109 [info ]: Finished building task graph [  0.00s]
16:26:50.633318 [info ]: Started rendering (1 nodes)
16:26:50.633351 [info ]: Started model dbt_dev_staging.stg_providers
16:26:50.633381 [debug]: Started rendering model dbt_dev_staging.stg_providers
16:26:50.635816 [debug]: Compiled SQL for node model.raqib_sf.stg_providers at target/.lsp/compiled/models/staging/stg_providers.sql
16:26:50.636000 [debug]: Finished rendering [  0.00s] model dbt_dev_staging.stg_providers [success]
16:26:50.636026 [info ]: Finished rendering [  0.00s] (1 nodes, 0 skipped, 0 errors)
16:26:50.636104 [info ]: Started analyzing (1 nodes)
16:26:50.636121 [debug]: Started analyzing model dbt_dev_staging.stg_providers
16:26:50.648078 [info ]:  Succeeded [  0.01s] model dbt_dev_staging.stg_providers (ephemeral)
16:26:50.648130 [debug]: Finished analyzing [  0.01s] model dbt_dev_staging.stg_providers [success]
16:26:50.648148 [info ]: Finished analyzing [  0.01s] (1 nodes, 0 skipped, 0 errors)
16:26:50.658789 [info ]: Started scheduling
16:26:50.658890 [info ]: Finished scheduling [  0.00s]
16:26:50.660741 [info ]: Cached model count updated: 2 models (accurate)
16:26:51.834448 [info ]: Started loading project
16:26:51.835118 [info ]: Loading profiles.yml
16:26:51.902885 [info ]: Cached model count updated: 2 models (estimate)
16:26:51.902959 [info ]: Cached model count updated: 2 models (accurate)
16:26:51.903069 [info ]: Started scheduling
16:26:51.903334 [info ]: Finished scheduling [  0.00s]
16:26:51.903380 [debug]: Compilation - 1 nodes selected: {"model.raqib_sf.stg_providers"}
16:26:52.308302 [info ]: Started building task graph
16:26:52.308366 [info ]: Finished building task graph [  0.00s]
16:26:52.311080 [info ]: Started rendering (1 nodes)
16:26:52.311114 [info ]: Started model dbt_dev_staging.stg_providers
16:26:52.311132 [debug]: Started rendering model dbt_dev_staging.stg_providers
16:26:52.311198 [info ]: Finished loading project [  0.48s]
16:26:52.311720 [debug]: Compiled SQL for node model.raqib_sf.stg_providers at target/.lsp/compiled/models/staging/stg_providers.sql
16:26:52.311869 [debug]: Finished rendering [  0.00s] model dbt_dev_staging.stg_providers [success]
16:26:52.311922 [info ]: Finished rendering [  0.00s] (1 nodes, 0 skipped, 0 errors)
16:26:52.311968 [info ]: Started analyzing (1 nodes)
16:26:52.311981 [debug]: Started analyzing model dbt_dev_staging.stg_providers
16:26:52.316229 [info ]:  Succeeded [  0.00s] model dbt_dev_staging.stg_providers (ephemeral)
16:26:52.316270 [debug]: Finished analyzing [  0.00s] model dbt_dev_staging.stg_providers [success]
16:26:52.316282 [info ]: Finished analyzing [  0.00s] (1 nodes, 0 skipped, 0 errors)
16:26:52.323647 [info ]: Started scheduling
16:26:52.323708 [info ]: Finished scheduling [  0.00s]
16:26:52.328193 [info ]: Cached model count updated: 2 models (accurate)
16:26:53.641901 [info ]: Started loading project
16:26:53.643337 [info ]: Loading profiles.yml
16:26:53.695383 [info ]: Cached model count updated: 2 models (estimate)
16:26:53.695420 [info ]: Cached model count updated: 2 models (accurate)
16:26:53.695467 [info ]: Started scheduling
16:26:53.695619 [info ]: Finished scheduling [  0.00s]
16:26:53.695645 [debug]: Compilation - 2 nodes selected: {"model.raqib_sf.emergency_contacts", "model.raqib_sf.stg_providers"}
16:26:54.093311 [info ]: Started building task graph
16:26:54.093389 [info ]: Finished building task graph [  0.00s]
16:26:54.093546 [info ]: Started rendering (2 nodes)
16:26:54.093572 [info ]: Started model dbt_dev_staging.stg_providers
16:26:54.093589 [debug]: Started rendering model dbt_dev_staging.stg_providers
16:26:54.093627 [info ]: Started model dbt_dev_staging.emergency_contacts
16:26:54.093648 [debug]: Started rendering model dbt_dev_staging.emergency_contacts
16:26:54.093670 [info ]: Finished loading project [  0.45s]
16:26:54.094247 [debug]: Compiled SQL for node model.raqib_sf.stg_providers at target/.lsp/compiled/models/staging/stg_providers.sql
16:26:54.095889 [debug]: Compiled SQL for node model.raqib_sf.emergency_contacts at target/.lsp/compiled/models/staging/emergency_contacts.sql
16:26:54.097040 [debug]: Finished rendering [  0.00s] model dbt_dev_staging.stg_providers [success]
16:26:54.097756 [info ]: Started analyzing (2 nodes)
16:26:54.097786 [debug]: Started analyzing model dbt_dev_staging.stg_providers
16:26:54.097851 [debug]: Finished rendering [  0.00s] model dbt_dev_staging.emergency_contacts [success]
16:26:54.097876 [info ]: Finished rendering [  0.00s] (2 nodes, 0 skipped, 0 errors)
16:26:54.097901 [debug]: Started analyzing model dbt_dev_staging.emergency_contacts
16:26:54.098371 [info ]:  Succeeded [  0.00s] model dbt_dev_staging.emergency_contacts (ephemeral)
16:26:54.098407 [debug]: Finished analyzing [  0.00s] model dbt_dev_staging.emergency_contacts [success]
16:26:54.102470 [info ]:  Succeeded [  0.01s] model dbt_dev_staging.stg_providers (ephemeral)
16:26:54.102529 [debug]: Finished analyzing [  0.00s] model dbt_dev_staging.stg_providers [success]
16:26:54.102553 [info ]: Finished analyzing [  0.00s] (2 nodes, 0 skipped, 0 errors)
16:26:54.111177 [info ]: Started scheduling
16:26:54.111242 [info ]: Finished scheduling [  0.00s]
16:26:54.114713 [info ]: Cached model count updated: 2 models (accurate)
16:29:19.429264 [info ]: Started loading project
16:29:19.430487 [info ]: Loading profiles.yml
16:29:19.450829 [info ]: Started parsing
16:29:19.531335 [info ]: Finished loading project [  0.10s]
16:29:19.533380 [debug]: Finished parsing models/schema.yml [  0.00s]
16:29:19.539293 [warn ]: dbt1005: Unused schema.yml entry for model 'providers'
  --> models/schema.yml
16:29:19.539343 [debug]: Finished parsing models/staging/emergency_contacts.sql [  0.00s]
16:29:19.543535 [info ]: Finished parsing [  0.09s]
16:29:19.546449 [info ]: Cached model count updated: 2 models (estimate)
16:29:19.546468 [info ]: Cached model count updated: 2 models (accurate)
16:29:19.546548 [info ]: Started scheduling
16:29:19.546615 [info ]: Finished scheduling [  0.00s]
16:29:19.546647 [debug]: Compilation - 0 nodes selected: {}
16:29:19.546664 [warn ]: dbt1600: The selection criterion '' does not match any enabled nodes
16:29:19.546676 [warn ]: dbt1601: Nothing to do. Try checking your model configs and model specification args
16:29:20.014063 [info ]: Started building task graph
16:29:20.014116 [info ]: Finished building task graph [  0.00s]
16:29:20.023573 [info ]: Started scheduling
16:29:20.023716 [info ]: Finished scheduling [  0.00s]
16:29:20.026438 [info ]: Cached model count updated: 2 models (accurate)
16:29:21.254275 [info ]: Started loading project
16:29:21.255078 [info ]: Loading profiles.yml
16:29:21.305548 [info ]: Cached model count updated: 2 models (estimate)
16:29:21.305573 [info ]: Cached model count updated: 2 models (accurate)
16:29:21.305613 [info ]: Started scheduling
16:29:21.305672 [info ]: Finished scheduling [  0.00s]
16:29:21.305692 [debug]: Compilation - 0 nodes selected: {}
16:29:21.305708 [warn ]: dbt1600: The selection criterion '' does not match any enabled nodes
16:29:21.305729 [warn ]: dbt1601: Nothing to do. Try checking your model configs and model specification args
16:29:21.712970 [info ]: Started building task graph
16:29:21.713006 [info ]: Finished building task graph [  0.00s]
16:29:21.722294 [info ]: Started scheduling
16:29:21.722360 [info ]: Finished scheduling [  0.00s]
16:29:21.722897 [info ]: Finished loading project [  0.47s]
16:29:21.726254 [info ]: Cached model count updated: 2 models (accurate)
16:29:22.873309 [info ]: Started loading project
16:29:22.873998 [info ]: Loading profiles.yml
16:29:22.914698 [info ]: Cached model count updated: 2 models (estimate)
16:29:22.914730 [info ]: Cached model count updated: 2 models (accurate)
16:29:22.914765 [info ]: Started scheduling
16:29:22.914889 [info ]: Finished scheduling [  0.00s]
16:29:22.914921 [debug]: Compilation - 2 nodes selected: {"model.raqib_sf.emergency_contacts", "model.raqib_sf.stg_providers"}
16:29:23.307015 [info ]: Started building task graph
16:29:23.307185 [info ]: Finished building task graph [  0.00s]
16:29:23.307439 [info ]: Started rendering (2 nodes)
16:29:23.307475 [info ]: Started model dbt_dev_staging.stg_providers
16:29:23.307526 [debug]: Started rendering model dbt_dev_staging.stg_providers
16:29:23.307576 [info ]: Started model dbt_dev_staging.emergency_contacts
16:29:23.307594 [debug]: Started rendering model dbt_dev_staging.emergency_contacts
16:29:23.307629 [info ]: Finished loading project [  0.43s]
16:29:23.309817 [debug]: Compiled SQL for node model.raqib_sf.stg_providers at target/.lsp/compiled/models/staging/stg_providers.sql
16:29:23.309951 [debug]: Finished rendering [  0.00s] model dbt_dev_staging.stg_providers [success]
16:29:23.309988 [info ]: Started analyzing (2 nodes)
16:29:23.310002 [debug]: Started analyzing model dbt_dev_staging.stg_providers
16:29:23.310494 [debug]: Compiled SQL for node model.raqib_sf.emergency_contacts at target/.lsp/compiled/models/staging/emergency_contacts.sql
16:29:23.310664 [debug]: Finished rendering [  0.00s] model dbt_dev_staging.emergency_contacts [success]
16:29:23.310687 [info ]: Finished rendering [  0.00s] (2 nodes, 0 skipped, 0 errors)
16:29:23.310709 [debug]: Started analyzing model dbt_dev_staging.emergency_contacts
16:29:23.311956 [info ]:  Succeeded [  0.00s] model dbt_dev_staging.emergency_contacts (ephemeral)
16:29:23.311992 [debug]: Finished analyzing [  0.00s] model dbt_dev_staging.emergency_contacts [success]
16:29:23.314797 [info ]:  Succeeded [  0.01s] model dbt_dev_staging.stg_providers (ephemeral)
16:29:23.314836 [debug]: Finished analyzing [  0.00s] model dbt_dev_staging.stg_providers [success]
16:29:23.314849 [info ]: Finished analyzing [  0.00s] (2 nodes, 0 skipped, 0 errors)
16:29:23.324363 [info ]: Started scheduling
16:29:23.324420 [info ]: Finished scheduling [  0.00s]
16:29:23.328211 [info ]: Cached model count updated: 2 models (accurate)
16:29:56.079358 [info ]: Started loading project
16:29:56.079987 [info ]: Loading profiles.yml
16:29:56.086008 [info ]: Started parsing
16:29:56.127973 [info ]: Finished loading project [  0.05s]
16:29:56.133158 [debug]: Finished parsing models/staging/stg_providers.sql [  0.00s]
16:29:56.134809 [info ]: Finished parsing [  0.05s]
16:29:56.136845 [info ]: Cached model count updated: 2 models (estimate)
16:29:56.136865 [info ]: Cached model count updated: 2 models (accurate)
16:29:56.136898 [info ]: Started scheduling
16:29:56.136996 [info ]: Finished scheduling [  0.00s]
16:29:56.137013 [debug]: Compilation - 1 nodes selected: {"model.raqib_sf.stg_providers"}
16:29:56.544010 [info ]: Started building task graph
16:29:56.544076 [info ]: Finished building task graph [  0.00s]
16:29:56.544406 [info ]: Started rendering (1 nodes)
16:29:56.544464 [info ]: Started model dbt_dev_staging.stg_providers
16:29:56.544507 [debug]: Started rendering model dbt_dev_staging.stg_providers
16:29:56.547260 [debug]: Compiled SQL for node model.raqib_sf.stg_providers at target/.lsp/compiled/models/staging/stg_providers.sql
16:29:56.547529 [debug]: Finished rendering [  0.00s] model dbt_dev_staging.stg_providers [success]
16:29:56.547600 [info ]: Finished rendering [  0.00s] (1 nodes, 0 skipped, 0 errors)
16:29:56.547641 [info ]: Started analyzing (1 nodes)
16:29:56.549401 [debug]: Started analyzing model dbt_dev_staging.stg_providers
16:29:56.556874 [info ]:  Succeeded [  0.01s] model dbt_dev_staging.stg_providers (ephemeral)
16:29:56.556917 [debug]: Finished analyzing [  0.01s] model dbt_dev_staging.stg_providers [success]
16:29:56.556928 [info ]: Finished analyzing [  0.01s] (1 nodes, 0 skipped, 0 errors)
16:29:56.566286 [info ]: Started scheduling
16:29:56.566389 [info ]: Finished scheduling [  0.00s]
16:29:56.568902 [info ]: Cached model count updated: 2 models (accurate)
16:29:57.754718 [info ]: Started loading project
16:29:57.755513 [info ]: Loading profiles.yml
16:29:57.799335 [info ]: Cached model count updated: 2 models (estimate)
16:29:57.799361 [info ]: Cached model count updated: 2 models (accurate)
16:29:57.799405 [info ]: Started scheduling
16:29:57.799511 [info ]: Finished scheduling [  0.00s]
16:29:57.799532 [debug]: Compilation - 1 nodes selected: {"model.raqib_sf.stg_providers"}
16:29:58.287029 [info ]: Started building task graph
16:29:58.287093 [info ]: Finished building task graph [  0.00s]
16:29:58.287237 [info ]: Started rendering (1 nodes)
16:29:58.287282 [info ]: Started model dbt_dev_staging.stg_providers
16:29:58.287299 [debug]: Started rendering model dbt_dev_staging.stg_providers
16:29:58.287352 [info ]: Finished loading project [  0.53s]
16:29:58.287674 [debug]: Compiled SQL for node model.raqib_sf.stg_providers at target/.lsp/compiled/models/staging/stg_providers.sql
16:29:58.287804 [debug]: Finished rendering [  0.00s] model dbt_dev_staging.stg_providers [success]
16:29:58.287866 [info ]: Finished rendering [  0.00s] (1 nodes, 0 skipped, 0 errors)
16:29:58.287900 [info ]: Started analyzing (1 nodes)
16:29:58.287915 [debug]: Started analyzing model dbt_dev_staging.stg_providers
16:29:58.291804 [info ]:  Succeeded [  0.00s] model dbt_dev_staging.stg_providers (ephemeral)
16:29:58.291848 [debug]: Finished analyzing [  0.00s] model dbt_dev_staging.stg_providers [success]
16:29:58.291859 [info ]: Finished analyzing [  0.00s] (1 nodes, 0 skipped, 0 errors)
16:29:58.299182 [info ]: Started scheduling
16:29:58.299242 [info ]: Finished scheduling [  0.00s]
16:29:58.302675 [info ]: Cached model count updated: 2 models (accurate)
16:29:59.450623 [info ]: Started loading project
16:29:59.451084 [info ]: Loading profiles.yml
16:29:59.490512 [info ]: Cached model count updated: 2 models (estimate)
16:29:59.490578 [info ]: Cached model count updated: 2 models (accurate)
16:29:59.490642 [info ]: Started scheduling
16:29:59.490748 [info ]: Finished scheduling [  0.00s]
16:29:59.490770 [debug]: Compilation - 2 nodes selected: {"model.raqib_sf.emergency_contacts", "model.raqib_sf.stg_providers"}
16:29:59.956753 [info ]: Started building task graph
16:29:59.956880 [info ]: Finished building task graph [  0.00s]
16:29:59.957145 [info ]: Started rendering (2 nodes)
16:29:59.957193 [info ]: Started model dbt_dev_staging.stg_providers
16:29:59.957227 [debug]: Started rendering model dbt_dev_staging.stg_providers
16:29:59.957284 [info ]: Started model dbt_dev_staging.emergency_contacts
16:29:59.957312 [debug]: Started rendering model dbt_dev_staging.emergency_contacts
16:29:59.957311 [info ]: Finished loading project [  0.51s]
16:29:59.957605 [debug]: Compiled SQL for node model.raqib_sf.stg_providers at target/.lsp/compiled/models/staging/stg_providers.sql
16:29:59.957709 [debug]: Finished rendering [  0.00s] model dbt_dev_staging.stg_providers [success]
16:29:59.957759 [info ]: Started analyzing (2 nodes)
16:29:59.957778 [debug]: Started analyzing model dbt_dev_staging.stg_providers
16:29:59.958389 [debug]: Compiled SQL for node model.raqib_sf.emergency_contacts at target/.lsp/compiled/models/staging/emergency_contacts.sql
16:29:59.958498 [debug]: Finished rendering [  0.00s] model dbt_dev_staging.emergency_contacts [success]
16:29:59.958531 [info ]: Finished rendering [  0.00s] (2 nodes, 0 skipped, 0 errors)
16:29:59.959188 [debug]: Started analyzing model dbt_dev_staging.emergency_contacts
16:29:59.959936 [info ]:  Succeeded [  0.00s] model dbt_dev_staging.emergency_contacts (ephemeral)
16:29:59.959980 [debug]: Finished analyzing [  0.00s] model dbt_dev_staging.emergency_contacts [success]
16:29:59.962633 [info ]:  Succeeded [  0.00s] model dbt_dev_staging.stg_providers (ephemeral)
16:29:59.962671 [debug]: Finished analyzing [  0.00s] model dbt_dev_staging.stg_providers [success]
16:29:59.962682 [info ]: Finished analyzing [  0.00s] (2 nodes, 0 skipped, 0 errors)
16:29:59.970689 [info ]: Started scheduling
16:29:59.970761 [info ]: Finished scheduling [  0.00s]
16:29:59.975004 [info ]: Cached model count updated: 2 models (accurate)
16:30:26.794655 [info ]: Started loading project
16:30:26.795556 [info ]: Loading profiles.yml
16:30:26.802057 [info ]: Started parsing
16:30:26.838925 [info ]: Finished loading project [  0.04s]
16:30:26.844013 [debug]: Finished parsing models/staging/stg_providers.sql [  0.00s]
16:30:26.846156 [info ]: Finished parsing [  0.04s]
16:30:26.848232 [info ]: Cached model count updated: 2 models (estimate)
16:30:26.848249 [info ]: Cached model count updated: 2 models (accurate)
16:30:26.848284 [info ]: Started scheduling
16:30:26.848366 [info ]: Finished scheduling [  0.00s]
16:30:26.848382 [debug]: Compilation - 1 nodes selected: {"model.raqib_sf.stg_providers"}
16:30:27.263633 [info ]: Started building task graph
16:30:27.263698 [info ]: Finished building task graph [  0.00s]
16:30:27.263864 [info ]: Started rendering (1 nodes)
16:30:27.263893 [info ]: Started model dbt_dev_staging.stg_providers
16:30:27.263911 [debug]: Started rendering model dbt_dev_staging.stg_providers
16:30:27.265792 [debug]: Compiled SQL for node model.raqib_sf.stg_providers at target/.lsp/compiled/models/staging/stg_providers.sql
16:30:27.265943 [debug]: Finished rendering [  0.00s] model dbt_dev_staging.stg_providers [success]
16:30:27.265964 [info ]: Finished rendering [  0.00s] (1 nodes, 0 skipped, 0 errors)
16:30:27.265989 [info ]: Started analyzing (1 nodes)
16:30:27.266003 [debug]: Started analyzing model dbt_dev_staging.stg_providers
16:30:27.269893 [info ]:  Succeeded [  0.01s] model dbt_dev_staging.stg_providers (ephemeral)
16:30:27.269937 [debug]: Finished analyzing [  0.00s] model dbt_dev_staging.stg_providers [success]
16:30:27.269948 [info ]: Finished analyzing [  0.00s] (1 nodes, 0 skipped, 0 errors)
16:30:27.276682 [info ]: Started scheduling
16:30:27.276780 [info ]: Finished scheduling [  0.00s]
16:30:27.279438 [info ]: Cached model count updated: 2 models (accurate)
16:30:28.499443 [info ]: Started loading project
16:30:28.500151 [info ]: Loading profiles.yml
16:30:28.550251 [info ]: Cached model count updated: 2 models (estimate)
16:30:28.550284 [info ]: Cached model count updated: 2 models (accurate)
16:30:28.550329 [info ]: Started scheduling
16:30:28.550457 [info ]: Finished scheduling [  0.00s]
16:30:28.550497 [debug]: Compilation - 1 nodes selected: {"model.raqib_sf.stg_providers"}
16:30:29.010380 [info ]: Started building task graph
16:30:29.010461 [info ]: Finished building task graph [  0.00s]
16:30:29.010616 [info ]: Started rendering (1 nodes)
16:30:29.010643 [info ]: Started model dbt_dev_staging.stg_providers
16:30:29.010662 [debug]: Started rendering model dbt_dev_staging.stg_providers
16:30:29.010716 [info ]: Finished loading project [  0.51s]
16:30:29.011261 [debug]: Compiled SQL for node model.raqib_sf.stg_providers at target/.lsp/compiled/models/staging/stg_providers.sql
16:30:29.011756 [debug]: Finished rendering [  0.00s] model dbt_dev_staging.stg_providers [success]
16:30:29.011858 [info ]: Finished rendering [  0.00s] (1 nodes, 0 skipped, 0 errors)
16:30:29.011905 [info ]: Started analyzing (1 nodes)
16:30:29.011963 [debug]: Started analyzing model dbt_dev_staging.stg_providers
16:30:29.018311 [info ]:  Succeeded [  0.01s] model dbt_dev_staging.stg_providers (ephemeral)
16:30:29.020634 [debug]: Finished analyzing [  0.01s] model dbt_dev_staging.stg_providers [success]
16:30:29.020694 [info ]: Finished analyzing [  0.01s] (1 nodes, 0 skipped, 0 errors)
16:30:29.032540 [info ]: Started scheduling
16:30:29.032856 [info ]: Finished scheduling [  0.00s]
16:30:29.037643 [info ]: Cached model count updated: 2 models (accurate)
16:30:30.311594 [info ]: Started loading project
16:30:30.312666 [info ]: Loading profiles.yml
16:30:30.352051 [info ]: Cached model count updated: 2 models (estimate)
16:30:30.352075 [info ]: Cached model count updated: 2 models (accurate)
16:30:30.352114 [info ]: Started scheduling
16:30:30.352214 [info ]: Finished scheduling [  0.00s]
16:30:30.352234 [debug]: Compilation - 2 nodes selected: {"model.raqib_sf.emergency_contacts", "model.raqib_sf.stg_providers"}
16:30:30.835306 [info ]: Started building task graph
16:30:30.835384 [info ]: Finished building task graph [  0.00s]
16:30:30.835614 [info ]: Started rendering (2 nodes)
16:30:30.835642 [info ]: Started model dbt_dev_staging.stg_providers
16:30:30.835672 [debug]: Started rendering model dbt_dev_staging.stg_providers
16:30:30.835707 [info ]: Started model dbt_dev_staging.emergency_contacts
16:30:30.835723 [debug]: Started rendering model dbt_dev_staging.emergency_contacts
16:30:30.835751 [info ]: Finished loading project [  0.52s]
16:30:30.836139 [debug]: Compiled SQL for node model.raqib_sf.stg_providers at target/.lsp/compiled/models/staging/stg_providers.sql
16:30:30.836222 [debug]: Finished rendering [  0.00s] model dbt_dev_staging.stg_providers [success]
16:30:30.836239 [debug]: Compiled SQL for node model.raqib_sf.emergency_contacts at target/.lsp/compiled/models/staging/emergency_contacts.sql
16:30:30.836265 [info ]: Started analyzing (2 nodes)
16:30:30.836282 [debug]: Started analyzing model dbt_dev_staging.stg_providers
16:30:30.836348 [debug]: Finished rendering [  0.00s] model dbt_dev_staging.emergency_contacts [success]
16:30:30.836367 [info ]: Finished rendering [  0.00s] (2 nodes, 0 skipped, 0 errors)
16:30:30.836396 [debug]: Started analyzing model dbt_dev_staging.emergency_contacts
16:30:30.836869 [info ]:  Succeeded [-------] model dbt_dev_staging.emergency_contacts (ephemeral)
16:30:30.836910 [debug]: Finished analyzing [  0.00s] model dbt_dev_staging.emergency_contacts [success]
16:30:30.840054 [info ]:  Succeeded [  0.00s] model dbt_dev_staging.stg_providers (ephemeral)
16:30:30.840094 [debug]: Finished analyzing [  0.00s] model dbt_dev_staging.stg_providers [success]
16:30:30.840106 [info ]: Finished analyzing [  0.00s] (2 nodes, 0 skipped, 0 errors)
16:30:30.851275 [info ]: Started scheduling
16:30:30.851336 [info ]: Finished scheduling [  0.00s]
16:30:30.854650 [info ]: Cached model count updated: 2 models (accurate)
16:32:15.959093 [info ]: Started loading project
16:32:15.959847 [info ]: Loading profiles.yml
16:32:15.964614 [info ]: Started loading project
16:32:15.964976 [info ]: Loading profiles.yml
16:32:15.965029 [info ]: Finished loading project [  0.01s]
16:32:16.492851 [debug]:    Started loading packages
16:32:16.494679 [debug]:     Loaded [  0.00s] packages
16:32:16.495936 [info ]: Started parsing
16:32:16.547968 [info ]: Finished loading project [  0.58s]
16:32:16.550290 [debug]: Finished parsing models/schema.yml [  0.00s]
16:32:16.551877 [debug]: Finished parsing models/sources.yml [  0.00s]
16:32:16.555196 [debug]: Finished parsing models/staging/stg_emergency_contacts.sql [  0.00s]
16:32:16.557582 [warn ]: dbt1005: Unused schema.yml entry for model 'emergency_contacts'
  --> models/schema.yml
16:32:16.557626 [debug]: Finished parsing models/staging/stg_providers.sql [  0.00s]
16:32:16.557654 [warn ]: dbt1005: Unused schema.yml entry for model 'providers'
  --> models/schema.yml
16:32:16.562284 [info ]: Finished parsing [  0.07s]
16:32:16.562501 [info ]: Cached model count updated: 2 models (estimate)
16:32:16.562516 [info ]: Cached model count updated: 2 models (accurate)
16:32:16.562568 [info ]: Started scheduling
16:32:16.562620 [info ]: Finished scheduling [  0.00s]
16:32:16.562644 [debug]: Compilation - 0 nodes selected: {}
16:32:16.562685 [warn ]: dbt1600: The selection criterion '' does not match any enabled nodes
16:32:16.562709 [warn ]: dbt1601: Nothing to do. Try checking your model configs and model specification args
16:32:16.562722 [info ]: Started scheduling
16:32:16.562804 [info ]: Finished scheduling [  0.00s]
16:32:16.562923 [debug]: Initializing schema store with entry: Frontier(CanonicalFqn { catalog: "RAW", schema: "PUBLIC", table: "EMERGENCY_CONTACTS" }) and interval: None
16:32:16.562945 [debug]: Initializing schema store with entry: Frontier(CanonicalFqn { catalog: "RAW", schema: "PUBLIC", table: "PROVIDERS" }) and interval: None
16:32:16.977785 [info ]: Started building task graph
16:32:16.977823 [info ]: Finished building task graph [  0.00s]
16:32:16.984972 [info ]: Started scheduling
16:32:16.985034 [info ]: Finished scheduling [  0.00s]
16:32:16.991988 [info ]: Cached model count updated: 2 models (accurate)
16:32:18.141994 [info ]: Started loading project
16:32:18.143276 [info ]: Loading profiles.yml
16:32:18.181541 [info ]: Cached model count updated: 2 models (estimate)
16:32:18.181565 [info ]: Cached model count updated: 2 models (accurate)
16:32:18.181601 [info ]: Started scheduling
16:32:18.181704 [info ]: Finished scheduling [  0.00s]
16:32:18.181724 [debug]: Compilation - 2 nodes selected: {"model.raqib_sf.stg_emergency_contacts", "model.raqib_sf.stg_providers"}
16:32:18.613517 [info ]: Started building task graph
16:32:18.613628 [info ]: Finished building task graph [  0.00s]
16:32:18.613834 [info ]: Started rendering (2 nodes)
16:32:18.613866 [info ]: Started model dbt_dev_staging.stg_providers
16:32:18.613921 [debug]: Started rendering model dbt_dev_staging.stg_providers
16:32:18.614053 [info ]: Started model dbt_dev_staging.stg_emergency_contacts
16:32:18.614106 [debug]: Started rendering model dbt_dev_staging.stg_emergency_contacts
16:32:18.614191 [info ]: Finished loading project [  0.47s]
16:32:18.616583 [debug]: Compiled SQL for node model.raqib_sf.stg_emergency_contacts at target/.lsp/compiled/models/staging/stg_emergency_contacts.sql
16:32:18.616605 [debug]: Compiled SQL for node model.raqib_sf.stg_providers at target/.lsp/compiled/models/staging/stg_providers.sql
16:32:18.616813 [debug]: Finished rendering [  0.00s] model dbt_dev_staging.stg_emergency_contacts [success]
16:32:18.616847 [info ]: Started analyzing (2 nodes)
16:32:18.616858 [debug]: Started analyzing model dbt_dev_staging.stg_emergency_contacts
16:32:18.616905 [debug]: Finished rendering [  0.00s] model dbt_dev_staging.stg_providers [success]
16:32:18.616924 [info ]: Finished rendering [  0.00s] (2 nodes, 0 skipped, 0 errors)
16:32:18.616951 [debug]: Started analyzing model dbt_dev_staging.stg_providers
16:32:18.617370 [info ]:  Succeeded [  0.00s] model dbt_dev_staging.stg_emergency_contacts (ephemeral)
16:32:18.617401 [debug]: Finished analyzing [  0.00s] model dbt_dev_staging.stg_emergency_contacts [success]
16:32:18.622202 [info ]:  Succeeded [  0.01s] model dbt_dev_staging.stg_providers (ephemeral)
16:32:18.622326 [debug]: Finished analyzing [  0.01s] model dbt_dev_staging.stg_providers [success]
16:32:18.622425 [info ]: Finished analyzing [  0.01s] (2 nodes, 0 skipped, 0 errors)
16:32:18.632837 [info ]: Started scheduling
16:32:18.632900 [info ]: Finished scheduling [  0.00s]
16:32:18.637858 [info ]: Cached model count updated: 2 models (accurate)
16:32:39.941648 [info ]: Started loading project
16:32:39.942287 [info ]: Loading profiles.yml
16:32:39.948435 [info ]: Started parsing
16:32:39.991464 [info ]: Finished loading project [  0.05s]
16:32:39.994474 [error]: dbt1013: YAML error: could not find expected ':' at line 25 column 21, while scanning a simple key at line 24 column 1
  --> models/schema.yml:25:21
16:32:39.995261 [debug]: Finished parsing models/schema.yml [  0.00s]
16:32:39.996871 [debug]: Finished parsing models/staging/stg_emergency_contacts.sql [  0.00s]
16:32:40.002103 [debug]: Finished parsing models/staging/stg_providers.sql [  0.01s]
16:32:40.004115 [info ]: Finished parsing [  0.06s]
16:32:40.007282 [info ]: Cached model count updated: 2 models (estimate)
16:32:40.007302 [info ]: Cached model count updated: 2 models (accurate)
16:32:40.007334 [info ]: Started scheduling
16:32:40.007383 [info ]: Finished scheduling [  0.00s]
16:32:40.007399 [debug]: Compilation - 0 nodes selected: {}
16:32:40.007414 [warn ]: dbt1600: The selection criterion '' does not match any enabled nodes
16:32:40.007425 [warn ]: dbt1601: Nothing to do. Try checking your model configs and model specification args
16:32:40.761276 [info ]: Started building task graph
16:32:40.761326 [info ]: Finished building task graph [  0.00s]
16:32:40.775274 [info ]: Started scheduling
16:32:40.775446 [info ]: Finished scheduling [  0.00s]
16:32:40.779813 [info ]: Cached model count updated: 2 models (accurate)
16:32:40.792798 [info ]: Waiting for lease on 'target' directory
16:32:41.005972 [info ]: Started loading project
16:32:41.006464 [info ]: Loading profiles.yml
16:32:41.059152 [info ]: Cached model count updated: 2 models (estimate)
16:32:41.059180 [info ]: Cached model count updated: 2 models (accurate)
16:32:41.059224 [info ]: Started scheduling
16:32:41.059334 [info ]: Finished scheduling [  0.00s]
16:32:41.059360 [debug]: Compilation - 1 nodes selected: {"model.raqib_sf.stg_providers"}
16:32:41.467046 [info ]: Started building task graph
16:32:41.467117 [info ]: Finished building task graph [  0.00s]
16:32:41.467254 [info ]: Started rendering (1 nodes)
16:32:41.467277 [info ]: Started model dbt_dev_staging.stg_providers
16:32:41.467293 [debug]: Started rendering model dbt_dev_staging.stg_providers
16:32:41.467344 [info ]: Finished loading project [  0.46s]
16:32:41.468524 [debug]: Compiled SQL for node model.raqib_sf.stg_providers at target/.lsp/compiled/models/staging/stg_providers.sql
16:32:41.468654 [debug]: Finished rendering [  0.00s] model dbt_dev_staging.stg_providers [success]
16:32:41.468675 [info ]: Finished rendering [  0.00s] (1 nodes, 0 skipped, 0 errors)
16:32:41.468697 [info ]: Started analyzing (1 nodes)
16:32:41.468708 [debug]: Started analyzing model dbt_dev_staging.stg_providers
16:32:41.472344 [info ]:  Succeeded [  0.00s] model dbt_dev_staging.stg_providers (ephemeral)
16:32:41.472384 [debug]: Finished analyzing [  0.00s] model dbt_dev_staging.stg_providers [success]
16:32:41.472395 [info ]: Finished analyzing [  0.00s] (1 nodes, 0 skipped, 0 errors)
16:32:41.481221 [info ]: Started scheduling
16:32:41.481296 [info ]: Finished scheduling [  0.00s]
16:32:41.482377 [info ]: Cached model count updated: 2 models (accurate)
16:32:42.642936 [info ]: Started loading project
16:32:42.643558 [info ]: Loading profiles.yml
16:32:42.680423 [info ]: Cached model count updated: 2 models (estimate)
16:32:42.680456 [info ]: Cached model count updated: 2 models (accurate)
16:32:42.680498 [info ]: Started scheduling
16:32:42.680595 [info ]: Finished scheduling [  0.00s]
16:32:42.680616 [debug]: Compilation - 1 nodes selected: {"model.raqib_sf.stg_providers"}
16:32:43.060718 [info ]: Started building task graph
16:32:43.060788 [info ]: Finished building task graph [  0.00s]
16:32:43.060944 [info ]: Started rendering (1 nodes)
16:32:43.060969 [info ]: Started model dbt_dev_staging.stg_providers
16:32:43.060998 [debug]: Started rendering model dbt_dev_staging.stg_providers
16:32:43.061060 [info ]: Finished loading project [  0.42s]
16:32:43.061323 [debug]: Compiled SQL for node model.raqib_sf.stg_providers at target/.lsp/compiled/models/staging/stg_providers.sql
16:32:43.061419 [debug]: Finished rendering [  0.00s] model dbt_dev_staging.stg_providers [success]
16:32:43.061438 [info ]: Finished rendering [  0.00s] (1 nodes, 0 skipped, 0 errors)
16:32:43.061459 [info ]: Started analyzing (1 nodes)
16:32:43.061470 [debug]: Started analyzing model dbt_dev_staging.stg_providers
16:32:43.065121 [info ]:  Succeeded [  0.00s] model dbt_dev_staging.stg_providers (ephemeral)
16:32:43.065160 [debug]: Finished analyzing [  0.00s] model dbt_dev_staging.stg_providers [success]
16:32:43.065171 [info ]: Finished analyzing [  0.00s] (1 nodes, 0 skipped, 0 errors)
16:32:43.071872 [info ]: Started scheduling
16:32:43.071927 [info ]: Finished scheduling [  0.00s]
16:32:43.074949 [info ]: Cached model count updated: 2 models (accurate)
16:32:44.229763 [info ]: Started loading project
16:32:44.230962 [info ]: Loading profiles.yml
16:32:44.273718 [info ]: Cached model count updated: 2 models (estimate)
16:32:44.273750 [info ]: Cached model count updated: 2 models (accurate)
16:32:44.273786 [info ]: Started scheduling
16:32:44.273878 [info ]: Finished scheduling [  0.00s]
16:32:44.273897 [debug]: Compilation - 2 nodes selected: {"model.raqib_sf.stg_emergency_contacts", "model.raqib_sf.stg_providers"}
16:32:44.832862 [info ]: Started building task graph
16:32:44.832938 [info ]: Finished building task graph [  0.00s]
16:32:44.833205 [info ]: Started rendering (2 nodes)
16:32:44.833233 [info ]: Started model dbt_dev_staging.stg_providers
16:32:44.833251 [debug]: Started rendering model dbt_dev_staging.stg_providers
16:32:44.833286 [info ]: Started model dbt_dev_staging.stg_emergency_contacts
16:32:44.833303 [debug]: Started rendering model dbt_dev_staging.stg_emergency_contacts
16:32:44.833315 [info ]: Finished loading project [  0.60s]
16:32:44.833614 [debug]: Compiled SQL for node model.raqib_sf.stg_providers at target/.lsp/compiled/models/staging/stg_providers.sql
16:32:44.833697 [debug]: Finished rendering [  0.00s] model dbt_dev_staging.stg_providers [success]
16:32:44.833731 [info ]: Started analyzing (2 nodes)
16:32:44.833744 [debug]: Started analyzing model dbt_dev_staging.stg_providers
16:32:44.834683 [debug]: Compiled SQL for node model.raqib_sf.stg_emergency_contacts at target/.lsp/compiled/models/staging/stg_emergency_contacts.sql
16:32:44.834836 [debug]: Finished rendering [  0.00s] model dbt_dev_staging.stg_emergency_contacts [success]
16:32:44.834854 [info ]: Finished rendering [  0.00s] (2 nodes, 0 skipped, 0 errors)
16:32:44.834875 [debug]: Started analyzing model dbt_dev_staging.stg_emergency_contacts
16:32:44.835161 [info ]:  Succeeded [  0.00s] model dbt_dev_staging.stg_emergency_contacts (ephemeral)
16:32:44.835203 [debug]: Finished analyzing [  0.00s] model dbt_dev_staging.stg_emergency_contacts [success]
16:32:44.837407 [info ]:  Succeeded [  0.00s] model dbt_dev_staging.stg_providers (ephemeral)
16:32:44.837537 [debug]: Finished analyzing [  0.00s] model dbt_dev_staging.stg_providers [success]
16:32:44.837562 [info ]: Finished analyzing [  0.00s] (2 nodes, 0 skipped, 0 errors)
16:32:44.847234 [info ]: Started scheduling
16:32:44.847374 [info ]: Finished scheduling [  0.00s]
16:32:44.851195 [info ]: Cached model count updated: 2 models (accurate)
16:33:47.985231 [info ]: Started loading project
16:33:47.986378 [info ]: Loading profiles.yml
16:33:47.994039 [info ]: Started parsing
16:33:48.076597 [info ]: Finished loading project [  0.09s]
16:33:48.078103 [debug]: Finished parsing models/schema.yml [  0.00s]
16:33:48.080735 [warn ]: dbt1005: Unused schema.yml entry for model 'emergency_contacts'
  --> models/schema.yml
16:33:48.080785 [warn ]: dbt1005: Unused schema.yml entry for model 'providers'
  --> models/schema.yml
16:33:48.085786 [info ]: Finished parsing [  0.09s]
16:33:48.088178 [info ]: Cached model count updated: 2 models (estimate)
16:33:48.088198 [info ]: Cached model count updated: 2 models (accurate)
16:33:48.088233 [info ]: Started scheduling
16:33:48.088287 [info ]: Finished scheduling [  0.00s]
16:33:48.088305 [debug]: Compilation - 0 nodes selected: {}
16:33:48.088320 [warn ]: dbt1600: The selection criterion '' does not match any enabled nodes
16:33:48.088331 [warn ]: dbt1601: Nothing to do. Try checking your model configs and model specification args
16:33:48.539426 [info ]: Started building task graph
16:33:48.539501 [info ]: Finished building task graph [  0.00s]
16:33:48.547987 [info ]: Started scheduling
16:33:48.548052 [info ]: Finished scheduling [  0.00s]
16:33:48.550550 [info ]: Cached model count updated: 2 models (accurate)
16:33:49.709204 [info ]: Started loading project
16:33:49.709662 [info ]: Loading profiles.yml
16:33:49.757052 [info ]: Cached model count updated: 2 models (estimate)
16:33:49.757079 [info ]: Cached model count updated: 2 models (accurate)
16:33:49.757118 [info ]: Started scheduling
16:33:49.757172 [info ]: Finished scheduling [  0.00s]
16:33:49.757194 [debug]: Compilation - 0 nodes selected: {}
16:33:49.757216 [warn ]: dbt1600: The selection criterion '' does not match any enabled nodes
16:33:49.757231 [warn ]: dbt1601: Nothing to do. Try checking your model configs and model specification args
16:33:50.267000 [info ]: Started building task graph
16:33:50.267040 [info ]: Finished building task graph [  0.00s]
16:33:50.275874 [info ]: Started scheduling
16:33:50.275946 [info ]: Finished scheduling [  0.00s]
16:33:50.276385 [info ]: Finished loading project [  0.57s]
16:33:50.280060 [info ]: Cached model count updated: 2 models (accurate)
16:33:51.420279 [info ]: Started loading project
16:33:51.420788 [info ]: Loading profiles.yml
16:33:51.458671 [info ]: Cached model count updated: 2 models (estimate)
16:33:51.458696 [info ]: Cached model count updated: 2 models (accurate)
16:33:51.458731 [info ]: Started scheduling
16:33:51.458854 [info ]: Finished scheduling [  0.00s]
16:33:51.458881 [debug]: Compilation - 2 nodes selected: {"model.raqib_sf.stg_emergency_contacts", "model.raqib_sf.stg_providers"}
16:33:51.880390 [info ]: Started building task graph
16:33:51.880465 [info ]: Finished building task graph [  0.00s]
16:33:51.880614 [info ]: Started rendering (2 nodes)
16:33:51.880636 [info ]: Started model dbt_dev_staging.stg_providers
16:33:51.880654 [debug]: Started rendering model dbt_dev_staging.stg_providers
16:33:51.880687 [info ]: Started model dbt_dev_staging.stg_emergency_contacts
16:33:51.880702 [debug]: Started rendering model dbt_dev_staging.stg_emergency_contacts
16:33:51.880723 [info ]: Finished loading project [  0.46s]
16:33:51.883068 [debug]: Compiled SQL for node model.raqib_sf.stg_emergency_contacts at target/.lsp/compiled/models/staging/stg_emergency_contacts.sql
16:33:51.883067 [debug]: Compiled SQL for node model.raqib_sf.stg_providers at target/.lsp/compiled/models/staging/stg_providers.sql
16:33:51.883184 [debug]: Finished rendering [  0.00s] model dbt_dev_staging.stg_emergency_contacts [success]
16:33:51.883245 [info ]: Started analyzing (2 nodes)
16:33:51.883263 [debug]: Started analyzing model dbt_dev_staging.stg_emergency_contacts
16:33:51.883313 [debug]: Finished rendering [  0.00s] model dbt_dev_staging.stg_providers [success]
16:33:51.883334 [info ]: Finished rendering [  0.00s] (2 nodes, 0 skipped, 0 errors)
16:33:51.883362 [debug]: Started analyzing model dbt_dev_staging.stg_providers
16:33:51.883948 [info ]:  Succeeded [  0.00s] model dbt_dev_staging.stg_emergency_contacts (ephemeral)
16:33:51.884001 [debug]: Finished analyzing [  0.00s] model dbt_dev_staging.stg_emergency_contacts [success]
16:33:51.889216 [info ]:  Succeeded [  0.01s] model dbt_dev_staging.stg_providers (ephemeral)
16:33:51.889269 [debug]: Finished analyzing [  0.01s] model dbt_dev_staging.stg_providers [success]
16:33:51.889285 [info ]: Finished analyzing [  0.01s] (2 nodes, 0 skipped, 0 errors)
16:33:51.897459 [info ]: Started scheduling
16:33:51.897517 [info ]: Finished scheduling [  0.00s]
16:33:51.902979 [info ]: Cached model count updated: 2 models (accurate)
16:41:53.515676 [info ]: Started loading project
16:41:53.516907 [info ]: Loading profiles.yml
16:41:53.530056 [info ]: Started loading project
16:41:53.530469 [info ]: Loading profiles.yml
16:41:53.530561 [info ]: Finished loading project [  0.01s]
16:41:54.275333 [debug]:    Started loading packages
16:41:54.279830 [debug]:     Loaded [  0.00s] packages
16:41:54.281271 [info ]: Started parsing
16:41:54.352439 [info ]: Finished loading project [  0.82s]
16:41:54.356827 [debug]: Finished parsing models/schema.yml [  0.00s]
16:41:54.357607 [debug]: Finished parsing models/sources.yml [  0.00s]
16:41:54.360398 [debug]: Finished parsing models/staging/stg_admissions.sql [  0.00s]
16:41:54.361267 [debug]: Finished parsing models/staging/stg_emergency_contacts.sql [  0.00s]
16:41:54.364336 [warn ]: dbt1005: Unused schema.yml entry for model 'emergency_contacts'
  --> models/schema.yml
16:41:54.364370 [warn ]: dbt1005: Unused schema.yml entry for model 'providers'
  --> models/schema.yml
16:41:54.364379 [debug]: Finished parsing models/staging/stg_providers.sql [  0.00s]
16:41:54.368190 [info ]: Finished parsing [  0.09s]
16:41:54.368471 [info ]: Cached model count updated: 3 models (estimate)
16:41:54.368488 [info ]: Cached model count updated: 3 models (accurate)
16:41:54.368554 [info ]: Started scheduling
16:41:54.368624 [info ]: Finished scheduling [  0.00s]
16:41:54.368663 [debug]: Compilation - 0 nodes selected: {}
16:41:54.368680 [warn ]: dbt1600: The selection criterion '' does not match any enabled nodes
16:41:54.368689 [warn ]: dbt1601: Nothing to do. Try checking your model configs and model specification args
16:41:54.368701 [info ]: Started scheduling
16:41:54.368781 [info ]: Finished scheduling [  0.00s]
16:41:54.368929 [debug]: Initializing schema store with entry: Frontier(CanonicalFqn { catalog: "RAW", schema: "PUBLIC", table: "PROVIDERS" }) and interval: None
16:41:54.368951 [debug]: Initializing schema store with entry: Frontier(CanonicalFqn { catalog: "RAW", schema: "PUBLIC", table: "EMERGENCY_CONTACTS" }) and interval: None
16:41:54.771067 [info ]: Started building task graph
16:41:54.771136 [info ]: Finished building task graph [  0.00s]
16:41:54.778808 [info ]: Started scheduling
16:41:54.778880 [info ]: Finished scheduling [  0.00s]
16:41:54.787453 [info ]: Cached model count updated: 3 models (accurate)
16:41:55.958170 [info ]: Started loading project
16:41:55.958669 [info ]: Loading profiles.yml
16:41:56.001520 [info ]: Cached model count updated: 3 models (estimate)
16:41:56.001549 [info ]: Cached model count updated: 3 models (accurate)
16:41:56.001588 [info ]: Started scheduling
16:41:56.001684 [info ]: Finished scheduling [  0.00s]
16:41:56.001705 [debug]: Compilation - 2 nodes selected: {"model.raqib_sf.stg_emergency_contacts", "model.raqib_sf.stg_providers"}
16:41:56.383740 [info ]: Started building task graph
16:41:56.383837 [info ]: Finished building task graph [  0.00s]
16:41:56.384011 [info ]: Started rendering (2 nodes)
16:41:56.384042 [info ]: Started model dbt_dev_staging.stg_providers
16:41:56.384087 [debug]: Started rendering model dbt_dev_staging.stg_providers
16:41:56.384142 [info ]: Started model dbt_dev_staging.stg_emergency_contacts
16:41:56.384157 [debug]: Started rendering model dbt_dev_staging.stg_emergency_contacts
16:41:56.384167 [info ]: Finished loading project [  0.43s]
16:41:56.386083 [debug]: Compiled SQL for node model.raqib_sf.stg_emergency_contacts at target/.lsp/compiled/models/staging/stg_emergency_contacts.sql
16:41:56.386241 [debug]: Compiled SQL for node model.raqib_sf.stg_providers at target/.lsp/compiled/models/staging/stg_providers.sql
16:41:56.386348 [debug]: Finished rendering [  0.00s] model dbt_dev_staging.stg_emergency_contacts [success]
16:41:56.386398 [info ]: Started analyzing (2 nodes)
16:41:56.386415 [debug]: Started analyzing model dbt_dev_staging.stg_emergency_contacts
16:41:56.386446 [debug]: Finished rendering [  0.00s] model dbt_dev_staging.stg_providers [success]
16:41:56.386460 [info ]: Finished rendering [  0.00s] (2 nodes, 0 skipped, 0 errors)
16:41:56.386485 [debug]: Started analyzing model dbt_dev_staging.stg_providers
16:41:56.391053 [info ]:  Succeeded [  0.01s] model dbt_dev_staging.stg_emergency_contacts (ephemeral)
16:41:56.391125 [debug]: Finished analyzing [  0.00s] model dbt_dev_staging.stg_emergency_contacts [success]
16:41:56.393563 [info ]:  Succeeded [  0.01s] model dbt_dev_staging.stg_providers (ephemeral)
16:41:56.393604 [debug]: Finished analyzing [  0.01s] model dbt_dev_staging.stg_providers [success]
16:41:56.393616 [info ]: Finished analyzing [  0.01s] (2 nodes, 0 skipped, 0 errors)
16:41:56.401076 [info ]: Started scheduling
16:41:56.401134 [info ]: Finished scheduling [  0.00s]
16:41:56.405257 [info ]: Cached model count updated: 3 models (accurate)
16:42:03.736564 [info ]: Started loading project
16:42:03.737036 [info ]: Loading profiles.yml
16:42:03.778508 [info ]: Cached model count updated: 3 models (estimate)
16:42:03.778535 [info ]: Cached model count updated: 3 models (accurate)
16:42:03.778579 [info ]: Started scheduling
16:42:03.778663 [info ]: Finished scheduling [  0.00s]
16:42:03.778684 [debug]: Compilation - 0 nodes selected: {}
16:42:03.778717 [warn ]: dbt1600: The selection criterion '+fqn:model.raqib_sf.stg_admissions' does not match any enabled nodes
16:42:03.778730 [warn ]: dbt1601: Nothing to do. Try checking your model configs and model specification args
16:42:04.179579 [info ]: Started building task graph
16:42:04.179612 [info ]: Finished building task graph [  0.00s]
16:42:04.187012 [info ]: Started scheduling
16:42:04.187077 [info ]: Finished scheduling [  0.00s]
16:42:04.187497 [info ]: Finished loading project [  0.45s]
16:42:04.187922 [info ]: Cached model count updated: 3 models (accurate)
16:42:04.190610 [info ]: Waiting for lease on 'target' directory
16:42:04.301739 [info ]: Started loading project
16:42:04.303822 [info ]: Loading profiles.yml
16:42:04.359825 [info ]: Cached model count updated: 3 models (estimate)
16:42:04.359852 [info ]: Cached model count updated: 3 models (accurate)
16:42:04.359899 [info ]: Started scheduling
16:42:04.359979 [info ]: Finished scheduling [  0.00s]
16:42:04.359999 [debug]: Compilation - 0 nodes selected: {}
16:42:04.360019 [warn ]: dbt1600: The selection criterion '+fqn:model.raqib_sf.stg_admissions' does not match any enabled nodes
16:42:04.360032 [warn ]: dbt1601: Nothing to do. Try checking your model configs and model specification args
16:42:04.779591 [info ]: Started building task graph
16:42:04.779625 [info ]: Finished building task graph [  0.00s]
16:42:04.787330 [info ]: Started scheduling
16:42:04.787389 [info ]: Finished scheduling [  0.00s]
16:42:04.787772 [info ]: Finished loading project [  0.49s]
16:42:04.788244 [info ]: Cached model count updated: 3 models (accurate)
16:42:05.936818 [info ]: Started loading project
16:42:05.937336 [info ]: Loading profiles.yml
16:42:05.977344 [info ]: Cached model count updated: 3 models (estimate)
16:42:05.977371 [info ]: Cached model count updated: 3 models (accurate)
16:42:05.977414 [info ]: Started scheduling
16:42:05.977491 [info ]: Finished scheduling [  0.00s]
16:42:05.977511 [debug]: Compilation - 0 nodes selected: {}
16:42:05.977530 [warn ]: dbt1600: The selection criterion '+fqn:model.raqib_sf.stg_admissions+' does not match any enabled nodes
16:42:05.977541 [warn ]: dbt1601: Nothing to do. Try checking your model configs and model specification args
16:42:06.353577 [info ]: Started building task graph
16:42:06.353613 [info ]: Finished building task graph [  0.00s]
16:42:06.361080 [info ]: Started scheduling
16:42:06.361153 [info ]: Finished scheduling [  0.00s]
16:42:06.361571 [info ]: Finished loading project [  0.42s]
16:42:06.365110 [info ]: Cached model count updated: 3 models (accurate)
16:42:07.519470 [info ]: Started loading project
16:42:07.520155 [info ]: Loading profiles.yml
16:42:07.628222 [info ]: Cached model count updated: 3 models (estimate)
16:42:07.628252 [info ]: Cached model count updated: 3 models (accurate)
16:42:07.628313 [info ]: Started scheduling
16:42:07.628649 [info ]: Finished scheduling [  0.00s]
16:42:07.628689 [debug]: Compilation - 2 nodes selected: {"model.raqib_sf.stg_emergency_contacts", "model.raqib_sf.stg_providers"}
16:42:08.197706 [info ]: Started building task graph
16:42:08.197782 [info ]: Finished building task graph [  0.00s]
16:42:08.197942 [info ]: Started rendering (2 nodes)
16:42:08.197974 [info ]: Started model dbt_dev_staging.stg_providers
16:42:08.198001 [debug]: Started rendering model dbt_dev_staging.stg_providers
16:42:08.198049 [info ]: Started model dbt_dev_staging.stg_emergency_contacts
16:42:08.198075 [debug]: Started rendering model dbt_dev_staging.stg_emergency_contacts
16:42:08.198116 [info ]: Finished loading project [  0.68s]
16:42:08.198769 [debug]: Compiled SQL for node model.raqib_sf.stg_emergency_contacts at target/.lsp/compiled/models/staging/stg_emergency_contacts.sql
16:42:08.198816 [debug]: Compiled SQL for node model.raqib_sf.stg_providers at target/.lsp/compiled/models/staging/stg_providers.sql
16:42:08.201842 [debug]: Finished rendering [  0.00s] model dbt_dev_staging.stg_emergency_contacts [success]
16:42:08.201895 [info ]: Started analyzing (2 nodes)
16:42:08.202522 [debug]: Started analyzing model dbt_dev_staging.stg_emergency_contacts
16:42:08.202569 [debug]: Finished rendering [  0.00s] model dbt_dev_staging.stg_providers [success]
16:42:08.202585 [info ]: Finished rendering [  0.00s] (2 nodes, 0 skipped, 0 errors)
16:42:08.202611 [debug]: Started analyzing model dbt_dev_staging.stg_providers
16:42:08.202949 [info ]:  Succeeded [  0.00s] model dbt_dev_staging.stg_emergency_contacts (ephemeral)
16:42:08.202995 [debug]: Finished analyzing [  0.00s] model dbt_dev_staging.stg_emergency_contacts [success]
16:42:08.206064 [info ]:  Succeeded [  0.01s] model dbt_dev_staging.stg_providers (ephemeral)
16:42:08.206144 [debug]: Finished analyzing [  0.00s] model dbt_dev_staging.stg_providers [success]
16:42:08.206164 [info ]: Finished analyzing [  0.00s] (2 nodes, 0 skipped, 0 errors)
16:42:08.214618 [info ]: Started scheduling
16:42:08.214715 [info ]: Finished scheduling [  0.00s]
16:42:08.218291 [info ]: Cached model count updated: 3 models (accurate)
16:42:44.283833 [info ]: Started loading project
16:42:44.284514 [info ]: Loading profiles.yml
16:42:44.323200 [info ]: Cached model count updated: 3 models (estimate)
16:42:44.323226 [info ]: Cached model count updated: 3 models (accurate)
16:42:44.323272 [info ]: Started scheduling
16:42:44.323348 [info ]: Finished scheduling [  0.00s]
16:42:44.323368 [debug]: Compilation - 0 nodes selected: {}
16:42:44.323388 [warn ]: dbt1600: The selection criterion '+fqn:model.raqib_sf.stg_admissions' does not match any enabled nodes
16:42:44.323409 [warn ]: dbt1601: Nothing to do. Try checking your model configs and model specification args
16:42:44.714501 [info ]: Started building task graph
16:42:44.714538 [info ]: Finished building task graph [  0.00s]
16:42:44.722646 [info ]: Started scheduling
16:42:44.722791 [info ]: Finished scheduling [  0.00s]
16:42:44.723267 [info ]: Finished loading project [  0.44s]
16:42:44.723849 [info ]: Cached model count updated: 3 models (accurate)
16:42:45.875016 [info ]: Started loading project
16:42:45.875657 [info ]: Loading profiles.yml
16:42:45.915723 [info ]: Cached model count updated: 3 models (estimate)
16:42:45.915749 [info ]: Cached model count updated: 3 models (accurate)
16:42:45.915796 [info ]: Started scheduling
16:42:45.915877 [info ]: Finished scheduling [  0.00s]
16:42:45.915930 [debug]: Compilation - 0 nodes selected: {}
16:42:45.915962 [warn ]: dbt1600: The selection criterion '+fqn:model.raqib_sf.stg_admissions+' does not match any enabled nodes
16:42:45.915973 [warn ]: dbt1601: Nothing to do. Try checking your model configs and model specification args
16:42:46.316399 [info ]: Started building task graph
16:42:46.316435 [info ]: Finished building task graph [  0.00s]
16:42:46.323694 [info ]: Started scheduling
16:42:46.323779 [info ]: Finished scheduling [  0.00s]
16:42:46.324187 [info ]: Finished loading project [  0.45s]
16:42:46.327148 [info ]: Cached model count updated: 3 models (accurate)
16:42:47.481594 [info ]: Started loading project
16:42:47.482185 [info ]: Loading profiles.yml
16:42:47.518689 [info ]: Cached model count updated: 3 models (estimate)
16:42:47.518719 [info ]: Cached model count updated: 3 models (accurate)
16:42:47.518758 [info ]: Started scheduling
16:42:47.518858 [info ]: Finished scheduling [  0.00s]
16:42:47.518878 [debug]: Compilation - 2 nodes selected: {"model.raqib_sf.stg_emergency_contacts", "model.raqib_sf.stg_providers"}
16:42:47.913126 [info ]: Started building task graph
16:42:47.913210 [info ]: Finished building task graph [  0.00s]
16:42:47.913362 [info ]: Started rendering (2 nodes)
16:42:47.913395 [info ]: Started model dbt_dev_staging.stg_providers
16:42:47.913413 [debug]: Started rendering model dbt_dev_staging.stg_providers
16:42:47.913444 [info ]: Started model dbt_dev_staging.stg_emergency_contacts
16:42:47.913457 [debug]: Started rendering model dbt_dev_staging.stg_emergency_contacts
16:42:47.913493 [info ]: Finished loading project [  0.43s]
16:42:47.914381 [debug]: Compiled SQL for node model.raqib_sf.stg_providers at target/.lsp/compiled/models/staging/stg_providers.sql
16:42:47.914443 [debug]: Compiled SQL for node model.raqib_sf.stg_emergency_contacts at target/.lsp/compiled/models/staging/stg_emergency_contacts.sql
16:42:47.914480 [debug]: Finished rendering [  0.00s] model dbt_dev_staging.stg_providers [success]
16:42:47.914540 [info ]: Started analyzing (2 nodes)
16:42:47.914592 [debug]: Started analyzing model dbt_dev_staging.stg_providers
16:42:47.914678 [debug]: Finished rendering [  0.00s] model dbt_dev_staging.stg_emergency_contacts [success]
16:42:47.914757 [info ]: Finished rendering [  0.00s] (2 nodes, 0 skipped, 0 errors)
16:42:47.914841 [debug]: Started analyzing model dbt_dev_staging.stg_emergency_contacts
16:42:47.915138 [info ]:  Succeeded [  0.00s] model dbt_dev_staging.stg_emergency_contacts (ephemeral)
16:42:47.915169 [debug]: Finished analyzing [  0.00s] model dbt_dev_staging.stg_emergency_contacts [success]
16:42:47.917856 [info ]:  Succeeded [  0.00s] model dbt_dev_staging.stg_providers (ephemeral)
16:42:47.917893 [debug]: Finished analyzing [  0.00s] model dbt_dev_staging.stg_providers [success]
16:42:47.917904 [info ]: Finished analyzing [  0.00s] (2 nodes, 0 skipped, 0 errors)
16:42:47.926080 [info ]: Started scheduling
16:42:47.926142 [info ]: Finished scheduling [  0.00s]
16:42:47.929990 [info ]: Cached model count updated: 3 models (accurate)
16:44:45.790032 [info ]: Started loading project
16:44:45.793193 [info ]: Loading profiles.yml
16:44:45.895413 [info ]: Cached model count updated: 3 models (estimate)
16:44:45.895440 [info ]: Cached model count updated: 3 models (accurate)
16:44:45.895490 [info ]: Started scheduling
16:44:45.895574 [info ]: Finished scheduling [  0.00s]
16:44:45.895594 [debug]: Compilation - 0 nodes selected: {}
16:44:45.895614 [warn ]: dbt1600: The selection criterion '+fqn:model.raqib_sf.stg_admissions' does not match any enabled nodes
16:44:45.895625 [warn ]: dbt1601: Nothing to do. Try checking your model configs and model specification args
16:44:46.404273 [info ]: Started building task graph
16:44:46.404312 [info ]: Finished building task graph [  0.00s]
16:44:46.412452 [info ]: Started scheduling
16:44:46.412525 [info ]: Finished scheduling [  0.00s]
16:44:46.412971 [info ]: Finished loading project [  0.62s]
16:44:46.413782 [info ]: Cached model count updated: 3 models (accurate)
16:44:47.558627 [info ]: Started loading project
16:44:47.559237 [info ]: Loading profiles.yml
16:44:47.598677 [info ]: Cached model count updated: 3 models (estimate)
16:44:47.598707 [info ]: Cached model count updated: 3 models (accurate)
16:44:47.598752 [info ]: Started scheduling
16:44:47.598832 [info ]: Finished scheduling [  0.00s]
16:44:47.598852 [debug]: Compilation - 0 nodes selected: {}
16:44:47.598875 [warn ]: dbt1600: The selection criterion '+fqn:model.raqib_sf.stg_admissions+' does not match any enabled nodes
16:44:47.598886 [warn ]: dbt1601: Nothing to do. Try checking your model configs and model specification args
16:44:48.031208 [info ]: Started building task graph
16:44:48.031252 [info ]: Finished building task graph [  0.00s]
16:44:48.038860 [info ]: Started scheduling
16:44:48.038923 [info ]: Finished scheduling [  0.00s]
16:44:48.039300 [info ]: Finished loading project [  0.48s]
16:44:48.042662 [info ]: Cached model count updated: 3 models (accurate)
16:44:49.189534 [info ]: Started loading project
16:44:49.190063 [info ]: Loading profiles.yml
16:44:49.231044 [info ]: Cached model count updated: 3 models (estimate)
16:44:49.231068 [info ]: Cached model count updated: 3 models (accurate)
16:44:49.231117 [info ]: Started scheduling
16:44:49.231225 [info ]: Finished scheduling [  0.00s]
16:44:49.231255 [debug]: Compilation - 2 nodes selected: {"model.raqib_sf.stg_emergency_contacts", "model.raqib_sf.stg_providers"}
16:44:49.664978 [info ]: Started building task graph
16:44:49.665056 [info ]: Finished building task graph [  0.00s]
16:44:49.665237 [info ]: Started rendering (2 nodes)
16:44:49.665266 [info ]: Started model dbt_dev_staging.stg_providers
16:44:49.665284 [debug]: Started rendering model dbt_dev_staging.stg_providers
16:44:49.665323 [info ]: Started model dbt_dev_staging.stg_emergency_contacts
16:44:49.665341 [debug]: Started rendering model dbt_dev_staging.stg_emergency_contacts
16:44:49.665357 [info ]: Finished loading project [  0.48s]
16:44:49.667740 [debug]: Compiled SQL for node model.raqib_sf.stg_emergency_contacts at target/.lsp/compiled/models/staging/stg_emergency_contacts.sql
16:44:49.667766 [debug]: Compiled SQL for node model.raqib_sf.stg_providers at target/.lsp/compiled/models/staging/stg_providers.sql
16:44:49.668159 [debug]: Finished rendering [  0.00s] model dbt_dev_staging.stg_emergency_contacts [success]
16:44:49.668198 [info ]: Started analyzing (2 nodes)
16:44:49.668209 [debug]: Started analyzing model dbt_dev_staging.stg_emergency_contacts
16:44:49.668241 [debug]: Finished rendering [  0.00s] model dbt_dev_staging.stg_providers [success]
16:44:49.668255 [info ]: Finished rendering [  0.00s] (2 nodes, 0 skipped, 0 errors)
16:44:49.668275 [debug]: Started analyzing model dbt_dev_staging.stg_providers
16:44:49.668813 [info ]:  Succeeded [  0.00s] model dbt_dev_staging.stg_emergency_contacts (ephemeral)
16:44:49.668845 [debug]: Finished analyzing [  0.00s] model dbt_dev_staging.stg_emergency_contacts [success]
16:44:49.671506 [info ]:  Succeeded [  0.01s] model dbt_dev_staging.stg_providers (ephemeral)
16:44:49.671538 [debug]: Finished analyzing [  0.00s] model dbt_dev_staging.stg_providers [success]
16:44:49.671548 [info ]: Finished analyzing [  0.00s] (2 nodes, 0 skipped, 0 errors)
16:44:49.678597 [info ]: Started scheduling
16:44:49.678772 [info ]: Finished scheduling [  0.00s]
16:44:49.682079 [info ]: Cached model count updated: 3 models (accurate)
16:44:52.034173 [info ]: Started loading project
16:44:52.034981 [info ]: Loading profiles.yml
16:44:52.096096 [info ]: Cached model count updated: 3 models (estimate)
16:44:52.096145 [info ]: Cached model count updated: 3 models (accurate)
16:44:52.096218 [info ]: Started scheduling
16:44:52.096341 [info ]: Finished scheduling [  0.00s]
16:44:52.096373 [debug]: Compilation - 0 nodes selected: {}
16:44:52.096404 [warn ]: dbt1600: The selection criterion '+fqn:model.raqib_sf.stg_admissions' does not match any enabled nodes
16:44:52.096426 [warn ]: dbt1601: Nothing to do. Try checking your model configs and model specification args
16:44:52.572400 [info ]: Started building task graph
16:44:52.572436 [info ]: Finished building task graph [  0.00s]
16:44:52.581273 [info ]: Started scheduling
16:44:52.581339 [info ]: Finished scheduling [  0.00s]
16:44:52.581760 [info ]: Finished loading project [  0.55s]
16:44:52.582296 [info ]: Cached model count updated: 3 models (accurate)
16:44:53.721335 [info ]: Started loading project
16:44:53.721893 [info ]: Loading profiles.yml
16:44:53.758959 [info ]: Cached model count updated: 3 models (estimate)
16:44:53.758987 [info ]: Cached model count updated: 3 models (accurate)
16:44:53.759044 [info ]: Started scheduling
16:44:53.759124 [info ]: Finished scheduling [  0.00s]
16:44:53.759146 [debug]: Compilation - 0 nodes selected: {}
16:44:53.759168 [warn ]: dbt1600: The selection criterion '+fqn:model.raqib_sf.stg_admissions+' does not match any enabled nodes
16:44:53.759183 [warn ]: dbt1601: Nothing to do. Try checking your model configs and model specification args
16:44:54.170848 [info ]: Started building task graph
16:44:54.170884 [info ]: Finished building task graph [  0.00s]
16:44:54.179404 [info ]: Started scheduling
16:44:54.179468 [info ]: Finished scheduling [  0.00s]
16:44:54.180001 [info ]: Finished loading project [  0.46s]
16:44:54.183747 [info ]: Cached model count updated: 3 models (accurate)
16:44:55.330188 [info ]: Started loading project
16:44:55.332972 [info ]: Loading profiles.yml
16:44:55.381852 [info ]: Cached model count updated: 3 models (estimate)
16:44:55.381892 [info ]: Cached model count updated: 3 models (accurate)
16:44:55.381951 [info ]: Started scheduling
16:44:55.382096 [info ]: Finished scheduling [  0.00s]
16:44:55.382124 [debug]: Compilation - 2 nodes selected: {"model.raqib_sf.stg_emergency_contacts", "model.raqib_sf.stg_providers"}
16:44:55.954804 [info ]: Started building task graph
16:44:55.954890 [info ]: Finished building task graph [  0.00s]
16:44:55.955172 [info ]: Started rendering (2 nodes)
16:44:55.955234 [info ]: Started model dbt_dev_staging.stg_providers
16:44:55.955267 [debug]: Started rendering model dbt_dev_staging.stg_providers
16:44:55.955369 [info ]: Finished loading project [  0.63s]
16:44:55.955354 [info ]: Started model dbt_dev_staging.stg_emergency_contacts
16:44:55.955397 [debug]: Started rendering model dbt_dev_staging.stg_emergency_contacts
16:44:55.955852 [debug]: Compiled SQL for node model.raqib_sf.stg_emergency_contacts at target/.lsp/compiled/models/staging/stg_emergency_contacts.sql
16:44:55.956023 [debug]: Compiled SQL for node model.raqib_sf.stg_providers at target/.lsp/compiled/models/staging/stg_providers.sql
16:44:55.956042 [debug]: Finished rendering [  0.00s] model dbt_dev_staging.stg_emergency_contacts [success]
16:44:55.956972 [info ]: Started analyzing (2 nodes)
16:44:55.957112 [debug]: Started analyzing model dbt_dev_staging.stg_emergency_contacts
16:44:55.957177 [debug]: Finished rendering [  0.00s] model dbt_dev_staging.stg_providers [success]
16:44:55.957200 [info ]: Finished rendering [  0.00s] (2 nodes, 0 skipped, 0 errors)
16:44:55.957231 [debug]: Started analyzing model dbt_dev_staging.stg_providers
16:44:55.957656 [info ]:  Succeeded [-------] model dbt_dev_staging.stg_emergency_contacts (ephemeral)
16:44:55.957703 [debug]: Finished analyzing [  0.00s] model dbt_dev_staging.stg_emergency_contacts [success]
16:44:55.960914 [info ]:  Succeeded [  0.00s] model dbt_dev_staging.stg_providers (ephemeral)
16:44:55.960953 [debug]: Finished analyzing [  0.00s] model dbt_dev_staging.stg_providers [success]
16:44:55.960964 [info ]: Finished analyzing [  0.00s] (2 nodes, 0 skipped, 0 errors)
16:44:55.970012 [info ]: Started scheduling
16:44:55.970113 [info ]: Finished scheduling [  0.00s]
16:44:55.974241 [info ]: Cached model count updated: 3 models (accurate)
17:08:03.982117 [info ]: Started loading project
17:08:03.982855 [info ]: Loading profiles.yml
17:08:03.991356 [info ]: Started loading project
17:08:03.991984 [info ]: Loading profiles.yml
17:08:03.992036 [info ]: Finished loading project [  0.01s]
17:08:04.507810 [debug]:    Started loading packages
17:08:04.509908 [debug]:     Loaded [  0.00s] packages
17:08:04.511205 [info ]: Started parsing
17:08:04.574404 [info ]: Finished loading project [  0.58s]
17:08:04.576733 [debug]: Finished parsing models/schema.yml [  0.00s]
17:08:04.577464 [debug]: Finished parsing models/sources.yml [  0.00s]
17:08:04.582421 [debug]: Finished parsing models/staging/stg_admissions.sql [  0.00s]
17:08:04.582965 [debug]: Finished parsing models/staging/stg_diagnosis.sql [  0.00s]
17:08:04.583804 [debug]: Finished parsing models/staging/stg_emergency_contacts.sql [  0.00s]
17:08:04.587122 [warn ]: dbt1005: Unused schema.yml entry for model 'emergency_contacts'
  --> models/schema.yml
17:08:04.587158 [warn ]: dbt1005: Unused schema.yml entry for model 'providers'
  --> models/schema.yml
17:08:04.587164 [debug]: Finished parsing models/staging/stg_providers.sql [  0.00s]
17:08:04.592705 [info ]: Finished parsing [  0.08s]
17:08:04.593044 [info ]: Cached model count updated: 4 models (estimate)
17:08:04.593064 [info ]: Cached model count updated: 4 models (accurate)
17:08:04.593102 [info ]: Started scheduling
17:08:04.593153 [info ]: Finished scheduling [  0.00s]
17:08:04.593166 [debug]: Compilation - 0 nodes selected: {}
17:08:04.593182 [warn ]: dbt1600: The selection criterion '' does not match any enabled nodes
17:08:04.593198 [warn ]: dbt1601: Nothing to do. Try checking your model configs and model specification args
17:08:04.593208 [info ]: Started scheduling
17:08:04.593286 [info ]: Finished scheduling [  0.00s]
17:08:04.593408 [debug]: Initializing schema store with entry: Frontier(CanonicalFqn { catalog: "RAW", schema: "PUBLIC", table: "EMERGENCY_CONTACTS" }) and interval: None
17:08:04.593432 [debug]: Initializing schema store with entry: Frontier(CanonicalFqn { catalog: "RAW", schema: "PUBLIC", table: "PROVIDERS" }) and interval: None
17:08:04.980972 [info ]: Started building task graph
17:08:04.981007 [info ]: Finished building task graph [  0.00s]
17:08:04.988429 [info ]: Started scheduling
17:08:04.988504 [info ]: Finished scheduling [  0.00s]
17:08:05.000763 [info ]: Cached model count updated: 4 models (accurate)
17:08:06.151277 [info ]: Started loading project
17:08:06.151844 [info ]: Loading profiles.yml
17:08:06.199341 [info ]: Cached model count updated: 4 models (estimate)
17:08:06.199367 [info ]: Cached model count updated: 4 models (accurate)
17:08:06.199407 [info ]: Started scheduling
17:08:06.199504 [info ]: Finished scheduling [  0.00s]
17:08:06.199523 [debug]: Compilation - 2 nodes selected: {"model.raqib_sf.stg_emergency_contacts", "model.raqib_sf.stg_providers"}
17:08:06.596731 [info ]: Started building task graph
17:08:06.596896 [info ]: Finished building task graph [  0.00s]
17:08:06.597055 [info ]: Started rendering (2 nodes)
17:08:06.597080 [info ]: Started model dbt_dev_staging.stg_providers
17:08:06.597097 [debug]: Started rendering model dbt_dev_staging.stg_providers
17:08:06.597134 [info ]: Started model dbt_dev_staging.stg_emergency_contacts
17:08:06.597149 [debug]: Started rendering model dbt_dev_staging.stg_emergency_contacts
17:08:06.597169 [info ]: Finished loading project [  0.45s]
17:08:06.598788 [debug]: Compiled SQL for node model.raqib_sf.stg_emergency_contacts at target/.lsp/compiled/models/staging/stg_emergency_contacts.sql
17:08:06.598851 [debug]: Compiled SQL for node model.raqib_sf.stg_providers at target/.lsp/compiled/models/staging/stg_providers.sql
17:08:06.598934 [debug]: Finished rendering [  0.00s] model dbt_dev_staging.stg_emergency_contacts [success]
17:08:06.598981 [info ]: Started analyzing (2 nodes)
17:08:06.598998 [debug]: Started analyzing model dbt_dev_staging.stg_emergency_contacts
17:08:06.599036 [debug]: Finished rendering [  0.00s] model dbt_dev_staging.stg_providers [success]
17:08:06.599052 [info ]: Finished rendering [  0.00s] (2 nodes, 0 skipped, 0 errors)
17:08:06.599067 [debug]: Started analyzing model dbt_dev_staging.stg_providers
17:08:06.601007 [info ]:  Succeeded [  0.00s] model dbt_dev_staging.stg_emergency_contacts (ephemeral)
17:08:06.601041 [debug]: Finished analyzing [  0.00s] model dbt_dev_staging.stg_emergency_contacts [success]
17:08:06.602503 [info ]:  Succeeded [  0.00s] model dbt_dev_staging.stg_providers (ephemeral)
17:08:06.602539 [debug]: Finished analyzing [  0.00s] model dbt_dev_staging.stg_providers [success]
17:08:06.602550 [info ]: Finished analyzing [  0.00s] (2 nodes, 0 skipped, 0 errors)
17:08:06.611535 [info ]: Started scheduling
17:08:06.611604 [info ]: Finished scheduling [  0.00s]
17:08:06.616054 [info ]: Cached model count updated: 4 models (accurate)
17:08:26.676865 [info ]: Started loading project
17:08:26.678432 [info ]: Loading profiles.yml
17:08:26.687762 [info ]: Started parsing
17:08:26.724997 [info ]: Finished loading project [  0.05s]
17:08:26.730257 [debug]: Finished parsing models/staging/stg_diagnosis.sql [  0.00s]
17:08:26.732401 [info ]: Finished parsing [  0.04s]
17:08:26.737123 [info ]: Cached model count updated: 4 models (estimate)
17:08:26.737144 [info ]: Cached model count updated: 4 models (accurate)
17:08:26.737209 [info ]: Started scheduling
17:08:26.737395 [info ]: Finished scheduling [  0.00s]
17:08:26.737424 [debug]: Compilation - 1 nodes selected: {"model.raqib_sf.stg_diagnosis"}
17:08:27.141281 [info ]: Started building task graph
17:08:27.141346 [info ]: Finished building task graph [  0.00s]
17:08:27.141504 [info ]: Started rendering (1 nodes)
17:08:27.141537 [info ]: Started model dbt_dev_staging.stg_diagnosis
17:08:27.141555 [debug]: Started rendering model dbt_dev_staging.stg_diagnosis
17:08:27.142843 [debug]: Compiled SQL for node model.raqib_sf.stg_diagnosis at target/.lsp/compiled/models/staging/stg_diagnosis.sql
17:08:27.143437 [debug]: Finished rendering [  0.00s] model dbt_dev_staging.stg_diagnosis [success]
17:08:27.143459 [info ]: Finished rendering [  0.00s] (1 nodes, 0 skipped, 0 errors)
17:08:27.143493 [info ]: Started analyzing (1 nodes)
17:08:27.143521 [debug]: Started analyzing model dbt_dev_staging.stg_diagnosis
17:08:27.220867 [info ]:  Succeeded [  0.08s] model dbt_dev_staging.stg_diagnosis (ephemeral)
17:08:27.220917 [debug]: Finished analyzing [  0.08s] model dbt_dev_staging.stg_diagnosis [success]
17:08:27.220932 [info ]: Finished analyzing [  0.08s] (1 nodes, 0 skipped, 0 errors)
17:08:27.229154 [info ]: Started scheduling
17:08:27.229272 [info ]: Finished scheduling [  0.00s]
17:08:27.231458 [info ]: Cached model count updated: 4 models (accurate)
17:08:28.419497 [info ]: Started loading project
17:08:28.420374 [info ]: Loading profiles.yml
17:08:28.460319 [info ]: Cached model count updated: 4 models (estimate)
17:08:28.460347 [info ]: Cached model count updated: 4 models (accurate)
17:08:28.460425 [info ]: Started scheduling
17:08:28.460559 [info ]: Finished scheduling [  0.00s]
17:08:28.460616 [debug]: Compilation - 1 nodes selected: {"model.raqib_sf.stg_diagnosis"}
17:08:28.882367 [info ]: Started building task graph
17:08:28.882429 [info ]: Finished building task graph [  0.00s]
17:08:28.882589 [info ]: Started rendering (1 nodes)
17:08:28.882614 [info ]: Started model dbt_dev_staging.stg_diagnosis
17:08:28.882631 [debug]: Started rendering model dbt_dev_staging.stg_diagnosis
17:08:28.882685 [info ]: Finished loading project [  0.46s]
17:08:28.883246 [debug]: Compiled SQL for node model.raqib_sf.stg_diagnosis at target/.lsp/compiled/models/staging/stg_diagnosis.sql
17:08:28.883393 [debug]: Finished rendering [  0.00s] model dbt_dev_staging.stg_diagnosis [success]
17:08:28.883450 [info ]: Finished rendering [  0.00s] (1 nodes, 0 skipped, 0 errors)
17:08:28.883509 [info ]: Started analyzing (1 nodes)
17:08:28.883526 [debug]: Started analyzing model dbt_dev_staging.stg_diagnosis
17:08:28.900586 [info ]:  Succeeded [  0.02s] model dbt_dev_staging.stg_diagnosis (ephemeral)
17:08:28.900631 [debug]: Finished analyzing [  0.02s] model dbt_dev_staging.stg_diagnosis [success]
17:08:28.900643 [info ]: Finished analyzing [  0.02s] (1 nodes, 0 skipped, 0 errors)
17:08:28.908817 [info ]: Started scheduling
17:08:28.908934 [info ]: Finished scheduling [  0.00s]
17:08:28.912913 [info ]: Cached model count updated: 4 models (accurate)
17:08:30.060128 [info ]: Started loading project
17:08:30.060745 [info ]: Loading profiles.yml
17:08:30.098927 [info ]: Cached model count updated: 4 models (estimate)
17:08:30.098956 [info ]: Cached model count updated: 4 models (accurate)
17:08:30.098997 [info ]: Started scheduling
17:08:30.099111 [info ]: Finished scheduling [  0.00s]
17:08:30.099132 [debug]: Compilation - 3 nodes selected: {"model.raqib_sf.stg_diagnosis", "model.raqib_sf.stg_emergency_contacts", "model.raqib_sf.stg_providers"}
17:08:30.677034 [info ]: Started building task graph
17:08:30.677185 [info ]: Finished building task graph [  0.00s]
17:08:30.677460 [info ]: Started rendering (3 nodes)
17:08:30.677498 [info ]: Started model dbt_dev_staging.stg_providers
17:08:30.677525 [debug]: Started rendering model dbt_dev_staging.stg_providers
17:08:30.677571 [info ]: Started model dbt_dev_staging.stg_emergency_contacts
17:08:30.677593 [debug]: Started rendering model dbt_dev_staging.stg_emergency_contacts
17:08:30.677625 [info ]: Started model dbt_dev_staging.stg_diagnosis
17:08:30.677649 [debug]: Started rendering model dbt_dev_staging.stg_diagnosis
17:08:30.677709 [info ]: Finished loading project [  0.62s]
17:08:30.678453 [debug]: Compiled SQL for node model.raqib_sf.stg_providers at target/.lsp/compiled/models/staging/stg_providers.sql
17:08:30.678560 [debug]: Finished rendering [  0.00s] model dbt_dev_staging.stg_providers [success]
17:08:30.678611 [info ]: Started analyzing (3 nodes)
17:08:30.678649 [debug]: Started analyzing model dbt_dev_staging.stg_providers
17:08:30.686307 [info ]:  Succeeded [  0.01s] model dbt_dev_staging.stg_providers (ephemeral)
17:08:30.686389 [debug]: Finished analyzing [  0.01s] model dbt_dev_staging.stg_providers [success]
17:08:30.688188 [debug]: Compiled SQL for node model.raqib_sf.stg_diagnosis at target/.lsp/compiled/models/staging/stg_diagnosis.sql
17:08:30.688425 [debug]: Compiled SQL for node model.raqib_sf.stg_emergency_contacts at target/.lsp/compiled/models/staging/stg_emergency_contacts.sql
17:08:30.688554 [debug]: Finished rendering [  0.01s] model dbt_dev_staging.stg_diagnosis [success]
17:08:30.688627 [debug]: Started analyzing model dbt_dev_staging.stg_diagnosis
17:08:30.688667 [debug]: Finished rendering [  0.01s] model dbt_dev_staging.stg_emergency_contacts [success]
17:08:30.688682 [info ]: Finished rendering [  0.01s] (3 nodes, 0 skipped, 0 errors)
17:08:30.688700 [debug]: Started analyzing model dbt_dev_staging.stg_emergency_contacts
17:08:30.689227 [info ]:  Succeeded [  0.01s] model dbt_dev_staging.stg_emergency_contacts (ephemeral)
17:08:30.689281 [debug]: Finished analyzing [  0.00s] model dbt_dev_staging.stg_emergency_contacts [success]
17:08:30.718733 [info ]:  Succeeded [  0.04s] model dbt_dev_staging.stg_diagnosis (ephemeral)
17:08:30.718805 [debug]: Finished analyzing [  0.03s] model dbt_dev_staging.stg_diagnosis [success]
17:08:30.718825 [info ]: Finished analyzing [  0.04s] (3 nodes, 0 skipped, 0 errors)
17:08:30.757827 [info ]: Started scheduling
17:08:30.757956 [info ]: Finished scheduling [  0.00s]
17:08:30.762873 [info ]: Cached model count updated: 4 models (accurate)
17:09:10.931738 [info ]: Started loading project
17:09:10.932337 [info ]: Loading profiles.yml
17:09:10.938693 [info ]: Started parsing
17:09:10.975525 [info ]: Finished loading project [  0.04s]
17:09:10.977145 [debug]: Finished parsing models/schema.yml [  0.00s]
17:09:10.982291 [debug]: Finished parsing models/staging/stg_diagnosis.sql [  0.00s]
17:09:10.983319 [debug]: Finished parsing models/staging/stg_emergency_contacts.sql [  0.00s]
17:09:10.987849 [debug]: Finished parsing models/staging/stg_providers.sql [  0.00s]
17:09:10.990034 [info ]: Finished parsing [  0.05s]
17:09:10.992301 [info ]: Cached model count updated: 4 models (estimate)
17:09:10.992319 [info ]: Cached model count updated: 4 models (accurate)
17:09:10.992356 [info ]: Started scheduling
17:09:10.992408 [info ]: Finished scheduling [  0.00s]
17:09:10.992422 [debug]: Compilation - 0 nodes selected: {}
17:09:10.992436 [warn ]: dbt1600: The selection criterion '' does not match any enabled nodes
17:09:10.992447 [warn ]: dbt1601: Nothing to do. Try checking your model configs and model specification args
17:09:11.390807 [info ]: Started building task graph
17:09:11.390844 [info ]: Finished building task graph [  0.00s]
17:09:11.398540 [info ]: Started scheduling
17:09:11.398615 [info ]: Finished scheduling [  0.00s]
17:09:11.401189 [info ]: Cached model count updated: 4 models (accurate)
17:09:12.559072 [info ]: Started loading project
17:09:12.559692 [info ]: Loading profiles.yml
17:09:12.601137 [info ]: Cached model count updated: 4 models (estimate)
17:09:12.601163 [info ]: Cached model count updated: 4 models (accurate)
17:09:12.601205 [info ]: Started scheduling
17:09:12.601262 [info ]: Finished scheduling [  0.00s]
17:09:12.601281 [debug]: Compilation - 0 nodes selected: {}
17:09:12.601297 [warn ]: dbt1600: The selection criterion '' does not match any enabled nodes
17:09:12.601309 [warn ]: dbt1601: Nothing to do. Try checking your model configs and model specification args
17:09:12.977444 [info ]: Started building task graph
17:09:12.977493 [info ]: Finished building task graph [  0.00s]
17:09:12.985125 [info ]: Started scheduling
17:09:12.985196 [info ]: Finished scheduling [  0.00s]
17:09:12.985676 [info ]: Finished loading project [  0.43s]
17:09:12.989091 [info ]: Cached model count updated: 4 models (accurate)
17:09:14.250977 [info ]: Started loading project
17:09:14.251500 [info ]: Loading profiles.yml
17:09:14.300056 [info ]: Cached model count updated: 4 models (estimate)
17:09:14.300082 [info ]: Cached model count updated: 4 models (accurate)
17:09:14.300122 [info ]: Started scheduling
17:09:14.300232 [info ]: Finished scheduling [  0.00s]
17:09:14.300253 [debug]: Compilation - 3 nodes selected: {"model.raqib_sf.stg_diagnosis", "model.raqib_sf.stg_emergency_contacts", "model.raqib_sf.stg_providers"}
17:09:14.700465 [info ]: Started building task graph
17:09:14.700546 [info ]: Finished building task graph [  0.00s]
17:09:14.700705 [info ]: Started rendering (3 nodes)
17:09:14.700727 [info ]: Started model dbt_dev_staging.stg_providers
17:09:14.700744 [debug]: Started rendering model dbt_dev_staging.stg_providers
17:09:14.700787 [info ]: Started model dbt_dev_staging.stg_emergency_contacts
17:09:14.700802 [debug]: Started rendering model dbt_dev_staging.stg_emergency_contacts
17:09:14.700821 [info ]: Started model dbt_dev_staging.stg_diagnosis
17:09:14.700821 [info ]: Finished loading project [  0.45s]
17:09:14.700834 [debug]: Started rendering model dbt_dev_staging.stg_diagnosis
17:09:14.703277 [debug]: Compiled SQL for node model.raqib_sf.stg_providers at target/.lsp/compiled/models/staging/stg_providers.sql
17:09:14.703280 [debug]: Compiled SQL for node model.raqib_sf.stg_diagnosis at target/.lsp/compiled/models/staging/stg_diagnosis.sql
17:09:14.703294 [debug]: Compiled SQL for node model.raqib_sf.stg_emergency_contacts at target/.lsp/compiled/models/staging/stg_emergency_contacts.sql
17:09:14.703383 [debug]: Finished rendering [  0.00s] model dbt_dev_staging.stg_emergency_contacts [success]
17:09:14.703462 [info ]: Started analyzing (3 nodes)
17:09:14.703516 [debug]: Started analyzing model dbt_dev_staging.stg_emergency_contacts
17:09:14.703565 [debug]: Finished rendering [  0.00s] model dbt_dev_staging.stg_diagnosis [success]
17:09:14.703632 [debug]: Started analyzing model dbt_dev_staging.stg_diagnosis
17:09:14.703708 [debug]: Finished rendering [  0.00s] model dbt_dev_staging.stg_providers [success]
17:09:14.703728 [info ]: Finished rendering [  0.00s] (3 nodes, 0 skipped, 0 errors)
17:09:14.703753 [debug]: Started analyzing model dbt_dev_staging.stg_providers
17:09:14.704062 [info ]:  Succeeded [  0.00s] model dbt_dev_staging.stg_emergency_contacts (ephemeral)
17:09:14.704095 [debug]: Finished analyzing [  0.00s] model dbt_dev_staging.stg_emergency_contacts [success]
17:09:14.707073 [info ]:  Succeeded [  0.01s] model dbt_dev_staging.stg_providers (ephemeral)
17:09:14.707120 [debug]: Finished analyzing [  0.00s] model dbt_dev_staging.stg_providers [success]
17:09:14.719607 [info ]:  Succeeded [  0.02s] model dbt_dev_staging.stg_diagnosis (ephemeral)
17:09:14.719647 [debug]: Finished analyzing [  0.02s] model dbt_dev_staging.stg_diagnosis [success]
17:09:14.719658 [info ]: Finished analyzing [  0.02s] (3 nodes, 0 skipped, 0 errors)
17:09:14.727360 [info ]: Started scheduling
17:09:14.727421 [info ]: Finished scheduling [  0.00s]
17:09:14.730725 [info ]: Cached model count updated: 4 models (accurate)
17:09:33.485275 [info ]: Started loading project
17:09:33.485951 [info ]: Loading profiles.yml
17:09:33.491457 [info ]: Started parsing
17:09:33.524472 [info ]: Finished loading project [  0.04s]
17:09:33.526325 [debug]: Finished parsing models/schema.yml [  0.00s]
17:09:33.529746 [debug]: Finished parsing models/staging/stg_diagnosis.sql [  0.00s]
17:09:33.530820 [debug]: Finished parsing models/staging/stg_emergency_contacts.sql [  0.00s]
17:09:33.535288 [debug]: Finished parsing models/staging/stg_providers.sql [  0.00s]
17:09:33.537516 [info ]: Finished parsing [  0.05s]
17:09:33.539910 [info ]: Cached model count updated: 4 models (estimate)
17:09:33.539929 [info ]: Cached model count updated: 4 models (accurate)
17:09:33.539965 [info ]: Started scheduling
17:09:33.540014 [info ]: Finished scheduling [  0.00s]
17:09:33.540030 [debug]: Compilation - 0 nodes selected: {}
17:09:33.540045 [warn ]: dbt1600: The selection criterion '' does not match any enabled nodes
17:09:33.540055 [warn ]: dbt1601: Nothing to do. Try checking your model configs and model specification args
17:09:33.919523 [info ]: Started building task graph
17:09:33.919560 [info ]: Finished building task graph [  0.00s]
17:09:33.927261 [info ]: Started scheduling
17:09:33.927340 [info ]: Finished scheduling [  0.00s]
17:09:33.929367 [info ]: Cached model count updated: 4 models (accurate)
17:09:35.090687 [info ]: Started loading project
17:09:35.091152 [info ]: Loading profiles.yml
17:09:35.135124 [info ]: Cached model count updated: 4 models (estimate)
17:09:35.135148 [info ]: Cached model count updated: 4 models (accurate)
17:09:35.135189 [info ]: Started scheduling
17:09:35.135246 [info ]: Finished scheduling [  0.00s]
17:09:35.135266 [debug]: Compilation - 0 nodes selected: {}
17:09:35.135281 [warn ]: dbt1600: The selection criterion '' does not match any enabled nodes
17:09:35.135292 [warn ]: dbt1601: Nothing to do. Try checking your model configs and model specification args
17:09:35.550114 [info ]: Started building task graph
17:09:35.550150 [info ]: Finished building task graph [  0.00s]
17:09:35.558581 [info ]: Started scheduling
17:09:35.558648 [info ]: Finished scheduling [  0.00s]
17:09:35.559063 [info ]: Finished loading project [  0.47s]
17:09:35.562888 [info ]: Cached model count updated: 4 models (accurate)
17:09:36.777902 [info ]: Started loading project
17:09:36.778625 [info ]: Loading profiles.yml
17:09:36.815768 [info ]: Cached model count updated: 4 models (estimate)
17:09:36.815817 [info ]: Cached model count updated: 4 models (accurate)
17:09:36.815900 [info ]: Started scheduling
17:09:36.816013 [info ]: Finished scheduling [  0.00s]
17:09:36.816037 [debug]: Compilation - 3 nodes selected: {"model.raqib_sf.stg_diagnosis", "model.raqib_sf.stg_emergency_contacts", "model.raqib_sf.stg_providers"}
17:09:37.232859 [info ]: Started building task graph
17:09:37.232941 [info ]: Finished building task graph [  0.00s]
17:09:37.233104 [info ]: Started rendering (3 nodes)
17:09:37.233127 [info ]: Started model dbt_dev_staging.stg_providers
17:09:37.233144 [debug]: Started rendering model dbt_dev_staging.stg_providers
17:09:37.233189 [info ]: Started model dbt_dev_staging.stg_emergency_contacts
17:09:37.233212 [debug]: Started rendering model dbt_dev_staging.stg_emergency_contacts
17:09:37.233240 [info ]: Started model dbt_dev_staging.stg_diagnosis
17:09:37.233250 [debug]: Started rendering model dbt_dev_staging.stg_diagnosis
17:09:37.233246 [info ]: Finished loading project [  0.46s]
17:09:37.235008 [debug]: Compiled SQL for node model.raqib_sf.stg_diagnosis at target/.lsp/compiled/models/staging/stg_diagnosis.sql
17:09:37.235168 [debug]: Compiled SQL for node model.raqib_sf.stg_emergency_contacts at target/.lsp/compiled/models/staging/stg_emergency_contacts.sql
17:09:37.235212 [debug]: Compiled SQL for node model.raqib_sf.stg_providers at target/.lsp/compiled/models/staging/stg_providers.sql
17:09:37.235264 [debug]: Finished rendering [  0.00s] model dbt_dev_staging.stg_diagnosis [success]
17:09:37.235310 [info ]: Started analyzing (3 nodes)
17:09:37.235329 [debug]: Started analyzing model dbt_dev_staging.stg_diagnosis
17:09:37.235457 [debug]: Finished rendering [  0.00s] model dbt_dev_staging.stg_emergency_contacts [success]
17:09:37.235497 [debug]: Started analyzing model dbt_dev_staging.stg_emergency_contacts
17:09:37.235548 [debug]: Finished rendering [  0.00s] model dbt_dev_staging.stg_providers [success]
17:09:37.235568 [info ]: Finished rendering [  0.00s] (3 nodes, 0 skipped, 0 errors)
17:09:37.235594 [debug]: Started analyzing model dbt_dev_staging.stg_providers
17:09:37.235932 [info ]:  Succeeded [  0.00s] model dbt_dev_staging.stg_emergency_contacts (ephemeral)
17:09:37.235967 [debug]: Finished analyzing [  0.00s] model dbt_dev_staging.stg_emergency_contacts [success]
17:09:37.238671 [info ]:  Succeeded [  0.01s] model dbt_dev_staging.stg_providers (ephemeral)
17:09:37.238712 [debug]: Finished analyzing [  0.00s] model dbt_dev_staging.stg_providers [success]
17:09:37.251898 [info ]:  Succeeded [  0.02s] model dbt_dev_staging.stg_diagnosis (ephemeral)
17:09:37.251949 [debug]: Finished analyzing [  0.02s] model dbt_dev_staging.stg_diagnosis [success]
17:09:37.251962 [info ]: Finished analyzing [  0.02s] (3 nodes, 0 skipped, 0 errors)
17:09:37.260960 [info ]: Started scheduling
17:09:37.261025 [info ]: Finished scheduling [  0.00s]
17:09:37.265358 [info ]: Cached model count updated: 4 models (accurate)
17:11:09.281134 [info ]: Started loading project
17:11:09.282167 [info ]: Loading profiles.yml
17:11:09.343503 [info ]: Cached model count updated: 4 models (estimate)
17:11:09.343531 [info ]: Cached model count updated: 4 models (accurate)
17:11:09.343582 [info ]: Started scheduling
17:11:09.343672 [info ]: Finished scheduling [  0.00s]
17:11:09.343709 [debug]: Compilation - 0 nodes selected: {}
17:11:09.343768 [warn ]: dbt1600: The selection criterion '+fqn:model.raqib_sf.stg_admissions' does not match any enabled nodes
17:11:09.343788 [warn ]: dbt1601: Nothing to do. Try checking your model configs and model specification args
17:11:09.898523 [info ]: Started building task graph
17:11:09.898557 [info ]: Finished building task graph [  0.00s]
17:11:09.906795 [info ]: Started scheduling
17:11:09.906857 [info ]: Finished scheduling [  0.00s]
17:11:09.907249 [info ]: Finished loading project [  0.63s]
17:11:09.908523 [info ]: Cached model count updated: 4 models (accurate)
17:11:11.059082 [info ]: Started loading project
17:11:11.059975 [info ]: Loading profiles.yml
17:11:11.101122 [info ]: Cached model count updated: 4 models (estimate)
17:11:11.101150 [info ]: Cached model count updated: 4 models (accurate)
17:11:11.101196 [info ]: Started scheduling
17:11:11.101303 [info ]: Finished scheduling [  0.00s]
17:11:11.101321 [debug]: Compilation - 0 nodes selected: {}
17:11:11.101341 [warn ]: dbt1600: The selection criterion '+fqn:model.raqib_sf.stg_admissions+' does not match any enabled nodes
17:11:11.101353 [warn ]: dbt1601: Nothing to do. Try checking your model configs and model specification args
17:11:11.480600 [info ]: Started building task graph
17:11:11.480635 [info ]: Finished building task graph [  0.00s]
17:11:11.487800 [info ]: Started scheduling
17:11:11.487875 [info ]: Finished scheduling [  0.00s]
17:11:11.488271 [info ]: Finished loading project [  0.43s]
17:11:11.491347 [info ]: Cached model count updated: 4 models (accurate)
17:11:12.649132 [info ]: Started loading project
17:11:12.649615 [info ]: Loading profiles.yml
17:11:12.701155 [info ]: Cached model count updated: 4 models (estimate)
17:11:12.701183 [info ]: Cached model count updated: 4 models (accurate)
17:11:12.701252 [info ]: Started scheduling
17:11:12.701374 [info ]: Finished scheduling [  0.00s]
17:11:12.701399 [debug]: Compilation - 3 nodes selected: {"model.raqib_sf.stg_diagnosis", "model.raqib_sf.stg_emergency_contacts", "model.raqib_sf.stg_providers"}
17:11:13.139097 [info ]: Started building task graph
17:11:13.139187 [info ]: Finished building task graph [  0.00s]
17:11:13.139362 [info ]: Started rendering (3 nodes)
17:11:13.139395 [info ]: Started model dbt_dev_staging.stg_providers
17:11:13.139413 [debug]: Started rendering model dbt_dev_staging.stg_providers
17:11:13.139445 [info ]: Started model dbt_dev_staging.stg_emergency_contacts
17:11:13.139461 [debug]: Started rendering model dbt_dev_staging.stg_emergency_contacts
17:11:13.139477 [info ]: Finished loading project [  0.49s]
17:11:13.139488 [info ]: Started model dbt_dev_staging.stg_diagnosis
17:11:13.139525 [debug]: Started rendering model dbt_dev_staging.stg_diagnosis
17:11:13.140206 [debug]: Compiled SQL for node model.raqib_sf.stg_diagnosis at target/.lsp/compiled/models/staging/stg_diagnosis.sql
17:11:13.140222 [debug]: Compiled SQL for node model.raqib_sf.stg_emergency_contacts at target/.lsp/compiled/models/staging/stg_emergency_contacts.sql
17:11:13.140293 [debug]: Compiled SQL for node model.raqib_sf.stg_providers at target/.lsp/compiled/models/staging/stg_providers.sql
17:11:13.140320 [debug]: Finished rendering [  0.00s] model dbt_dev_staging.stg_diagnosis [success]
17:11:13.140434 [info ]: Started analyzing (3 nodes)
17:11:13.140456 [debug]: Started analyzing model dbt_dev_staging.stg_diagnosis
17:11:13.140492 [debug]: Finished rendering [  0.00s] model dbt_dev_staging.stg_emergency_contacts [success]
17:11:13.140524 [debug]: Started analyzing model dbt_dev_staging.stg_emergency_contacts
17:11:13.140566 [debug]: Finished rendering [  0.00s] model dbt_dev_staging.stg_providers [success]
17:11:13.140585 [info ]: Finished rendering [  0.00s] (3 nodes, 0 skipped, 0 errors)
17:11:13.140609 [debug]: Started analyzing model dbt_dev_staging.stg_providers
17:11:13.141202 [info ]:  Succeeded [  0.00s] model dbt_dev_staging.stg_emergency_contacts (ephemeral)
17:11:13.141257 [debug]: Finished analyzing [  0.00s] model dbt_dev_staging.stg_emergency_contacts [success]
17:11:13.145257 [info ]:  Succeeded [  0.01s] model dbt_dev_staging.stg_providers (ephemeral)
17:11:13.145314 [debug]: Finished analyzing [  0.00s] model dbt_dev_staging.stg_providers [success]
17:11:13.158793 [info ]:  Succeeded [  0.02s] model dbt_dev_staging.stg_diagnosis (ephemeral)
17:11:13.158835 [debug]: Finished analyzing [  0.02s] model dbt_dev_staging.stg_diagnosis [success]
17:11:13.158848 [info ]: Finished analyzing [  0.02s] (3 nodes, 0 skipped, 0 errors)
17:11:13.168420 [info ]: Started scheduling
17:11:13.168492 [info ]: Finished scheduling [  0.00s]
17:11:13.172048 [info ]: Cached model count updated: 4 models (accurate)
18:01:59.866348 [info ]: Started loading project
18:01:59.869195 [info ]: Loading profiles.yml
18:02:00.093290 [info ]: Cached model count updated: 4 models (estimate)
18:02:00.093339 [info ]: Cached model count updated: 4 models (accurate)
18:02:00.093528 [info ]: Started scheduling
18:02:00.093686 [info ]: Finished scheduling [  0.00s]
18:02:00.093730 [debug]: Compilation - 0 nodes selected: {}
18:02:00.093762 [warn ]: dbt1600: The selection criterion '+fqn:model.raqib_sf.stg_admissions' does not match any enabled nodes
18:02:00.093777 [warn ]: dbt1601: Nothing to do. Try checking your model configs and model specification args
18:02:00.488084 [info ]: Started building task graph
18:02:00.488134 [info ]: Finished building task graph [  0.00s]
18:02:00.495759 [info ]: Started scheduling
18:02:00.495829 [info ]: Finished scheduling [  0.00s]
18:02:00.496376 [info ]: Finished loading project [  0.63s]
18:02:00.496974 [info ]: Cached model count updated: 4 models (accurate)
18:02:01.652419 [info ]: Started loading project
18:02:01.653056 [info ]: Loading profiles.yml
18:02:01.714773 [info ]: Cached model count updated: 4 models (estimate)
18:02:01.714801 [info ]: Cached model count updated: 4 models (accurate)
18:02:01.714873 [info ]: Started scheduling
18:02:01.714954 [info ]: Finished scheduling [  0.00s]
18:02:01.714974 [debug]: Compilation - 0 nodes selected: {}
18:02:01.714994 [warn ]: dbt1600: The selection criterion '+fqn:model.raqib_sf.stg_admissions+' does not match any enabled nodes
18:02:01.715005 [warn ]: dbt1601: Nothing to do. Try checking your model configs and model specification args
18:02:02.239129 [info ]: Started building task graph
18:02:02.239170 [info ]: Finished building task graph [  0.00s]
18:02:02.246758 [info ]: Started scheduling
18:02:02.246819 [info ]: Finished scheduling [  0.00s]
18:02:02.247231 [info ]: Finished loading project [  0.59s]
18:02:02.250644 [info ]: Cached model count updated: 4 models (accurate)
18:02:03.397731 [info ]: Started loading project
18:02:03.398377 [info ]: Loading profiles.yml
18:02:03.440426 [info ]: Cached model count updated: 4 models (estimate)
18:02:03.440452 [info ]: Cached model count updated: 4 models (accurate)
18:02:03.440494 [info ]: Started scheduling
18:02:03.440610 [info ]: Finished scheduling [  0.00s]
18:02:03.440631 [debug]: Compilation - 3 nodes selected: {"model.raqib_sf.stg_diagnosis", "model.raqib_sf.stg_emergency_contacts", "model.raqib_sf.stg_providers"}
18:02:03.822171 [info ]: Started building task graph
18:02:03.822267 [info ]: Finished building task graph [  0.00s]
18:02:03.822465 [info ]: Started rendering (3 nodes)
18:02:03.822492 [info ]: Started model dbt_dev_staging.stg_providers
18:02:03.822537 [debug]: Started rendering model dbt_dev_staging.stg_providers
18:02:03.822585 [info ]: Started model dbt_dev_staging.stg_emergency_contacts
18:02:03.822597 [debug]: Started rendering model dbt_dev_staging.stg_emergency_contacts
18:02:03.822615 [info ]: Started model dbt_dev_staging.stg_diagnosis
18:02:03.822626 [debug]: Started rendering model dbt_dev_staging.stg_diagnosis
18:02:03.822627 [info ]: Finished loading project [  0.42s]
18:02:03.825348 [debug]: Compiled SQL for node model.raqib_sf.stg_providers at target/.lsp/compiled/models/staging/stg_providers.sql
18:02:03.825414 [debug]: Compiled SQL for node model.raqib_sf.stg_diagnosis at target/.lsp/compiled/models/staging/stg_diagnosis.sql
18:02:03.825494 [debug]: Finished rendering [  0.00s] model dbt_dev_staging.stg_providers [success]
18:02:03.825503 [debug]: Compiled SQL for node model.raqib_sf.stg_emergency_contacts at target/.lsp/compiled/models/staging/stg_emergency_contacts.sql
18:02:03.825549 [info ]: Started analyzing (3 nodes)
18:02:03.825572 [debug]: Started analyzing model dbt_dev_staging.stg_providers
18:02:03.825620 [debug]: Finished rendering [  0.00s] model dbt_dev_staging.stg_diagnosis [success]
18:02:03.825655 [debug]: Started analyzing model dbt_dev_staging.stg_diagnosis
18:02:03.825704 [debug]: Finished rendering [  0.00s] model dbt_dev_staging.stg_emergency_contacts [success]
18:02:03.825724 [info ]: Finished rendering [  0.00s] (3 nodes, 0 skipped, 0 errors)
18:02:03.825753 [debug]: Started analyzing model dbt_dev_staging.stg_emergency_contacts
18:02:03.827655 [info ]:  Succeeded [  0.00s] model dbt_dev_staging.stg_emergency_contacts (ephemeral)
18:02:03.827696 [debug]: Finished analyzing [  0.00s] model dbt_dev_staging.stg_emergency_contacts [success]
18:02:03.832295 [info ]:  Succeeded [  0.01s] model dbt_dev_staging.stg_providers (ephemeral)
18:02:03.832330 [debug]: Finished analyzing [  0.01s] model dbt_dev_staging.stg_providers [success]
18:02:03.846755 [info ]:  Succeeded [  0.02s] model dbt_dev_staging.stg_diagnosis (ephemeral)
18:02:03.846802 [debug]: Finished analyzing [  0.02s] model dbt_dev_staging.stg_diagnosis [success]
18:02:03.846817 [info ]: Finished analyzing [  0.02s] (3 nodes, 0 skipped, 0 errors)
18:02:03.855973 [info ]: Started scheduling
18:02:03.856034 [info ]: Finished scheduling [  0.00s]
18:02:03.859349 [info ]: Cached model count updated: 4 models (accurate)
18:02:17.755414 [info ]: Started loading project
18:02:17.755900 [info ]: Loading profiles.yml
18:02:17.760331 [info ]: Started loading project
18:02:17.760722 [info ]: Loading profiles.yml
18:02:17.760777 [info ]: Finished loading project [  0.01s]
18:02:18.484314 [debug]:    Started loading packages
18:02:18.495964 [debug]:     Loaded [  0.01s] packages
18:02:18.525870 [info ]: Started parsing
18:02:18.634854 [info ]: Finished loading project [  0.87s]
18:02:18.637717 [debug]: Finished parsing models/schema.yml [  0.00s]
18:02:18.639181 [debug]: Finished parsing models/sources.yml [  0.00s]
18:02:18.643052 [debug]: Finished parsing models/staging/stg_diagnosis.sql [  0.00s]
18:02:18.644329 [debug]: Finished parsing models/staging/stg_emergency_contacts.sql [  0.00s]
18:02:18.649001 [debug]: Finished parsing models/staging/stg_providers.sql [  0.00s]
18:02:18.651293 [info ]: Finished parsing [  0.13s]
18:02:18.651519 [info ]: Cached model count updated: 3 models (estimate)
18:02:18.651535 [info ]: Cached model count updated: 3 models (accurate)
18:02:18.651570 [info ]: Started scheduling
18:02:18.651620 [info ]: Finished scheduling [  0.00s]
18:02:18.651636 [debug]: Compilation - 0 nodes selected: {}
18:02:18.651651 [warn ]: dbt1600: The selection criterion '' does not match any enabled nodes
18:02:18.651662 [warn ]: dbt1601: Nothing to do. Try checking your model configs and model specification args
18:02:18.651672 [info ]: Started scheduling
18:02:18.651766 [info ]: Finished scheduling [  0.00s]
18:02:18.652781 [debug]: Initializing schema store with entry: Frontier(CanonicalFqn { catalog: "RAW", schema: "PUBLIC", table: "DIAGNOSIS" }) and interval: None
18:02:18.652811 [debug]: Initializing schema store with entry: Frontier(CanonicalFqn { catalog: "RAW", schema: "PUBLIC", table: "EMERGENCY_CONTACTS" }) and interval: None
18:02:18.652824 [debug]: Initializing schema store with entry: Frontier(CanonicalFqn { catalog: "RAW", schema: "PUBLIC", table: "PROVIDERS" }) and interval: None
18:02:19.098016 [info ]: Started building task graph
18:02:19.098052 [info ]: Finished building task graph [  0.00s]
18:02:19.105718 [info ]: Started scheduling
18:02:19.105785 [info ]: Finished scheduling [  0.00s]
18:02:19.113416 [info ]: Cached model count updated: 3 models (accurate)
18:02:20.377968 [info ]: Started loading project
18:02:20.379690 [info ]: Loading profiles.yml
18:02:20.429465 [info ]: Cached model count updated: 3 models (estimate)
18:02:20.429496 [info ]: Cached model count updated: 3 models (accurate)
18:02:20.429536 [info ]: Started scheduling
18:02:20.429652 [info ]: Finished scheduling [  0.00s]
18:02:20.429673 [debug]: Compilation - 3 nodes selected: {"model.raqib_sf.stg_diagnosis", "model.raqib_sf.stg_emergency_contacts", "model.raqib_sf.stg_providers"}
18:02:20.869949 [info ]: Started building task graph
18:02:20.870032 [info ]: Finished building task graph [  0.00s]
18:02:20.870224 [info ]: Started rendering (3 nodes)
18:02:20.870281 [info ]: Started model dbt_dev_staging.stg_providers
18:02:20.870316 [debug]: Started rendering model dbt_dev_staging.stg_providers
18:02:20.870366 [info ]: Started model dbt_dev_staging.stg_emergency_contacts
18:02:20.870403 [debug]: Started rendering model dbt_dev_staging.stg_emergency_contacts
18:02:20.870438 [info ]: Finished loading project [  0.49s]
18:02:20.870454 [info ]: Started model dbt_dev_staging.stg_diagnosis
18:02:20.870477 [debug]: Started rendering model dbt_dev_staging.stg_diagnosis
18:02:20.873365 [debug]: Compiled SQL for node model.raqib_sf.stg_diagnosis at target/.lsp/compiled/models/staging/stg_diagnosis.sql
18:02:20.873536 [debug]: Compiled SQL for node model.raqib_sf.stg_emergency_contacts at target/.lsp/compiled/models/staging/stg_emergency_contacts.sql
18:02:20.873638 [debug]: Finished rendering [  0.00s] model dbt_dev_staging.stg_diagnosis [success]
18:02:20.873811 [info ]: Started analyzing (3 nodes)
18:02:20.873828 [debug]: Started analyzing model dbt_dev_staging.stg_diagnosis
18:02:20.873892 [debug]: Finished rendering [  0.00s] model dbt_dev_staging.stg_emergency_contacts [success]
18:02:20.873926 [debug]: Started analyzing model dbt_dev_staging.stg_emergency_contacts
18:02:20.873943 [debug]: Compiled SQL for node model.raqib_sf.stg_providers at target/.lsp/compiled/models/staging/stg_providers.sql
18:02:20.874176 [debug]: Finished rendering [  0.00s] model dbt_dev_staging.stg_providers [success]
18:02:20.874215 [info ]: Finished rendering [  0.00s] (3 nodes, 0 skipped, 0 errors)
18:02:20.874257 [debug]: Started analyzing model dbt_dev_staging.stg_providers
18:02:20.874417 [info ]:  Succeeded [  0.00s] model dbt_dev_staging.stg_emergency_contacts (ephemeral)
18:02:20.874461 [debug]: Finished analyzing [  0.00s] model dbt_dev_staging.stg_emergency_contacts [success]
18:02:20.878951 [info ]:  Succeeded [  0.01s] model dbt_dev_staging.stg_providers (ephemeral)
18:02:20.879017 [debug]: Finished analyzing [  0.00s] model dbt_dev_staging.stg_providers [success]
18:02:20.891933 [info ]:  Succeeded [  0.02s] model dbt_dev_staging.stg_diagnosis (ephemeral)
18:02:20.891973 [debug]: Finished analyzing [  0.02s] model dbt_dev_staging.stg_diagnosis [success]
18:02:20.891983 [info ]: Finished analyzing [  0.02s] (3 nodes, 0 skipped, 0 errors)
18:02:20.899128 [info ]: Started scheduling
18:02:20.899188 [info ]: Finished scheduling [  0.00s]
18:02:20.902655 [info ]: Cached model count updated: 3 models (accurate)
18:02:53.622776 [info ]: Started loading project
18:02:53.623425 [info ]: Loading profiles.yml
18:02:53.628368 [info ]: Started loading project
18:02:53.628812 [info ]: Loading profiles.yml
18:02:53.628880 [info ]: Finished loading project [  0.01s]
18:02:54.248280 [debug]:    Started loading packages
18:02:54.254739 [debug]:     Loaded [  0.01s] packages
18:02:54.256167 [info ]: Started parsing
18:02:54.345611 [info ]: Finished loading project [  0.72s]
18:02:54.349133 [debug]: Finished parsing models/schema.yml [  0.00s]
18:02:54.351717 [debug]: Finished parsing models/sources.yml [  0.00s]
18:02:54.358765 [debug]: Finished parsing models/staging/stg_diagnosis.sql [  0.00s]
18:02:54.360450 [debug]: Finished parsing models/staging/stg_emergency_contacts.sql [  0.00s]
18:02:54.361423 [error]: dbt1501: Failed to render SQL unknown function: Jinja macro or function `sourece` is unknown
(in models/staging/stg_lab_events.sql:4:10)
  --> models/staging/stg_lab_events.sql:4:10
18:02:54.362295 [debug]: Finished parsing models/staging/stg_lab_events.sql [  0.00s]
18:02:54.365177 [debug]: Finished parsing models/staging/stg_lab_specimen_types.sql [  0.00s]
18:02:54.376370 [debug]: Finished parsing models/staging/stg_providers.sql [  0.01s]
18:02:54.380028 [info ]: Finished parsing [  0.12s]
18:02:54.380523 [info ]: Cached model count updated: 5 models (estimate)
18:02:54.380552 [info ]: Cached model count updated: 4 models (accurate)
18:02:54.380705 [info ]: Started scheduling
18:02:54.380805 [info ]: Finished scheduling [  0.00s]
18:02:54.380842 [debug]: Compilation - 0 nodes selected: {}
18:02:54.380866 [warn ]: dbt1600: The selection criterion '' does not match any enabled nodes
18:02:54.380881 [warn ]: dbt1601: Nothing to do. Try checking your model configs and model specification args
18:02:54.380897 [info ]: Started scheduling
18:02:54.381055 [info ]: Finished scheduling [  0.00s]
18:02:54.382551 [debug]: Initializing schema store with entry: Frontier(CanonicalFqn { catalog: "RAW", schema: "PUBLIC", table: "DIAGNOSIS" }) and interval: None
18:02:54.382606 [debug]: Initializing schema store with entry: Frontier(CanonicalFqn { catalog: "RAW", schema: "PUBLIC", table: "LAB_SPECIMEN_TYPES" }) and interval: None
18:02:54.382638 [debug]: Initializing schema store with entry: Frontier(CanonicalFqn { catalog: "RAW", schema: "PUBLIC", table: "EMERGENCY_CONTACTS" }) and interval: None
18:02:54.382664 [debug]: Initializing schema store with entry: Frontier(CanonicalFqn { catalog: "RAW", schema: "PUBLIC", table: "PROVIDERS" }) and interval: None
18:02:54.817611 [info ]: Started building task graph
18:02:54.817648 [info ]: Finished building task graph [  0.00s]
18:02:54.825517 [info ]: Started scheduling
18:02:54.825607 [info ]: Finished scheduling [  0.00s]
18:02:54.831448 [info ]: Cached model count updated: 4 models (accurate)
18:02:56.096218 [info ]: Started loading project
18:02:56.096821 [info ]: Loading profiles.yml
18:02:56.135263 [info ]: Cached model count updated: 5 models (estimate)
18:02:56.135290 [info ]: Cached model count updated: 4 models (accurate)
18:02:56.135330 [info ]: Started scheduling
18:02:56.135456 [info ]: Finished scheduling [  0.00s]
18:02:56.135531 [debug]: Compilation - 4 nodes selected: {"model.raqib_sf.stg_diagnosis", "model.raqib_sf.stg_emergency_contacts", "model.raqib_sf.stg_lab_specimen_types", "model.raqib_sf.stg_providers"}
18:02:56.630084 [info ]: Started building task graph
18:02:56.630184 [info ]: Finished building task graph [  0.00s]
18:02:56.630356 [info ]: Started rendering (4 nodes)
18:02:56.630382 [info ]: Started model dbt_dev_staging.stg_providers
18:02:56.630400 [debug]: Started rendering model dbt_dev_staging.stg_providers
18:02:56.630434 [info ]: Started model dbt_dev_staging.stg_lab_specimen_types
18:02:56.630451 [debug]: Started rendering model dbt_dev_staging.stg_lab_specimen_types
18:02:56.630469 [info ]: Finished loading project [  0.53s]
18:02:56.630472 [info ]: Started model dbt_dev_staging.stg_emergency_contacts
18:02:56.630490 [debug]: Started rendering model dbt_dev_staging.stg_emergency_contacts
18:02:56.630522 [info ]: Started model dbt_dev_staging.stg_diagnosis
18:02:56.630546 [debug]: Started rendering model dbt_dev_staging.stg_diagnosis
18:02:56.632860 [debug]: Compiled SQL for node model.raqib_sf.stg_providers at target/.lsp/compiled/models/staging/stg_providers.sql
18:02:56.633025 [debug]: Compiled SQL for node model.raqib_sf.stg_emergency_contacts at target/.lsp/compiled/models/staging/stg_emergency_contacts.sql
18:02:56.633220 [debug]: Finished rendering [  0.00s] model dbt_dev_staging.stg_emergency_contacts [success]
18:02:56.633313 [info ]: Started analyzing (4 nodes)
18:02:56.633331 [debug]: Started analyzing model dbt_dev_staging.stg_emergency_contacts
18:02:56.633367 [debug]: Finished rendering [  0.00s] model dbt_dev_staging.stg_providers [success]
18:02:56.633415 [debug]: Started analyzing model dbt_dev_staging.stg_providers
18:02:56.633774 [info ]:  Succeeded [  0.00s] model dbt_dev_staging.stg_emergency_contacts (ephemeral)
18:02:56.633802 [debug]: Finished analyzing [  0.00s] model dbt_dev_staging.stg_emergency_contacts [success]
18:02:56.635157 [debug]: Compiled SQL for node model.raqib_sf.stg_diagnosis at target/.lsp/compiled/models/staging/stg_diagnosis.sql
18:02:56.635383 [debug]: Finished rendering [  0.00s] model dbt_dev_staging.stg_diagnosis [success]
18:02:56.635430 [debug]: Started analyzing model dbt_dev_staging.stg_diagnosis
18:02:56.635962 [debug]: Compiled SQL for node model.raqib_sf.stg_lab_specimen_types at target/.lsp/compiled/models/staging/stg_lab_specimen_types.sql
18:02:56.637893 [debug]: Finished rendering [  0.01s] model dbt_dev_staging.stg_lab_specimen_types [success]
18:02:56.637926 [info ]: Finished rendering [  0.01s] (4 nodes, 0 skipped, 0 errors)
18:02:56.637994 [debug]: Started analyzing model dbt_dev_staging.stg_lab_specimen_types
18:02:56.640522 [info ]:  Succeeded [  0.01s] model dbt_dev_staging.stg_providers (ephemeral)
18:02:56.640587 [debug]: Finished analyzing [  0.01s] model dbt_dev_staging.stg_providers [success]
18:02:56.661466 [info ]:  Succeeded [  0.03s] model dbt_dev_staging.stg_lab_specimen_types (ephemeral)
18:02:56.661634 [debug]: Finished analyzing [  0.02s] model dbt_dev_staging.stg_lab_specimen_types [success]
18:02:56.664965 [info ]:  Succeeded [  0.03s] model dbt_dev_staging.stg_diagnosis (ephemeral)
18:02:56.665007 [debug]: Finished analyzing [  0.03s] model dbt_dev_staging.stg_diagnosis [success]
18:02:56.665021 [info ]: Finished analyzing [  0.03s] (4 nodes, 0 skipped, 0 errors)
18:02:56.673575 [info ]: Started scheduling
18:02:56.673649 [info ]: Finished scheduling [  0.00s]
18:02:56.679253 [info ]: Cached model count updated: 4 models (accurate)
==================== 2026-05-30T19:10:48.457009Z | 3d17fe79-df3b-4b55-9c59-320bc485ee56 ====================
19:10:48.458495 [info ]: Starting dbt LSP server
19:10:48.458703 [info ]: Connecting to LSP client on port 8000
19:10:48.459578 [info ]: Successfully connected to LSP client
19:10:48.459597 [info ]: Creating LSP service...
19:10:48.641405 [info ]: Creating LSP server...
19:10:48.641433 [info ]: Starting LSP server...
19:10:48.765907 [info ]: Loading profiles.yml
19:10:48.839742 [info ]: Started loading project
19:10:48.841140 [info ]: Loading profiles.yml
19:10:49.347955 [debug]:    Started loading packages
19:10:49.351930 [debug]:     Loaded [  0.00s] packages
19:10:49.362256 [info ]: Started parsing
19:10:49.439943 [info ]: Finished loading project [  0.60s]
19:10:49.455340 [debug]: Finished parsing models/schema.yml [  0.01s]
19:10:49.457112 [debug]: Finished parsing models/sources.yml [  0.00s]
19:10:49.483553 [debug]: Finished parsing models/staging/stg_diagnosis.sql [  0.02s]
19:10:49.486054 [debug]: Finished parsing models/staging/stg_emergency_contacts.sql [  0.00s]
19:10:49.487761 [error]: dbt1501: Failed to render SQL unknown function: Jinja macro or function `sourece` is unknown
(in models/staging/stg_lab_events.sql:4:10)
  --> models/staging/stg_lab_events.sql:4:10
19:10:49.488006 [debug]: Finished parsing models/staging/stg_lab_events.sql [  0.00s]
19:10:49.489050 [debug]: Finished parsing models/staging/stg_lab_specimen_types.sql [  0.00s]
19:10:49.566051 [debug]: Finished parsing models/staging/stg_providers.sql [  0.08s]
19:10:49.583585 [info ]: Finished parsing [  0.22s]
19:10:49.585573 [info ]: Cached model count updated: 5 models (estimate)
19:10:49.585603 [info ]: Cached model count updated: 4 models (accurate)
19:10:49.588470 [info ]: Started scheduling
19:10:49.591308 [info ]: Finished scheduling [  0.00s]
19:10:49.591722 [debug]: Compilation - 0 nodes selected: {}
19:10:49.592240 [warn ]: dbt1600: The selection criterion '' does not match any enabled nodes
19:10:49.592340 [warn ]: dbt1601: Nothing to do. Try checking your model configs and model specification args
19:10:49.592400 [info ]: Started scheduling
19:10:49.592789 [info ]: Finished scheduling [  0.00s]
19:10:49.599427 [debug]: Initializing schema store with entry: Frontier(CanonicalFqn { catalog: "RAW", schema: "PUBLIC", table: "DIAGNOSIS" }) and interval: None
19:10:49.599783 [debug]: Initializing schema store with entry: Frontier(CanonicalFqn { catalog: "RAW", schema: "PUBLIC", table: "PROVIDERS" }) and interval: None
19:10:49.599802 [debug]: Initializing schema store with entry: Frontier(CanonicalFqn { catalog: "RAW", schema: "PUBLIC", table: "LAB_SPECIMEN_TYPES" }) and interval: None
19:10:49.599814 [debug]: Initializing schema store with entry: Frontier(CanonicalFqn { catalog: "RAW", schema: "PUBLIC", table: "EMERGENCY_CONTACTS" }) and interval: None
19:10:50.042520 [info ]: Started building task graph
19:10:50.043940 [info ]: Finished building task graph [  0.00s]
19:10:50.067991 [info ]: Started scheduling
19:10:50.068129 [info ]: Finished scheduling [  0.00s]
19:10:50.070211 [info ]: Cached model count updated: 4 models (accurate)
19:10:51.225124 [info ]: Started loading project
19:10:51.225975 [info ]: Loading profiles.yml
19:10:51.265726 [info ]: Cached model count updated: 5 models (estimate)
19:10:51.265762 [info ]: Cached model count updated: 4 models (accurate)
19:10:51.265804 [info ]: Started scheduling
19:10:51.265871 [info ]: Finished scheduling [  0.00s]
19:10:51.265899 [debug]: Compilation - 0 nodes selected: {}
19:10:51.265923 [warn ]: dbt1600: The selection criterion '' does not match any enabled nodes
19:10:51.265935 [warn ]: dbt1601: Nothing to do. Try checking your model configs and model specification args
19:10:51.623174 [info ]: Started building task graph
19:10:51.623210 [info ]: Finished building task graph [  0.00s]
19:10:51.629502 [info ]: Started scheduling
19:10:51.629562 [info ]: Finished scheduling [  0.00s]
19:10:51.629942 [info ]: Finished loading project [  0.40s]
19:10:51.632558 [info ]: Cached model count updated: 4 models (accurate)
19:10:52.779855 [info ]: Started loading project
19:10:52.780432 [info ]: Loading profiles.yml
19:10:52.816571 [info ]: Cached model count updated: 5 models (estimate)
19:10:52.816597 [info ]: Cached model count updated: 4 models (accurate)
19:10:52.816647 [info ]: Started scheduling
19:10:52.816774 [info ]: Finished scheduling [  0.00s]
19:10:52.816806 [debug]: Compilation - 4 nodes selected: {"model.raqib_sf.stg_diagnosis", "model.raqib_sf.stg_emergency_contacts", "model.raqib_sf.stg_lab_specimen_types", "model.raqib_sf.stg_providers"}
19:10:53.217448 [info ]: Started building task graph
19:10:53.220561 [info ]: Finished building task graph [  0.00s]
19:10:53.223736 [info ]: Started rendering (4 nodes)
19:10:53.224515 [info ]: Started model dbt_dev_staging.stg_providers
19:10:53.225508 [debug]: Started rendering model dbt_dev_staging.stg_providers
19:10:53.225889 [info ]: Started model dbt_dev_staging.stg_lab_specimen_types
19:10:53.225910 [debug]: Started rendering model dbt_dev_staging.stg_lab_specimen_types
19:10:53.225929 [info ]: Finished loading project [  0.45s]
19:10:53.225935 [info ]: Started model dbt_dev_staging.stg_emergency_contacts
19:10:53.225968 [debug]: Started rendering model dbt_dev_staging.stg_emergency_contacts
19:10:53.226005 [info ]: Started model dbt_dev_staging.stg_diagnosis
19:10:53.226028 [debug]: Started rendering model dbt_dev_staging.stg_diagnosis
19:10:53.233033 [debug]: Compiled SQL for node model.raqib_sf.stg_lab_specimen_types at target/.lsp/compiled/models/staging/stg_lab_specimen_types.sql
19:10:53.233033 [debug]: Compiled SQL for node model.raqib_sf.stg_providers at target/.lsp/compiled/models/staging/stg_providers.sql
19:10:53.233034 [debug]: Compiled SQL for node model.raqib_sf.stg_emergency_contacts at target/.lsp/compiled/models/staging/stg_emergency_contacts.sql
19:10:53.233034 [debug]: Compiled SQL for node model.raqib_sf.stg_diagnosis at target/.lsp/compiled/models/staging/stg_diagnosis.sql
19:10:53.234589 [debug]: Finished rendering [  0.01s] model dbt_dev_staging.stg_diagnosis [success]
19:10:53.234913 [info ]: Started analyzing (4 nodes)
19:10:53.234930 [debug]: Started analyzing model dbt_dev_staging.stg_diagnosis
19:10:53.234964 [debug]: Finished rendering [  0.01s] model dbt_dev_staging.stg_providers [success]
19:10:53.234992 [debug]: Started analyzing model dbt_dev_staging.stg_providers
19:10:53.235019 [debug]: Finished rendering [  0.01s] model dbt_dev_staging.stg_emergency_contacts [success]
19:10:53.235043 [debug]: Started analyzing model dbt_dev_staging.stg_emergency_contacts
19:10:53.235131 [debug]: Finished rendering [  0.01s] model dbt_dev_staging.stg_lab_specimen_types [success]
19:10:53.235145 [info ]: Finished rendering [  0.01s] (4 nodes, 0 skipped, 0 errors)
19:10:53.235163 [debug]: Started analyzing model dbt_dev_staging.stg_lab_specimen_types
19:10:53.284588 [info ]:  Succeeded [  0.06s] model dbt_dev_staging.stg_lab_specimen_types (ephemeral)
19:10:53.284665 [debug]: Finished analyzing [  0.05s] model dbt_dev_staging.stg_lab_specimen_types [success]
19:10:53.284698 [info ]:  Succeeded [  0.06s] model dbt_dev_staging.stg_emergency_contacts (ephemeral)
19:10:53.284720 [debug]: Finished analyzing [  0.05s] model dbt_dev_staging.stg_emergency_contacts [success]
19:10:53.306195 [info ]:  Succeeded [  0.08s] model dbt_dev_staging.stg_providers (ephemeral)
19:10:53.306234 [debug]: Finished analyzing [  0.07s] model dbt_dev_staging.stg_providers [success]
19:10:53.331278 [info ]:  Succeeded [  0.10s] model dbt_dev_staging.stg_diagnosis (ephemeral)
19:10:53.331318 [debug]: Finished analyzing [  0.10s] model dbt_dev_staging.stg_diagnosis [success]
19:10:53.331330 [info ]: Finished analyzing [  0.10s] (4 nodes, 0 skipped, 0 errors)
19:10:53.340838 [info ]: Started scheduling
19:10:53.340933 [info ]: Finished scheduling [  0.00s]
19:10:53.344176 [info ]: Cached model count updated: 4 models (accurate)
19:47:47.973069 [info ]: Started loading project
19:47:47.973756 [info ]: Loading profiles.yml
19:47:47.979621 [info ]: Started loading project
19:47:47.979979 [info ]: Loading profiles.yml
19:47:47.980019 [info ]: Finished loading project [  0.01s]
19:47:48.443581 [debug]:    Started loading packages
19:47:48.445260 [debug]:     Loaded [  0.00s] packages
19:47:48.446391 [info ]: Started parsing
19:47:48.499308 [info ]: Finished loading project [  0.52s]
19:47:48.503551 [debug]: Finished parsing models/schema.yml [  0.00s]
19:47:48.504399 [debug]: Finished parsing models/sources.yml [  0.00s]
19:47:48.509451 [debug]: Finished parsing models/staging/stg_admissions.sql [  0.00s]
19:47:48.510573 [debug]: Finished parsing models/staging/stg_diagnosis.sql [  0.00s]
19:47:48.512205 [debug]: Finished parsing models/staging/stg_emergency_contacts.sql [  0.00s]
19:47:48.512992 [error]: dbt1501: Failed to render SQL unknown function: Jinja macro or function `sourece` is unknown
(in models/staging/stg_lab_events.sql:4:10)
  --> models/staging/stg_lab_events.sql:4:10
19:47:48.513245 [debug]: Finished parsing models/staging/stg_lab_events.sql [  0.00s]
19:47:48.514737 [debug]: Finished parsing models/staging/stg_lab_specimen_types.sql [  0.00s]
19:47:48.523262 [debug]: Finished parsing models/staging/stg_providers.sql [  0.01s]
19:47:48.526294 [info ]: Finished parsing [  0.08s]
19:47:48.526531 [info ]: Cached model count updated: 6 models (estimate)
19:47:48.526550 [info ]: Cached model count updated: 5 models (accurate)
19:47:48.526585 [info ]: Started scheduling
19:47:48.526636 [info ]: Finished scheduling [  0.00s]
19:47:48.526654 [debug]: Compilation - 0 nodes selected: {}
19:47:48.526669 [warn ]: dbt1600: The selection criterion '' does not match any enabled nodes
19:47:48.526678 [warn ]: dbt1601: Nothing to do. Try checking your model configs and model specification args
19:47:48.526688 [info ]: Started scheduling
19:47:48.526788 [info ]: Finished scheduling [  0.00s]
19:47:48.526856 [debug]: Initializing schema store with entry: Frontier(CanonicalFqn { catalog: "RAW", schema: "PUBLIC", table: "LAB_SPECIMEN_TYPES" }) and interval: None
19:47:48.526879 [debug]: Initializing schema store with entry: Frontier(CanonicalFqn { catalog: "RAW", schema: "PUBLIC", table: "EMERGENCY_CONTACTS" }) and interval: None
19:47:48.526891 [debug]: Initializing schema store with entry: Frontier(CanonicalFqn { catalog: "RAW", schema: "PUBLIC", table: "DIAGNOSIS" }) and interval: None
19:47:48.526902 [debug]: Initializing schema store with entry: Frontier(CanonicalFqn { catalog: "RAW", schema: "PUBLIC", table: "PROVIDERS" }) and interval: None
19:47:48.918686 [info ]: Started building task graph
19:47:48.918721 [info ]: Finished building task graph [  0.00s]
19:47:48.926288 [info ]: Started scheduling
19:47:48.926351 [info ]: Finished scheduling [  0.00s]
19:47:48.937482 [info ]: Cached model count updated: 5 models (accurate)
19:47:50.086904 [info ]: Started loading project
19:47:50.087339 [info ]: Loading profiles.yml
19:47:50.126106 [info ]: Cached model count updated: 6 models (estimate)
19:47:50.126127 [info ]: Cached model count updated: 5 models (accurate)
19:47:50.126168 [info ]: Started scheduling
19:47:50.126294 [info ]: Finished scheduling [  0.00s]
19:47:50.126314 [debug]: Compilation - 4 nodes selected: {"model.raqib_sf.stg_diagnosis", "model.raqib_sf.stg_emergency_contacts", "model.raqib_sf.stg_lab_specimen_types", "model.raqib_sf.stg_providers"}
19:47:50.535202 [info ]: Started building task graph
19:47:50.535292 [info ]: Finished building task graph [  0.00s]
19:47:50.535452 [info ]: Started rendering (4 nodes)
19:47:50.535476 [info ]: Started model dbt_dev_staging.stg_providers
19:47:50.535494 [debug]: Started rendering model dbt_dev_staging.stg_providers
19:47:50.535529 [info ]: Started model dbt_dev_staging.stg_lab_specimen_types
19:47:50.535560 [info ]: Finished loading project [  0.45s]
19:47:50.535571 [debug]: Started rendering model dbt_dev_staging.stg_lab_specimen_types
19:47:50.535614 [info ]: Started model dbt_dev_staging.stg_emergency_contacts
19:47:50.535694 [debug]: Started rendering model dbt_dev_staging.stg_emergency_contacts
19:47:50.535808 [info ]: Started model dbt_dev_staging.stg_diagnosis
19:47:50.535838 [debug]: Started rendering model dbt_dev_staging.stg_diagnosis
19:47:50.539376 [debug]: Compiled SQL for node model.raqib_sf.stg_lab_specimen_types at target/.lsp/compiled/models/staging/stg_lab_specimen_types.sql
19:47:50.540023 [debug]: Compiled SQL for node model.raqib_sf.stg_emergency_contacts at target/.lsp/compiled/models/staging/stg_emergency_contacts.sql
19:47:50.540254 [debug]: Compiled SQL for node model.raqib_sf.stg_diagnosis at target/.lsp/compiled/models/staging/stg_diagnosis.sql
19:47:50.539741 [debug]: Finished rendering [  0.00s] model dbt_dev_staging.stg_lab_specimen_types [success]
19:47:50.540450 [info ]: Started analyzing (4 nodes)
19:47:50.540488 [debug]: Compiled SQL for node model.raqib_sf.stg_providers at target/.lsp/compiled/models/staging/stg_providers.sql
19:47:50.540568 [debug]: Started analyzing model dbt_dev_staging.stg_lab_specimen_types
19:47:50.540765 [debug]: Finished rendering [  0.01s] model dbt_dev_staging.stg_emergency_contacts [success]
19:47:50.540807 [debug]: Started analyzing model dbt_dev_staging.stg_emergency_contacts
19:47:50.540920 [debug]: Finished rendering [  0.01s] model dbt_dev_staging.stg_diagnosis [success]
19:47:50.540960 [debug]: Started analyzing model dbt_dev_staging.stg_diagnosis
19:47:50.541058 [debug]: Finished rendering [  0.01s] model dbt_dev_staging.stg_providers [success]
19:47:50.541105 [info ]: Finished rendering [  0.01s] (4 nodes, 0 skipped, 0 errors)
19:47:50.541144 [debug]: Started analyzing model dbt_dev_staging.stg_providers
19:47:50.541661 [info ]:  Succeeded [  0.01s] model dbt_dev_staging.stg_emergency_contacts (ephemeral)
19:47:50.541722 [debug]: Finished analyzing [  0.00s] model dbt_dev_staging.stg_emergency_contacts [success]
19:47:50.541762 [info ]:  Succeeded [  0.01s] model dbt_dev_staging.stg_lab_specimen_types (ephemeral)
19:47:50.541805 [debug]: Finished analyzing [  0.00s] model dbt_dev_staging.stg_lab_specimen_types [success]
19:47:50.544833 [info ]:  Succeeded [  0.01s] model dbt_dev_staging.stg_providers (ephemeral)
19:47:50.544878 [debug]: Finished analyzing [  0.00s] model dbt_dev_staging.stg_providers [success]
19:47:50.557979 [info ]:  Succeeded [  0.02s] model dbt_dev_staging.stg_diagnosis (ephemeral)
19:47:50.558021 [debug]: Finished analyzing [  0.02s] model dbt_dev_staging.stg_diagnosis [success]
19:47:50.558033 [info ]: Finished analyzing [  0.02s] (4 nodes, 0 skipped, 0 errors)
19:47:50.566054 [info ]: Started scheduling
19:47:50.566117 [info ]: Finished scheduling [  0.00s]
19:47:50.569284 [info ]: Cached model count updated: 5 models (accurate)
19:48:17.032721 [info ]: Started loading project
19:48:17.033443 [info ]: Loading profiles.yml
19:48:17.071762 [info ]: Cached model count updated: 6 models (estimate)
19:48:17.071785 [info ]: Cached model count updated: 5 models (accurate)
19:48:17.073946 [info ]: Started scheduling
19:48:17.075404 [info ]: Finished scheduling [  0.00s]
19:48:17.075428 [debug]: Compilation - 0 nodes selected: {}
19:48:17.075453 [warn ]: dbt1600: The selection criterion '+fqn:model.raqib_sf.stg_admissions' does not match any enabled nodes
19:48:17.075465 [warn ]: dbt1601: Nothing to do. Try checking your model configs and model specification args
19:48:17.482552 [info ]: Started building task graph
19:48:17.482588 [info ]: Finished building task graph [  0.00s]
19:48:17.489165 [info ]: Started scheduling
19:48:17.489241 [info ]: Finished scheduling [  0.00s]
19:48:17.489655 [info ]: Finished loading project [  0.46s]
19:48:17.490205 [info ]: Cached model count updated: 5 models (accurate)
19:48:17.516628 [info ]: Started loading project
19:48:17.517286 [info ]: Loading profiles.yml
19:48:17.555170 [info ]: Cached model count updated: 6 models (estimate)
19:48:17.555198 [info ]: Cached model count updated: 5 models (accurate)
19:48:17.555244 [info ]: Started scheduling
19:48:17.555330 [info ]: Finished scheduling [  0.00s]
19:48:17.555347 [debug]: Compilation - 0 nodes selected: {}
19:48:17.555367 [warn ]: dbt1600: The selection criterion '+fqn:model.raqib_sf.stg_admissions' does not match any enabled nodes
19:48:17.555379 [warn ]: dbt1601: Nothing to do. Try checking your model configs and model specification args
19:48:17.942883 [info ]: Started building task graph
19:48:17.942918 [info ]: Finished building task graph [  0.00s]
19:48:17.949939 [info ]: Started scheduling
19:48:17.950002 [info ]: Finished scheduling [  0.00s]
19:48:17.950453 [info ]: Finished loading project [  0.43s]
19:48:17.950909 [info ]: Cached model count updated: 5 models (accurate)
19:48:19.115805 [info ]: Started loading project
19:48:19.116453 [info ]: Loading profiles.yml
19:48:19.151970 [info ]: Cached model count updated: 6 models (estimate)
19:48:19.151995 [info ]: Cached model count updated: 5 models (accurate)
19:48:19.152049 [info ]: Started scheduling
19:48:19.152140 [info ]: Finished scheduling [  0.00s]
19:48:19.152160 [debug]: Compilation - 0 nodes selected: {}
19:48:19.152180 [warn ]: dbt1600: The selection criterion '+fqn:model.raqib_sf.stg_admissions+' does not match any enabled nodes
19:48:19.152191 [warn ]: dbt1601: Nothing to do. Try checking your model configs and model specification args
19:48:19.552222 [info ]: Started building task graph
19:48:19.552269 [info ]: Finished building task graph [  0.00s]
19:48:19.559358 [info ]: Started scheduling
19:48:19.559434 [info ]: Finished scheduling [  0.00s]
19:48:19.559873 [info ]: Finished loading project [  0.44s]
19:48:19.563418 [info ]: Cached model count updated: 5 models (accurate)
19:48:20.792272 [info ]: Started loading project
19:48:20.792771 [info ]: Loading profiles.yml
19:48:20.829597 [info ]: Cached model count updated: 6 models (estimate)
19:48:20.829632 [info ]: Cached model count updated: 5 models (accurate)
19:48:20.829683 [info ]: Started scheduling
19:48:20.829815 [info ]: Finished scheduling [  0.00s]
19:48:20.829836 [debug]: Compilation - 4 nodes selected: {"model.raqib_sf.stg_diagnosis", "model.raqib_sf.stg_emergency_contacts", "model.raqib_sf.stg_lab_specimen_types", "model.raqib_sf.stg_providers"}
19:48:21.199678 [info ]: Started building task graph
19:48:21.199773 [info ]: Finished building task graph [  0.00s]
19:48:21.199943 [info ]: Started rendering (4 nodes)
19:48:21.199966 [info ]: Started model dbt_dev_staging.stg_providers
19:48:21.199985 [debug]: Started rendering model dbt_dev_staging.stg_providers
19:48:21.200021 [info ]: Started model dbt_dev_staging.stg_lab_specimen_types
19:48:21.200035 [debug]: Started rendering model dbt_dev_staging.stg_lab_specimen_types
19:48:21.200054 [info ]: Started model dbt_dev_staging.stg_emergency_contacts
19:48:21.200056 [info ]: Finished loading project [  0.41s]
19:48:21.200074 [debug]: Started rendering model dbt_dev_staging.stg_emergency_contacts
19:48:21.200100 [info ]: Started model dbt_dev_staging.stg_diagnosis
19:48:21.200124 [debug]: Started rendering model dbt_dev_staging.stg_diagnosis
19:48:21.202840 [debug]: Compiled SQL for node model.raqib_sf.stg_lab_specimen_types at target/.lsp/compiled/models/staging/stg_lab_specimen_types.sql
19:48:21.202840 [debug]: Compiled SQL for node model.raqib_sf.stg_emergency_contacts at target/.lsp/compiled/models/staging/stg_emergency_contacts.sql
19:48:21.202881 [debug]: Compiled SQL for node model.raqib_sf.stg_diagnosis at target/.lsp/compiled/models/staging/stg_diagnosis.sql
19:48:21.202914 [debug]: Compiled SQL for node model.raqib_sf.stg_providers at target/.lsp/compiled/models/staging/stg_providers.sql
19:48:21.202947 [debug]: Finished rendering [  0.00s] model dbt_dev_staging.stg_diagnosis [success]
19:48:21.203020 [info ]: Started analyzing (4 nodes)
19:48:21.203040 [debug]: Started analyzing model dbt_dev_staging.stg_diagnosis
19:48:21.203082 [debug]: Finished rendering [  0.00s] model dbt_dev_staging.stg_lab_specimen_types [success]
19:48:21.203114 [debug]: Started analyzing model dbt_dev_staging.stg_lab_specimen_types
19:48:21.203152 [debug]: Finished rendering [  0.00s] model dbt_dev_staging.stg_emergency_contacts [success]
19:48:21.203184 [debug]: Started analyzing model dbt_dev_staging.stg_emergency_contacts
19:48:21.203222 [debug]: Finished rendering [  0.00s] model dbt_dev_staging.stg_providers [success]
19:48:21.203238 [info ]: Finished rendering [  0.00s] (4 nodes, 0 skipped, 0 errors)
19:48:21.203263 [debug]: Started analyzing model dbt_dev_staging.stg_providers
19:48:21.203650 [info ]:  Succeeded [  0.00s] model dbt_dev_staging.stg_emergency_contacts (ephemeral)
19:48:21.203762 [debug]: Finished analyzing [  0.00s] model dbt_dev_staging.stg_emergency_contacts [success]
19:48:21.203876 [info ]:  Succeeded [  0.00s] model dbt_dev_staging.stg_lab_specimen_types (ephemeral)
19:48:21.203952 [debug]: Finished analyzing [  0.00s] model dbt_dev_staging.stg_lab_specimen_types [success]
19:48:21.207105 [info ]:  Succeeded [  0.01s] model dbt_dev_staging.stg_providers (ephemeral)
19:48:21.207147 [debug]: Finished analyzing [  0.00s] model dbt_dev_staging.stg_providers [success]
19:48:21.220007 [info ]:  Succeeded [  0.02s] model dbt_dev_staging.stg_diagnosis (ephemeral)
19:48:21.220058 [debug]: Finished analyzing [  0.02s] model dbt_dev_staging.stg_diagnosis [success]
19:48:21.220070 [info ]: Finished analyzing [  0.02s] (4 nodes, 0 skipped, 0 errors)
19:48:21.228022 [info ]: Started scheduling
19:48:21.228087 [info ]: Finished scheduling [  0.00s]
19:48:21.232028 [info ]: Cached model count updated: 5 models (accurate)
19:48:48.748919 [info ]: Started loading project
19:48:48.749447 [info ]: Loading profiles.yml
19:48:48.787044 [info ]: Cached model count updated: 6 models (estimate)
19:48:48.787068 [info ]: Cached model count updated: 5 models (accurate)
19:48:48.787150 [info ]: Started scheduling
19:48:48.787255 [info ]: Finished scheduling [  0.00s]
19:48:48.787279 [debug]: Compilation - 0 nodes selected: {}
19:48:48.787299 [warn ]: dbt1600: The selection criterion '+fqn:model.raqib_sf.stg_admissions' does not match any enabled nodes
19:48:48.787308 [warn ]: dbt1601: Nothing to do. Try checking your model configs and model specification args
19:48:49.194054 [info ]: Started building task graph
19:48:49.194113 [info ]: Finished building task graph [  0.00s]
19:48:49.201807 [info ]: Started scheduling
19:48:49.201883 [info ]: Finished scheduling [  0.00s]
19:48:49.202303 [info ]: Finished loading project [  0.45s]
19:48:49.202832 [info ]: Cached model count updated: 5 models (accurate)
19:48:50.422956 [info ]: Started loading project
19:48:50.423521 [info ]: Loading profiles.yml
19:48:50.465112 [info ]: Cached model count updated: 6 models (estimate)
19:48:50.465140 [info ]: Cached model count updated: 5 models (accurate)
19:48:50.465185 [info ]: Started scheduling
19:48:50.465273 [info ]: Finished scheduling [  0.00s]
19:48:50.465292 [debug]: Compilation - 0 nodes selected: {}
19:48:50.465311 [warn ]: dbt1600: The selection criterion '+fqn:model.raqib_sf.stg_admissions+' does not match any enabled nodes
19:48:50.465326 [warn ]: dbt1601: Nothing to do. Try checking your model configs and model specification args
19:48:50.855024 [info ]: Started building task graph
19:48:50.855059 [info ]: Finished building task graph [  0.00s]
19:48:50.862342 [info ]: Started scheduling
19:48:50.862403 [info ]: Finished scheduling [  0.00s]
19:48:50.862780 [info ]: Finished loading project [  0.44s]
19:48:50.865412 [info ]: Cached model count updated: 5 models (accurate)
19:48:52.019014 [info ]: Started loading project
19:48:52.019512 [info ]: Loading profiles.yml
19:48:52.054595 [info ]: Cached model count updated: 6 models (estimate)
19:48:52.054623 [info ]: Cached model count updated: 5 models (accurate)
19:48:52.054665 [info ]: Started scheduling
19:48:52.054791 [info ]: Finished scheduling [  0.00s]
19:48:52.054811 [debug]: Compilation - 4 nodes selected: {"model.raqib_sf.stg_diagnosis", "model.raqib_sf.stg_emergency_contacts", "model.raqib_sf.stg_lab_specimen_types", "model.raqib_sf.stg_providers"}
19:48:52.444320 [info ]: Started building task graph
19:48:52.444411 [info ]: Finished building task graph [  0.00s]
19:48:52.444573 [info ]: Started rendering (4 nodes)
19:48:52.444595 [info ]: Started model dbt_dev_staging.stg_providers
19:48:52.444615 [debug]: Started rendering model dbt_dev_staging.stg_providers
19:48:52.444650 [info ]: Started model dbt_dev_staging.stg_lab_specimen_types
19:48:52.444672 [debug]: Started rendering model dbt_dev_staging.stg_lab_specimen_types
19:48:52.444704 [info ]: Started model dbt_dev_staging.stg_emergency_contacts
19:48:52.444718 [info ]: Finished loading project [  0.43s]
19:48:52.444724 [debug]: Started rendering model dbt_dev_staging.stg_emergency_contacts
19:48:52.444751 [info ]: Started model dbt_dev_staging.stg_diagnosis
19:48:52.444772 [debug]: Started rendering model dbt_dev_staging.stg_diagnosis
19:48:52.447088 [debug]: Compiled SQL for node model.raqib_sf.stg_providers at target/.lsp/compiled/models/staging/stg_providers.sql
19:48:52.447115 [debug]: Compiled SQL for node model.raqib_sf.stg_emergency_contacts at target/.lsp/compiled/models/staging/stg_emergency_contacts.sql
19:48:52.447088 [debug]: Compiled SQL for node model.raqib_sf.stg_diagnosis at target/.lsp/compiled/models/staging/stg_diagnosis.sql
19:48:52.447088 [debug]: Compiled SQL for node model.raqib_sf.stg_lab_specimen_types at target/.lsp/compiled/models/staging/stg_lab_specimen_types.sql
19:48:52.447177 [debug]: Finished rendering [  0.00s] model dbt_dev_staging.stg_providers [success]
19:48:52.447224 [info ]: Started analyzing (4 nodes)
19:48:52.447240 [debug]: Started analyzing model dbt_dev_staging.stg_providers
19:48:52.447279 [debug]: Finished rendering [  0.00s] model dbt_dev_staging.stg_emergency_contacts [success]
19:48:52.447312 [debug]: Started analyzing model dbt_dev_staging.stg_emergency_contacts
19:48:52.447348 [debug]: Finished rendering [  0.00s] model dbt_dev_staging.stg_diagnosis [success]
19:48:52.447376 [debug]: Started analyzing model dbt_dev_staging.stg_diagnosis
19:48:52.447413 [debug]: Finished rendering [  0.00s] model dbt_dev_staging.stg_lab_specimen_types [success]
19:48:52.447428 [info ]: Finished rendering [  0.00s] (4 nodes, 0 skipped, 0 errors)
19:48:52.447452 [debug]: Started analyzing model dbt_dev_staging.stg_lab_specimen_types
19:48:52.447855 [info ]:  Succeeded [  0.00s] model dbt_dev_staging.stg_emergency_contacts (ephemeral)
19:48:52.447899 [debug]: Finished analyzing [  0.00s] model dbt_dev_staging.stg_emergency_contacts [success]
19:48:52.447932 [info ]:  Succeeded [  0.00s] model dbt_dev_staging.stg_lab_specimen_types (ephemeral)
19:48:52.447965 [debug]: Finished analyzing [  0.00s] model dbt_dev_staging.stg_lab_specimen_types [success]
19:48:52.452085 [info ]:  Succeeded [  0.01s] model dbt_dev_staging.stg_providers (ephemeral)
19:48:52.452123 [debug]: Finished analyzing [  0.00s] model dbt_dev_staging.stg_providers [success]
19:48:52.464857 [info ]:  Succeeded [  0.02s] model dbt_dev_staging.stg_diagnosis (ephemeral)
19:48:52.464905 [debug]: Finished analyzing [  0.02s] model dbt_dev_staging.stg_diagnosis [success]
19:48:52.464915 [info ]: Finished analyzing [  0.02s] (4 nodes, 0 skipped, 0 errors)
19:48:52.473129 [info ]: Started scheduling
19:48:52.473201 [info ]: Finished scheduling [  0.00s]
19:48:52.476573 [info ]: Cached model count updated: 5 models (accurate)
19:48:59.028175 [info ]: Started loading project
19:48:59.028602 [info ]: Loading profiles.yml
19:48:59.065255 [info ]: Cached model count updated: 6 models (estimate)
19:48:59.065283 [info ]: Cached model count updated: 5 models (accurate)
19:48:59.065331 [info ]: Started scheduling
19:48:59.065417 [info ]: Finished scheduling [  0.00s]
19:48:59.065437 [debug]: Compilation - 0 nodes selected: {}
19:48:59.065456 [warn ]: dbt1600: The selection criterion '+fqn:model.raqib_sf.stg_admissions' does not match any enabled nodes
19:48:59.065469 [warn ]: dbt1601: Nothing to do. Try checking your model configs and model specification args
19:48:59.466461 [info ]: Started building task graph
19:48:59.466496 [info ]: Finished building task graph [  0.00s]
19:48:59.473273 [info ]: Started scheduling
19:48:59.473333 [info ]: Finished scheduling [  0.00s]
19:48:59.473715 [info ]: Finished loading project [  0.45s]
19:48:59.474243 [info ]: Cached model count updated: 5 models (accurate)
19:49:00.621118 [info ]: Started loading project
19:49:00.621602 [info ]: Loading profiles.yml
19:49:00.659191 [info ]: Cached model count updated: 6 models (estimate)
19:49:00.659220 [info ]: Cached model count updated: 5 models (accurate)
19:49:00.659270 [info ]: Started scheduling
19:49:00.659372 [info ]: Finished scheduling [  0.00s]
19:49:00.659391 [debug]: Compilation - 0 nodes selected: {}
19:49:00.659411 [warn ]: dbt1600: The selection criterion '+fqn:model.raqib_sf.stg_admissions+' does not match any enabled nodes
19:49:00.659422 [warn ]: dbt1601: Nothing to do. Try checking your model configs and model specification args
19:49:01.076272 [info ]: Started building task graph
19:49:01.076306 [info ]: Finished building task graph [  0.00s]
19:49:01.085705 [info ]: Started scheduling
19:49:01.085773 [info ]: Finished scheduling [  0.00s]
19:49:01.086210 [info ]: Finished loading project [  0.47s]
19:49:01.089890 [info ]: Cached model count updated: 5 models (accurate)
19:49:02.252211 [info ]: Started loading project
19:49:02.252733 [info ]: Loading profiles.yml
19:49:02.289916 [info ]: Cached model count updated: 6 models (estimate)
19:49:02.289942 [info ]: Cached model count updated: 5 models (accurate)
19:49:02.289983 [info ]: Started scheduling
19:49:02.290139 [info ]: Finished scheduling [  0.00s]
19:49:02.290162 [debug]: Compilation - 4 nodes selected: {"model.raqib_sf.stg_diagnosis", "model.raqib_sf.stg_emergency_contacts", "model.raqib_sf.stg_lab_specimen_types", "model.raqib_sf.stg_providers"}
19:49:02.721973 [info ]: Started building task graph
19:49:02.722161 [info ]: Finished building task graph [  0.00s]
19:49:02.722364 [info ]: Started rendering (4 nodes)
19:49:02.722400 [info ]: Started model dbt_dev_staging.stg_providers
19:49:02.722427 [debug]: Started rendering model dbt_dev_staging.stg_providers
19:49:02.722461 [info ]: Started model dbt_dev_staging.stg_lab_specimen_types
19:49:02.722476 [debug]: Started rendering model dbt_dev_staging.stg_lab_specimen_types
19:49:02.722493 [info ]: Finished loading project [  0.47s]
19:49:02.722497 [info ]: Started model dbt_dev_staging.stg_emergency_contacts
19:49:02.722516 [debug]: Started rendering model dbt_dev_staging.stg_emergency_contacts
19:49:02.722548 [info ]: Started model dbt_dev_staging.stg_diagnosis
19:49:02.722571 [debug]: Started rendering model dbt_dev_staging.stg_diagnosis
19:49:02.722815 [debug]: Compiled SQL for node model.raqib_sf.stg_providers at target/.lsp/compiled/models/staging/stg_providers.sql
19:49:02.722847 [debug]: Compiled SQL for node model.raqib_sf.stg_lab_specimen_types at target/.lsp/compiled/models/staging/stg_lab_specimen_types.sql
19:49:02.722816 [debug]: Compiled SQL for node model.raqib_sf.stg_emergency_contacts at target/.lsp/compiled/models/staging/stg_emergency_contacts.sql
19:49:02.722899 [debug]: Finished rendering [  0.00s] model dbt_dev_staging.stg_providers [success]
19:49:02.722942 [info ]: Started analyzing (4 nodes)
19:49:02.722960 [debug]: Started analyzing model dbt_dev_staging.stg_providers
19:49:02.722980 [debug]: Compiled SQL for node model.raqib_sf.stg_diagnosis at target/.lsp/compiled/models/staging/stg_diagnosis.sql
19:49:02.722994 [debug]: Finished rendering [  0.00s] model dbt_dev_staging.stg_lab_specimen_types [success]
19:49:02.723022 [debug]: Started analyzing model dbt_dev_staging.stg_lab_specimen_types
19:49:02.723228 [debug]: Finished rendering [  0.00s] model dbt_dev_staging.stg_emergency_contacts [success]
19:49:02.723265 [debug]: Started analyzing model dbt_dev_staging.stg_emergency_contacts
19:49:02.723314 [debug]: Finished rendering [  0.00s] model dbt_dev_staging.stg_diagnosis [success]
19:49:02.723332 [info ]: Finished rendering [  0.00s] (4 nodes, 0 skipped, 0 errors)
19:49:02.723357 [debug]: Started analyzing model dbt_dev_staging.stg_diagnosis
19:49:02.723650 [info ]:  Succeeded [-------] model dbt_dev_staging.stg_lab_specimen_types (ephemeral)
19:49:02.723689 [debug]: Finished analyzing [  0.00s] model dbt_dev_staging.stg_lab_specimen_types [success]
19:49:02.723728 [info ]:  Succeeded [-------] model dbt_dev_staging.stg_emergency_contacts (ephemeral)
19:49:02.723759 [debug]: Finished analyzing [  0.00s] model dbt_dev_staging.stg_emergency_contacts [success]
19:49:02.726389 [info ]:  Succeeded [  0.00s] model dbt_dev_staging.stg_providers (ephemeral)
19:49:02.726420 [debug]: Finished analyzing [  0.00s] model dbt_dev_staging.stg_providers [success]
19:49:02.741952 [info ]:  Succeeded [  0.02s] model dbt_dev_staging.stg_diagnosis (ephemeral)
19:49:02.741994 [debug]: Finished analyzing [  0.02s] model dbt_dev_staging.stg_diagnosis [success]
19:49:02.742006 [info ]: Finished analyzing [  0.02s] (4 nodes, 0 skipped, 0 errors)
19:49:02.749804 [info ]: Started scheduling
19:49:02.749869 [info ]: Finished scheduling [  0.00s]
19:49:02.754798 [info ]: Cached model count updated: 5 models (accurate)
19:49:07.763994 [info ]: Started loading project
19:49:07.764569 [info ]: Loading profiles.yml
19:49:07.776809 [info ]: Started parsing
19:49:07.812359 [info ]: Finished loading project [  0.05s]
19:49:07.816976 [debug]: Finished parsing models/staging/stg_admissions.sql [  0.00s]
19:49:07.818164 [error]: dbt1048: Source 'raw.admissions' not found in project. Searched for 'admissions'
  --> models/staging/stg_admissions.sql:3:10
19:49:07.823568 [info ]: Cached model count updated: 6 models (estimate)
19:49:07.823589 [info ]: Cached model count updated: 5 models (accurate)
19:49:07.823636 [info ]: Started scheduling
19:49:07.823771 [info ]: Finished scheduling [  0.00s]
19:49:07.823798 [debug]: Compilation - 1 nodes selected: {"model.raqib_sf.stg_admissions"}
19:49:08.304756 [info ]: Started building task graph
19:49:08.304810 [info ]: Finished building task graph [  0.00s]
19:49:08.304949 [info ]: Started rendering (1 nodes)
19:49:08.304975 [info ]: Started model dbt_dev_staging.stg_admissions
19:49:08.304993 [debug]: Started rendering model dbt_dev_staging.stg_admissions
19:49:08.305093 [info ]: Finished parsing [  0.53s]
19:49:08.308330 [error]: dbt1501: Failed to render SQL not a key type: Source not found for source name: raw, table name: admissions
(in models/staging/stg_admissions.sql:3:10)
  --> models/staging/stg_admissions.sql:3:10
19:49:08.308745 [info ]: Started analyzing (1 nodes)
19:49:08.308762 [debug]: Started analyzing model dbt_dev_staging.stg_admissions
19:49:08.308786 [info ]:     Failed [  0.00s] model dbt_dev_staging.stg_admissions (ephemeral)
19:49:08.308815 [debug]: Finished analyzing [  0.00s] model dbt_dev_staging.stg_admissions [skipped]
19:49:08.308824 [info ]: Finished analyzing [  0.00s] (1 nodes, 1 skipped, 0 errors)
19:49:08.316586 [info ]: Started scheduling
19:49:08.316706 [info ]: Finished scheduling [  0.00s]
19:49:08.319655 [info ]: Cached model count updated: 5 models (accurate)
19:49:08.319709 [debug]: Finished rendering [  0.01s] model dbt_dev_staging.stg_admissions [error]
19:49:08.319732 [info ]: Finished rendering [  0.01s] (1 nodes, 0 skipped, 1 errors)
19:49:09.481547 [info ]: Started loading project
19:49:09.482013 [info ]: Loading profiles.yml
19:49:09.524740 [info ]: Cached model count updated: 6 models (estimate)
19:49:09.524764 [info ]: Cached model count updated: 5 models (accurate)
19:49:09.524810 [info ]: Started scheduling
19:49:09.524963 [info ]: Finished scheduling [  0.00s]
19:49:09.524994 [debug]: Compilation - 1 nodes selected: {"model.raqib_sf.stg_admissions"}
19:49:10.067823 [info ]: Started building task graph
19:49:10.067919 [info ]: Finished building task graph [  0.00s]
19:49:10.068071 [info ]: Started rendering (1 nodes)
19:49:10.068102 [info ]: Started model dbt_dev_staging.stg_admissions
19:49:10.068126 [debug]: Started rendering model dbt_dev_staging.stg_admissions
19:49:10.068209 [info ]: Finished loading project [  0.59s]
19:49:10.068987 [error]: dbt1501: Failed to render SQL not a key type: Source not found for source name: raw, table name: admissions
(in models/staging/stg_admissions.sql:3:10)
  --> models/staging/stg_admissions.sql:3:10
19:49:10.069040 [info ]: Started analyzing (1 nodes)
19:49:10.069059 [debug]: Started analyzing model dbt_dev_staging.stg_admissions
19:49:10.069090 [info ]:     Failed [-------] model dbt_dev_staging.stg_admissions (ephemeral)
19:49:10.069121 [debug]: Finished analyzing [  0.00s] model dbt_dev_staging.stg_admissions [skipped]
19:49:10.069135 [info ]: Finished analyzing [  0.00s] (1 nodes, 1 skipped, 0 errors)
19:49:10.075974 [info ]: Started scheduling
19:49:10.076036 [info ]: Finished scheduling [  0.00s]
19:49:10.080240 [info ]: Cached model count updated: 5 models (accurate)
19:49:10.080291 [debug]: Finished rendering [  0.01s] model dbt_dev_staging.stg_admissions [error]
19:49:10.080306 [info ]: Finished rendering [  0.01s] (1 nodes, 0 skipped, 1 errors)
19:49:11.231234 [info ]: Started loading project
19:49:11.231701 [info ]: Loading profiles.yml
19:49:11.265760 [info ]: Cached model count updated: 6 models (estimate)
19:49:11.265790 [info ]: Cached model count updated: 5 models (accurate)
19:49:11.265843 [info ]: Started scheduling
19:49:11.265985 [info ]: Finished scheduling [  0.00s]
19:49:11.266017 [debug]: Compilation - 5 nodes selected: {"model.raqib_sf.stg_admissions", "model.raqib_sf.stg_diagnosis", "model.raqib_sf.stg_emergency_contacts", "model.raqib_sf.stg_lab_specimen_types", "model.raqib_sf.stg_providers"}
19:49:11.622495 [info ]: Started building task graph
19:49:11.622625 [info ]: Finished building task graph [  0.00s]
19:49:11.622807 [info ]: Started rendering (5 nodes)
19:49:11.622841 [info ]: Started model dbt_dev_staging.stg_providers
19:49:11.622857 [debug]: Started rendering model dbt_dev_staging.stg_providers
19:49:11.622893 [info ]: Started model dbt_dev_staging.stg_lab_specimen_types
19:49:11.622909 [debug]: Started rendering model dbt_dev_staging.stg_lab_specimen_types
19:49:11.622930 [info ]: Finished loading project [  0.39s]
19:49:11.622942 [info ]: Started model dbt_dev_staging.stg_emergency_contacts
19:49:11.622961 [debug]: Started rendering model dbt_dev_staging.stg_emergency_contacts
19:49:11.622996 [info ]: Started model dbt_dev_staging.stg_diagnosis
19:49:11.623058 [debug]: Started rendering model dbt_dev_staging.stg_diagnosis
19:49:11.623136 [info ]: Started model dbt_dev_staging.stg_admissions
19:49:11.623179 [debug]: Started rendering model dbt_dev_staging.stg_admissions
19:49:11.623266 [debug]: Compiled SQL for node model.raqib_sf.stg_emergency_contacts at target/.lsp/compiled/models/staging/stg_emergency_contacts.sql
19:49:11.623271 [debug]: Compiled SQL for node model.raqib_sf.stg_providers at target/.lsp/compiled/models/staging/stg_providers.sql
19:49:11.623333 [debug]: Compiled SQL for node model.raqib_sf.stg_lab_specimen_types at target/.lsp/compiled/models/staging/stg_lab_specimen_types.sql
19:49:11.623374 [debug]: Finished rendering [  0.00s] model dbt_dev_staging.stg_emergency_contacts [success]
19:49:11.623417 [info ]: Started analyzing (5 nodes)
19:49:11.623430 [debug]: Started analyzing model dbt_dev_staging.stg_emergency_contacts
19:49:11.623462 [debug]: Finished rendering [  0.00s] model dbt_dev_staging.stg_providers [success]
19:49:11.623491 [debug]: Started analyzing model dbt_dev_staging.stg_providers
19:49:11.623489 [debug]: Compiled SQL for node model.raqib_sf.stg_diagnosis at target/.lsp/compiled/models/staging/stg_diagnosis.sql
19:49:11.623518 [debug]: Finished rendering [  0.00s] model dbt_dev_staging.stg_lab_specimen_types [success]
19:49:11.623546 [debug]: Started analyzing model dbt_dev_staging.stg_lab_specimen_types
19:49:11.623633 [debug]: Finished rendering [  0.00s] model dbt_dev_staging.stg_diagnosis [success]
19:49:11.623672 [debug]: Started analyzing model dbt_dev_staging.stg_diagnosis
19:49:11.624029 [info ]:  Succeeded [-------] model dbt_dev_staging.stg_emergency_contacts (ephemeral)
19:49:11.624083 [debug]: Finished analyzing [  0.00s] model dbt_dev_staging.stg_emergency_contacts [success]
19:49:11.624268 [info ]:  Succeeded [-------] model dbt_dev_staging.stg_lab_specimen_types (ephemeral)
19:49:11.624309 [debug]: Finished analyzing [  0.00s] model dbt_dev_staging.stg_lab_specimen_types [success]
19:49:11.626098 [error]: dbt1501: Failed to render SQL not a key type: Source not found for source name: raw, table name: admissions
(in models/staging/stg_admissions.sql:3:10)
  --> models/staging/stg_admissions.sql:3:10
19:49:11.626164 [debug]: Started analyzing model dbt_dev_staging.stg_admissions
19:49:11.626198 [info ]:     Failed [  0.00s] model dbt_dev_staging.stg_admissions (ephemeral)
19:49:11.626238 [debug]: Finished analyzing [  0.00s] model dbt_dev_staging.stg_admissions [skipped]
19:49:11.626294 [debug]: Finished rendering [  0.00s] model dbt_dev_staging.stg_admissions [error]
19:49:11.626314 [info ]: Finished rendering [  0.00s] (5 nodes, 0 skipped, 1 errors)
19:49:11.627468 [info ]:  Succeeded [  0.00s] model dbt_dev_staging.stg_providers (ephemeral)
19:49:11.627509 [debug]: Finished analyzing [  0.00s] model dbt_dev_staging.stg_providers [success]
19:49:11.640317 [info ]:  Succeeded [  0.02s] model dbt_dev_staging.stg_diagnosis (ephemeral)
19:49:11.640368 [debug]: Finished analyzing [  0.02s] model dbt_dev_staging.stg_diagnosis [success]
19:49:11.640379 [info ]: Finished analyzing [  0.02s] (5 nodes, 1 skipped, 0 errors)
19:49:11.647728 [info ]: Started scheduling
19:49:11.647791 [info ]: Finished scheduling [  0.00s]
19:49:11.652084 [info ]: Cached model count updated: 5 models (accurate)
19:49:14.940839 [info ]: Started loading project
19:49:14.941337 [info ]: Loading profiles.yml
19:49:14.946686 [info ]: Started parsing
19:49:14.978831 [info ]: Finished loading project [  0.04s]
19:49:14.983389 [debug]: Finished parsing models/staging/stg_admissions.sql [  0.00s]
19:49:14.984457 [error]: dbt1048: Source 'raw.admissions' not found in project. Searched for 'admissions'
  --> models/staging/stg_admissions.sql:3:10
19:49:14.987794 [info ]: Cached model count updated: 6 models (estimate)
19:49:14.987820 [info ]: Cached model count updated: 5 models (accurate)
19:49:14.987889 [info ]: Started scheduling
19:49:14.988017 [info ]: Finished scheduling [  0.00s]
19:49:14.988081 [debug]: Compilation - 1 nodes selected: {"model.raqib_sf.stg_admissions"}
19:49:15.355867 [info ]: Started building task graph
19:49:15.355925 [info ]: Finished building task graph [  0.00s]
19:49:15.356066 [info ]: Started rendering (1 nodes)
19:49:15.356145 [info ]: Started model dbt_dev_staging.stg_admissions
19:49:15.356171 [debug]: Started rendering model dbt_dev_staging.stg_admissions
19:49:15.356252 [info ]: Finished parsing [  0.41s]
19:49:15.357201 [error]: dbt1501: Failed to render SQL not a key type: Source not found for source name: raw, table name: admissions
(in models/staging/stg_admissions.sql:3:10)
  --> models/staging/stg_admissions.sql:3:10
19:49:15.357477 [info ]: Started analyzing (1 nodes)
19:49:15.357502 [debug]: Started analyzing model dbt_dev_staging.stg_admissions
19:49:15.357548 [info ]:     Failed [  0.00s] model dbt_dev_staging.stg_admissions (ephemeral)
19:49:15.357612 [debug]: Finished analyzing [  0.00s] model dbt_dev_staging.stg_admissions [skipped]
19:49:15.357630 [info ]: Finished analyzing [  0.00s] (1 nodes, 1 skipped, 0 errors)
19:49:15.364904 [info ]: Started scheduling
19:49:15.365006 [info ]: Finished scheduling [  0.00s]
19:49:15.367032 [info ]: Cached model count updated: 5 models (accurate)
19:49:15.367083 [debug]: Finished rendering [  0.01s] model dbt_dev_staging.stg_admissions [error]
19:49:15.367116 [info ]: Finished rendering [  0.01s] (1 nodes, 0 skipped, 1 errors)
19:49:16.532163 [info ]: Started loading project
19:49:16.532893 [info ]: Loading profiles.yml
19:49:16.568491 [info ]: Cached model count updated: 6 models (estimate)
19:49:16.568515 [info ]: Cached model count updated: 5 models (accurate)
19:49:16.568560 [info ]: Started scheduling
19:49:16.568657 [info ]: Finished scheduling [  0.00s]
19:49:16.568678 [debug]: Compilation - 1 nodes selected: {"model.raqib_sf.stg_admissions"}
19:49:16.943429 [info ]: Started building task graph
19:49:16.943494 [info ]: Finished building task graph [  0.00s]
19:49:16.943635 [info ]: Started rendering (1 nodes)
19:49:16.943668 [info ]: Started model dbt_dev_staging.stg_admissions
19:49:16.943684 [debug]: Started rendering model dbt_dev_staging.stg_admissions
19:49:16.943742 [info ]: Finished loading project [  0.41s]
19:49:16.944404 [error]: dbt1501: Failed to render SQL not a key type: Source not found for source name: raw, table name: admissions
(in models/staging/stg_admissions.sql:3:10)
  --> models/staging/stg_admissions.sql:3:10
19:49:16.944500 [info ]: Started analyzing (1 nodes)
19:49:16.944526 [debug]: Started analyzing model dbt_dev_staging.stg_admissions
19:49:16.944567 [info ]:     Failed [-------] model dbt_dev_staging.stg_admissions (ephemeral)
19:49:16.944639 [debug]: Finished analyzing [  0.00s] model dbt_dev_staging.stg_admissions [skipped]
19:49:16.944675 [info ]: Finished analyzing [  0.00s] (1 nodes, 1 skipped, 0 errors)
19:49:16.951189 [info ]: Started scheduling
19:49:16.951251 [info ]: Finished scheduling [  0.00s]
19:49:16.955317 [info ]: Cached model count updated: 5 models (accurate)
19:49:16.955377 [debug]: Finished rendering [  0.01s] model dbt_dev_staging.stg_admissions [error]
19:49:16.955394 [info ]: Finished rendering [  0.01s] (1 nodes, 0 skipped, 1 errors)
19:49:18.104626 [info ]: Started loading project
19:49:18.105173 [info ]: Loading profiles.yml
19:49:18.138723 [info ]: Cached model count updated: 6 models (estimate)
19:49:18.138755 [info ]: Cached model count updated: 5 models (accurate)
19:49:18.138798 [info ]: Started scheduling
19:49:18.138927 [info ]: Finished scheduling [  0.00s]
19:49:18.138948 [debug]: Compilation - 5 nodes selected: {"model.raqib_sf.stg_admissions", "model.raqib_sf.stg_diagnosis", "model.raqib_sf.stg_emergency_contacts", "model.raqib_sf.stg_lab_specimen_types", "model.raqib_sf.stg_providers"}
19:49:18.515573 [info ]: Started building task graph
19:49:18.515681 [info ]: Finished building task graph [  0.00s]
19:49:18.515859 [info ]: Started rendering (5 nodes)
19:49:18.515884 [info ]: Started model dbt_dev_staging.stg_providers
19:49:18.515903 [debug]: Started rendering model dbt_dev_staging.stg_providers
19:49:18.515939 [info ]: Started model dbt_dev_staging.stg_lab_specimen_types
19:49:18.515955 [debug]: Started rendering model dbt_dev_staging.stg_lab_specimen_types
19:49:18.515977 [info ]: Started model dbt_dev_staging.stg_emergency_contacts
19:49:18.515989 [debug]: Started rendering model dbt_dev_staging.stg_emergency_contacts
19:49:18.516006 [info ]: Finished loading project [  0.41s]
19:49:18.516017 [info ]: Started model dbt_dev_staging.stg_diagnosis
19:49:18.516040 [debug]: Started rendering model dbt_dev_staging.stg_diagnosis
19:49:18.516076 [info ]: Started model dbt_dev_staging.stg_admissions
19:49:18.516102 [debug]: Started rendering model dbt_dev_staging.stg_admissions
19:49:18.516554 [debug]: Compiled SQL for node model.raqib_sf.stg_lab_specimen_types at target/.lsp/compiled/models/staging/stg_lab_specimen_types.sql
19:49:18.516544 [debug]: Compiled SQL for node model.raqib_sf.stg_diagnosis at target/.lsp/compiled/models/staging/stg_diagnosis.sql
19:49:18.516730 [debug]: Finished rendering [  0.00s] model dbt_dev_staging.stg_lab_specimen_types [success]
19:49:18.516743 [debug]: Compiled SQL for node model.raqib_sf.stg_emergency_contacts at target/.lsp/compiled/models/staging/stg_emergency_contacts.sql
19:49:18.516791 [info ]: Started analyzing (5 nodes)
19:49:18.516804 [debug]: Compiled SQL for node model.raqib_sf.stg_providers at target/.lsp/compiled/models/staging/stg_providers.sql
19:49:18.516814 [debug]: Started analyzing model dbt_dev_staging.stg_lab_specimen_types
19:49:18.517112 [debug]: Finished rendering [  0.00s] model dbt_dev_staging.stg_emergency_contacts [success]
19:49:18.517160 [debug]: Started analyzing model dbt_dev_staging.stg_emergency_contacts
19:49:18.518032 [info ]:  Succeeded [  0.00s] model dbt_dev_staging.stg_emergency_contacts (ephemeral)
19:49:18.518144 [debug]: Finished analyzing [  0.00s] model dbt_dev_staging.stg_emergency_contacts [success]
19:49:18.518227 [debug]: Finished rendering [  0.00s] model dbt_dev_staging.stg_providers [success]
19:49:18.518263 [debug]: Started analyzing model dbt_dev_staging.stg_providers
19:49:18.518304 [debug]: Finished rendering [  0.00s] model dbt_dev_staging.stg_diagnosis [success]
19:49:18.518352 [debug]: Started analyzing model dbt_dev_staging.stg_diagnosis
19:49:18.518413 [error]: dbt1501: Failed to render SQL not a key type: Source not found for source name: raw, table name: admissions
(in models/staging/stg_admissions.sql:3:10)
  --> models/staging/stg_admissions.sql:3:10
19:49:18.518466 [debug]: Started analyzing model dbt_dev_staging.stg_admissions
19:49:18.518500 [info ]:     Failed [  0.00s] model dbt_dev_staging.stg_admissions (ephemeral)
19:49:18.518534 [debug]: Finished analyzing [  0.00s] model dbt_dev_staging.stg_admissions [skipped]
19:49:18.518568 [info ]:  Succeeded [  0.00s] model dbt_dev_staging.stg_lab_specimen_types (ephemeral)
19:49:18.518593 [debug]: Finished analyzing [  0.00s] model dbt_dev_staging.stg_lab_specimen_types [success]
19:49:18.518638 [debug]: Finished rendering [  0.00s] model dbt_dev_staging.stg_admissions [error]
19:49:18.518658 [info ]: Finished rendering [  0.00s] (5 nodes, 0 skipped, 1 errors)
19:49:18.521685 [info ]:  Succeeded [  0.01s] model dbt_dev_staging.stg_providers (ephemeral)
19:49:18.521723 [debug]: Finished analyzing [  0.00s] model dbt_dev_staging.stg_providers [success]
19:49:18.533404 [info ]:  Succeeded [  0.02s] model dbt_dev_staging.stg_diagnosis (ephemeral)
19:49:18.533453 [debug]: Finished analyzing [  0.02s] model dbt_dev_staging.stg_diagnosis [success]
19:49:18.533464 [info ]: Finished analyzing [  0.02s] (5 nodes, 1 skipped, 0 errors)
19:49:18.542534 [info ]: Started scheduling
19:49:18.542666 [info ]: Finished scheduling [  0.00s]
19:49:18.546093 [info ]: Cached model count updated: 5 models (accurate)
11:29:27.081053 [info ]: Loading profiles.yml
11:29:27.094264 [info ]: Started loading project
11:29:27.095528 [info ]: Loading profiles.yml
11:29:27.110693 [info ]: Started loading project
11:29:27.111845 [info ]: Loading profiles.yml
11:29:27.111952 [info ]: Finished loading project [  0.02s]
11:29:27.772536 [debug]:    Started loading packages
11:29:27.774191 [debug]:     Loaded [  0.00s] packages
11:29:27.775878 [info ]: Started parsing
11:29:27.846522 [info ]: Finished loading project [  0.74s]
11:29:27.848911 [debug]: Finished parsing models/schema.yml [  0.00s]
11:29:27.849910 [debug]: Finished parsing models/sources.yml [  0.00s]
11:29:27.853914 [debug]: Finished parsing models/intermediate/int_admissions.sql [  0.00s]
11:29:27.854787 [debug]: Finished parsing models/intermediate/int_providers.sql [  0.00s]
11:29:27.855610 [debug]: Finished parsing models/staging/stg_admissions.sql [  0.00s]
11:29:27.856363 [debug]: Finished parsing models/staging/stg_diagnosis.sql [  0.00s]
11:29:27.857213 [debug]: Finished parsing models/staging/stg_emergency_contacts.sql [  0.00s]
11:29:27.857981 [debug]: Finished parsing models/staging/stg_lab_events.sql [  0.00s]
11:29:27.858845 [debug]: Finished parsing models/staging/stg_lab_specimen_types.sql [  0.00s]
11:29:27.867794 [debug]: Finished parsing models/staging/stg_providers.sql [  0.01s]
11:29:27.870340 [info ]: Finished parsing [  0.09s]
11:29:27.870671 [info ]: Cached model count updated: 8 models (estimate)
11:29:27.870688 [info ]: Cached model count updated: 8 models (accurate)
11:29:27.870772 [info ]: Started scheduling
11:29:27.870869 [info ]: Finished scheduling [  0.00s]
11:29:27.870924 [debug]: Compilation - 0 nodes selected: {}
11:29:27.870947 [warn ]: dbt1600: The selection criterion '' does not match any enabled nodes
11:29:27.870961 [warn ]: dbt1601: Nothing to do. Try checking your model configs and model specification args
11:29:27.870971 [info ]: Started scheduling
11:29:27.871132 [info ]: Finished scheduling [  0.00s]
11:29:27.871400 [debug]: Initializing schema store with entry: Frontier(CanonicalFqn { catalog: "RAW", schema: "PUBLIC", table: "EMERGENCY_CONTACTS" }) and interval: None
11:29:27.871439 [debug]: Initializing schema store with entry: Frontier(CanonicalFqn { catalog: "RAW", schema: "PUBLIC", table: "LAB_EVENTS" }) and interval: None
11:29:27.871451 [debug]: Initializing schema store with entry: Frontier(CanonicalFqn { catalog: "RAW", schema: "PUBLIC", table: "PROVIDERS" }) and interval: None
11:29:27.871466 [debug]: Initializing schema store with entry: Frontier(CanonicalFqn { catalog: "RAW", schema: "PUBLIC", table: "DIAGNOSIS" }) and interval: None
11:29:27.871476 [debug]: Initializing schema store with entry: Frontier(CanonicalFqn { catalog: "RAW", schema: "PUBLIC", table: "ADMISSIONS" }) and interval: None
11:29:27.871487 [debug]: Initializing schema store with entry: Frontier(CanonicalFqn { catalog: "RAW", schema: "PUBLIC", table: "LAB_SPECIMEN_TYPES" }) and interval: None
11:29:28.270254 [info ]: Started building task graph
11:29:28.270311 [info ]: Finished building task graph [  0.00s]
11:29:28.280097 [info ]: Started scheduling
11:29:28.280179 [info ]: Finished scheduling [  0.00s]
11:29:28.288261 [info ]: Cached model count updated: 8 models (accurate)
11:29:29.416783 [info ]: Started loading project
11:29:29.417238 [info ]: Loading profiles.yml
11:29:29.456754 [info ]: Cached model count updated: 8 models (estimate)
11:29:29.456785 [info ]: Cached model count updated: 8 models (accurate)
11:29:29.456863 [info ]: Started scheduling
11:29:29.457069 [info ]: Finished scheduling [  0.00s]
11:29:29.457100 [debug]: Compilation - 8 nodes selected: {"model.raqib_sf.int_admissions", "model.raqib_sf.int_providers", "model.raqib_sf.stg_admissions", "model.raqib_sf.stg_diagnosis", "model.raqib_sf.stg_emergency_contacts", "model.raqib_sf.stg_lab_events", "model.raqib_sf.stg_lab_specimen_types", "model.raqib_sf.stg_providers"}
11:29:29.849090 [info ]: Started building task graph
11:29:29.851208 [info ]: Finished building task graph [  0.00s]
11:29:29.851453 [info ]: Started rendering (8 nodes)
11:29:29.851508 [info ]: Started model dbt_dev_staging.stg_lab_specimen_types
11:29:29.851565 [debug]: Started rendering model dbt_dev_staging.stg_lab_specimen_types
11:29:29.851603 [info ]: Started model dbt_dev_staging.stg_lab_events
11:29:29.851620 [debug]: Started rendering model dbt_dev_staging.stg_lab_events
11:29:29.851639 [info ]: Started model dbt_dev_staging.stg_emergency_contacts
11:29:29.851647 [info ]: Finished loading project [  0.43s]
11:29:29.851666 [debug]: Started rendering model dbt_dev_staging.stg_emergency_contacts
11:29:29.851698 [info ]: Started model dbt_dev_staging.stg_diagnosis
11:29:29.851735 [debug]: Started rendering model dbt_dev_staging.stg_diagnosis
11:29:29.851763 [info ]: Started model dbt_dev_intermediate.int_providers
11:29:29.851780 [debug]: Started rendering model dbt_dev_intermediate.int_providers
11:29:29.851804 [info ]: Started model dbt_dev_staging.stg_providers
11:29:29.851822 [debug]: Started rendering model dbt_dev_staging.stg_providers
11:29:29.851861 [info ]: Started model dbt_dev_intermediate.int_admissions
11:29:29.851878 [debug]: Started rendering model dbt_dev_intermediate.int_admissions
11:29:29.851906 [info ]: Started model dbt_dev_staging.stg_admissions
11:29:29.851930 [debug]: Started rendering model dbt_dev_staging.stg_admissions
11:29:29.854785 [debug]: Compiled SQL for node model.raqib_sf.stg_lab_specimen_types at target/.lsp/compiled/models/staging/stg_lab_specimen_types.sql
11:29:29.855014 [debug]: Compiled SQL for node model.raqib_sf.stg_emergency_contacts at target/.lsp/compiled/models/staging/stg_emergency_contacts.sql
11:29:29.855053 [debug]: Compiled SQL for node model.raqib_sf.stg_diagnosis at target/.lsp/compiled/models/staging/stg_diagnosis.sql
11:29:29.855060 [debug]: Compiled SQL for node model.raqib_sf.stg_providers at target/.lsp/compiled/models/staging/stg_providers.sql
11:29:29.855189 [debug]: Finished rendering [  0.00s] model dbt_dev_staging.stg_lab_specimen_types [success]
11:29:29.855389 [debug]: Compiled SQL for node model.raqib_sf.stg_admissions at target/.lsp/compiled/models/staging/stg_admissions.sql
11:29:29.855421 [debug]: Compiled SQL for node model.raqib_sf.int_providers at target/.lsp/compiled/models/intermediate/int_providers.sql
11:29:29.855487 [info ]: Started analyzing (8 nodes)
11:29:29.855510 [debug]: Started analyzing model dbt_dev_staging.stg_lab_specimen_types
11:29:29.855562 [debug]: Compiled SQL for node model.raqib_sf.stg_lab_events at target/.lsp/compiled/models/staging/stg_lab_events.sql
11:29:29.855587 [debug]: Finished rendering [  0.00s] model dbt_dev_staging.stg_diagnosis [success]
11:29:29.855634 [debug]: Started analyzing model dbt_dev_staging.stg_diagnosis
11:29:29.855629 [debug]: Compiled SQL for node model.raqib_sf.int_admissions at target/.lsp/compiled/models/intermediate/int_admissions.sql
11:29:29.855689 [debug]: Finished rendering [  0.00s] model dbt_dev_staging.stg_providers [success]
11:29:29.855730 [debug]: Started analyzing model dbt_dev_staging.stg_providers
11:29:29.855784 [debug]: Finished rendering [  0.00s] model dbt_dev_staging.stg_emergency_contacts [success]
11:29:29.855827 [debug]: Started analyzing model dbt_dev_staging.stg_emergency_contacts
11:29:29.855873 [debug]: Finished rendering [  0.00s] model dbt_dev_intermediate.int_providers [success]
11:29:29.855908 [debug]: Started analyzing model dbt_dev_intermediate.int_providers
11:29:29.855956 [debug]: Finished rendering [  0.00s] model dbt_dev_staging.stg_admissions [success]
11:29:29.855996 [debug]: Started analyzing model dbt_dev_staging.stg_admissions
11:29:29.856065 [debug]: Finished rendering [  0.00s] model dbt_dev_staging.stg_lab_events [success]
11:29:29.856099 [debug]: Started analyzing model dbt_dev_staging.stg_lab_events
11:29:29.856285 [debug]: Finished rendering [  0.00s] model dbt_dev_intermediate.int_admissions [success]
11:29:29.856310 [info ]: Finished rendering [  0.00s] (8 nodes, 0 skipped, 0 errors)
11:29:29.856352 [debug]: Started analyzing model dbt_dev_intermediate.int_admissions
11:29:29.857834 [info ]:  Succeeded [  0.01s] model dbt_dev_staging.stg_lab_specimen_types (view)
11:29:29.857925 [debug]: Finished analyzing [  0.00s] model dbt_dev_staging.stg_lab_specimen_types [success]
11:29:29.857970 [info ]:  Succeeded [  0.01s] model dbt_dev_staging.stg_emergency_contacts (view)
11:29:29.858014 [debug]: Finished analyzing [  0.00s] model dbt_dev_staging.stg_emergency_contacts [success]
11:29:29.864105 [info ]:  Succeeded [  0.01s] model dbt_dev_staging.stg_providers (view)
11:29:29.864174 [debug]: Finished analyzing [  0.01s] model dbt_dev_staging.stg_providers [success]
11:29:29.864218 [info ]:  Succeeded [  0.01s] model dbt_dev_intermediate.int_providers (view)
11:29:29.864254 [debug]: Finished analyzing [  0.01s] model dbt_dev_intermediate.int_providers [success]
11:29:29.869005 [info ]:  Succeeded [  0.02s] model dbt_dev_intermediate.int_admissions (view)
11:29:29.869042 [debug]: Finished analyzing [  0.01s] model dbt_dev_intermediate.int_admissions [success]
11:29:29.876130 [info ]:  Succeeded [  0.02s] model dbt_dev_staging.stg_lab_events (view)
11:29:29.876168 [debug]: Finished analyzing [  0.02s] model dbt_dev_staging.stg_lab_events [success]
11:29:29.880177 [info ]:  Succeeded [  0.03s] model dbt_dev_staging.stg_diagnosis (view)
11:29:29.880220 [debug]: Finished analyzing [  0.02s] model dbt_dev_staging.stg_diagnosis [success]
11:29:29.882711 [info ]:  Succeeded [  0.03s] model dbt_dev_staging.stg_admissions (view)
11:29:29.882756 [debug]: Finished analyzing [  0.03s] model dbt_dev_staging.stg_admissions [success]
11:29:29.882767 [info ]: Finished analyzing [  0.03s] (8 nodes, 0 skipped, 0 errors)
11:29:29.890441 [info ]: Started scheduling
11:29:29.890512 [info ]: Finished scheduling [  0.00s]
11:29:29.894429 [info ]: Cached model count updated: 8 models (accurate)
13:24:15.859635 [info ]: Started loading project
13:24:15.859930 [info ]: Finished loading project [  0.00s]
13:24:15.861133 [info ]: Cached model count updated: 8 models (accurate)
13:24:16.998434 [info ]: Started loading project
13:24:16.998483 [info ]: Finished loading project [  0.00s]
13:24:16.998616 [info ]: Cached model count updated: 8 models (accurate)
